Arquivo_HTML;Jogo;URL_no_HTML;Tamanho;Status_no_Romsrepository;Detalhes_Correspondencia
ps2.html;HOT WHEELS COLLECTION.iso;https://archive.org/download/hot-wheels-collection/HOT%20WHEELS%20COLLECTION.iso;2GB;AUSENTE_TOTAL;Jogo não existe no romsrepository
ps2_br.html;Guitar Hero Brazucas;https://drive.google.com/file/d/163KWfIhvFWrRpOCYpz6nhLxR9zl7aesU/view?usp=share_link;;AUSENTE_TOTAL;Jogo não existe no romsrepository
ps2_br.html;Guitar Hero Brazucas 2;https://drive.google.com/file/d/1PyC3OYZzfC6AVCaMODTE4dm9I0s2X1kd/view?usp=share_link;;AUSENTE_TOTAL;Jogo não existe no romsrepository
ps2_br.html;BOMBA PATCH 2023 PS2 COPA DO MUNDO;https://drive.google.com/file/d/1pDHMxZkOgw_9Z-jT1gdMFGfIjsbShCIN/view?usp=share_link;;JOGO_EXISTE_OUTRO_LINK;Existe no banco (rom_id 399697, source 4): https://huggingface.co/datasets/luisluis123/ps2mod/resolve/main/BOMBA%20PATCH%202023%20PS2%20COPA%20DO%20MUNDO.iso
ps2_br.html;Grand Theft Auto - San Andreas (BR);https://drive.google.com/file/d/1BkWs1cfSk9oa8vVWwaAwGE8R1FflqI10/view?usp=share_link;;JOGO_EXISTE_OUTRO_LINK;Existe no banco (rom_id 376444, source 1): https://huggingface.co/datasets/luisluis123/ps2chd/resolve/main/Grand Theft Auto - San Andreas (USA) (v1.03).chd
ps2_br.html;Devil May Cry 3 - Dante's Awakening (Special Edition) (Dublado PT-BR);https://huggingface.co/datasets/luistiagos/ps2/resolve/main/SLES_541.86.Devil%20May%20Cry%203%20-%20Dante%27s%20Awakening%20%28Special%20Edition%29%20%28DUB-LEG-PT-BR%29.iso;;JOGO_EXISTE_OUTRO_LINK;Existe no banco (rom_id 376156, source 1): https://huggingface.co/datasets/luisluis123/ps2chd/resolve/main/Devil May Cry 3 - Dante's Awakening (USA) (En,Ja) (Special Edition).chd
ps2_br.html;Os Cavaleiros do Zodíaco (Saint Seiya) 2 em 1 (Dub. e Leg. PT-BR);https://huggingface.co/datasets/luistiagos/ps2/resolve/main/Cavaleiros%20do%20Zodiaco%202%20em%201%20%28PS2%29.iso;;JOGO_EXISTE_OUTRO_LINK;Existe no banco (rom_id 399714, source 4): https://huggingface.co/datasets/luisluis123/ps2mod/resolve/main/Cavaleiros%20do%20Zodiaco%202%20em%201%20%28PS2%29.iso
ps2_br.html;Black (Legendado PT-BR);https://huggingface.co/datasets/luistiagos/ps2/resolve/main/Black%20com%20tradu%C3%A7%C3%A3o%20PT-BR%20ISO%20PS2.iso;;JOGO_EXISTE_OUTRO_LINK;Existe no banco (rom_id 399813, source 4): https://huggingface.co/luisluis123/ps2mod/resolve/main/Black%2520com%2520tradu%25C3%25A7%25C3%25A3o%2520PT-BR%2520ISO%2520PS2.iso
ps2_br.html;Os Incríveis Disney Pixar Dublado;https://archive.org/download/os-incriveis-disney-pixar-dublado/SLUS_209.05.Disney-Pixar%20Os%20Incr%C3%ADveis.iso;;JOGO_EXISTE_OUTRO_LINK;Existe no banco (rom_id 399180, source 4): https://huggingface.co/luisluis123/ps2mod/resolve/main/SLUS_209.05.Disney-Pixar%20Os%20Incr%C3%ADveis.iso
ps2_br.html;Max Payne (BR);https://huggingface.co/datasets/luistiagos/ps2/resolve/main/Max%20Payne%20(BR).iso;;JOGO_EXISTE_OUTRO_LINK;Existe no banco (rom_id 376762, source 1): https://huggingface.co/datasets/luisluis123/ps2chd/resolve/main/Max Payne (USA).chd
ps2_br.html;Airborne Troops - Countdown to D-Day (PT-BR);https://huggingface.co/datasets/luistiagos/ps2/resolve/main/Airborne%20Troops%20-%20Countdown%20to%20D-Day%20(PT-BR).iso;;JOGO_EXISTE_OUTRO_LINK;Existe no banco (rom_id 375867, source 1): https://huggingface.co/datasets/luisluis123/ps2chd/resolve/main/Airborne Troops - Countdown to D-Day (USA).chd
ps2_br.html;Black PT-BR MOD TRAINNER;https://huggingface.co/datasets/luistiagos/ps2/resolve/main/Black%20PT-BR%20MOD%20TRAINNER%20ISO%20PS2.Iso;;JOGO_EXISTE_OUTRO_LINK;Existe no banco (rom_id 399814, source 4): https://huggingface.co/luisluis123/ps2mod/resolve/main/Black%2520PT-BR%2520MOD%2520TRAINNER%2520ISO%2520PS2.Iso
ps2_br.html;Black com tradução PT-BR;https://huggingface.co/datasets/luistiagos/ps2/resolve/main/Black%20com%20tradu%C3%A7%C3%A3o%20PT-BR%20ISO%20PS2.iso;;JOGO_EXISTE_OUTRO_LINK;Existe no banco (rom_id 399813, source 4): https://huggingface.co/luisluis123/ps2mod/resolve/main/Black%2520com%2520tradu%25C3%25A7%25C3%25A3o%2520PT-BR%2520ISO%2520PS2.iso
ps2_br.html;Colin McRae Rally 2005 Traduzido PT-BR;https://huggingface.co/datasets/luistiagos/ps2/resolve/main/Colin%20McRae%20Rally%202005%20Traduzido%20PT-BR%20ISO%20PS2.iso;;JOGO_EXISTE_OUTRO_LINK;Existe no banco (rom_id 399815, source 4): https://huggingface.co/luisluis123/ps2mod/resolve/main/Colin%2520McRae%2520Rally%25202005%2520Traduzido%2520PT-BR%2520ISO%2520PS2.iso
ps2_br.html;Corrida Maluca (Wacky Races) Traduzido PT-BR;https://huggingface.co/datasets/luistiagos/ps2/resolve/main/Corrida%20Maluca%20(Wacky%20Races)%20Traduzido%20PT-BR%20ISO%20PS2.iso;;JOGO_EXISTE_OUTRO_LINK;Existe no banco (rom_id 399816, source 4): https://huggingface.co/luisluis123/ps2mod/resolve/main/Corrida%2520Maluca%2520%2528Wacky%2520Races%2529%2520Traduzido%2520PT-BR%2520ISO%2520PS2.iso
ps2_br.html;Justice League Heroes Dublado PT-BR;https://huggingface.co/datasets/luistiagos/ps2/resolve/main/Justice%20League%20Heroes%20Dublado%20PT-BR%20ISO%20PS2.iso;;JOGO_EXISTE_OUTRO_LINK;Existe no banco (rom_id 399826, source 4): https://huggingface.co/luisluis123/ps2mod/resolve/main/Justice%2520League%2520Heroes%2520Dublado%2520PT-BR%2520ISO%2520PS2.iso
ps2_br.html;LEGO Indiana Jones PT-BR;https://huggingface.co/datasets/luistiagos/ps2/resolve/main/LEGO%2BIndiana%2BJones%2BPT-BR.iso;;JOGO_EXISTE_OUTRO_LINK;Existe no banco (rom_id 399759, source 4): https://huggingface.co/datasets/luisluis123/ps2mod/resolve/main/LEGO%20Indiana%20Jones%20PT-BR.iso
ps2_br.html;Resident Evil 4 Dublado PT-BR;https://huggingface.co/datasets/luistiagos/ps2/resolve/main/Resident%20Evil%204%20Dublado%20PT-BR%20ISO%20PS2.iso;;JOGO_EXISTE_OUTRO_LINK;Existe no banco (rom_id 399830, source 4): https://huggingface.co/luisluis123/ps2mod/resolve/main/Resident%2520Evil%25204%2520Dublado%2520PT-BR%2520ISO%2520PS2.iso
ps2_br.html;Dragon Ball Z TKC4 BETA 8 Dublado PT-BR;https://huggingface.co/datasets/luistiagos/ps2/resolve/main/SLUS_216.78.DBZ%2BTKC4%2BBETA%2B8%2BDublado%2BPT-BR.iso;;JOGO_EXISTE_OUTRO_LINK;Existe no banco (rom_id 399835, source 4): https://huggingface.co/luisluis123/ps2mod/resolve/main/SLUS_216.78.DBZ%252BTKC4%252BBETA%252B8%252BDublado%252BPT-BR.iso
ps2_br.html;Silent Hill 3 Dublado PT-BR (v1);https://huggingface.co/datasets/luistiagos/ps2/resolve/main/Silent%20Hill%203%20Dublado%20PT-BR%20ISO%20PS2%20(1).ISO;;JOGO_EXISTE_OUTRO_LINK;Existe no banco (rom_id 399832, source 4): https://huggingface.co/luisluis123/ps2mod/resolve/main/Silent%2520Hill%25203%2520Dublado%2520PT-BR%2520ISO%2520PS2%2520%25281%2529.ISO
ps2_br.html;Silent Hill Origins PT-BR;https://huggingface.co/datasets/luistiagos/ps2/resolve/main/Silent%20Hill%20Origins%20PT-BR%20ISO%20PS2.iso;;JOGO_EXISTE_OUTRO_LINK;Existe no banco (rom_id 399834, source 4): https://huggingface.co/luisluis123/ps2mod/resolve/main/Silent%2520Hill%2520Origins%2520PT-BR%2520ISO%2520PS2.iso
ps2_br.html;Terminator 3 - The Redemption PT-BR;https://huggingface.co/datasets/luistiagos/ps2/resolve/main/Terminator%2B3%2BThe%2BRedemption%2BPT-BR.iso;;JOGO_EXISTE_OUTRO_LINK;Existe no banco (rom_id 399810, source 4): https://huggingface.co/datasets/luisluis123/ps2mod/resolve/main/Terminator%203%20The%20Redemption%20PT-BR.iso
ps2_br.html;Urban Reign PT-BR;https://huggingface.co/datasets/luistiagos/ps2/resolve/main/Urban%20Reign%20PT-BR%20ISO%20PS2.iso;;JOGO_EXISTE_OUTRO_LINK;Existe no banco (rom_id 399837, source 4): https://huggingface.co/luisluis123/ps2mod/resolve/main/Urban%2520Reign%2520PT-BR%2520ISO%2520PS2.iso
ps2_chd.html;AC-DC Live - Rock Band Track Pack (USA).chd;https://archive.org/download/ps2-redump-usa-chd-part-A/AC-DC Live - Rock Band Track Pack (USA).chd;2.96 GB;JOGO_EXISTE_OUTRO_LINK;Existe no banco (rom_id 375844, source 1): https://huggingface.co/datasets/luisluis123/ps2chd/resolve/main/AC-DC Live - Rock Band Track Pack (USA).chd
ps2_chd.html;AMF Xtreme Bowling (USA).chd;https://archive.org/download/ps2-redump-usa-chd-part-A/AMF Xtreme Bowling (USA).chd;346.73 MB;JOGO_EXISTE_OUTRO_LINK;Existe no banco (rom_id 375845, source 1): https://huggingface.co/datasets/luisluis123/ps2chd/resolve/main/AMF Xtreme Bowling (USA).chd
ps2_chd.html;AND 1 Streetball (USA) (En,Fr,Es) (v2.00).chd;https://archive.org/download/ps2-redump-usa-chd-part-A/AND 1 Streetball (USA) (En,Fr,Es) (v2.00).chd;3.32 GB;JOGO_EXISTE_OUTRO_LINK;Existe no banco (rom_id 375846, source 1): https://huggingface.co/datasets/luisluis123/ps2chd/resolve/main/AND 1 Streetball (USA) (En,Fr,Es) (v2.00).chd
ps2_chd.html;AND 1 Streetball (USA) (v1.03).chd;https://archive.org/download/ps2-redump-usa-chd-part-A/AND 1 Streetball (USA) (v1.03).chd;3.32 GB;JOGO_EXISTE_OUTRO_LINK;Existe no banco (rom_id 375846, source 1): https://huggingface.co/datasets/luisluis123/ps2chd/resolve/main/AND 1 Streetball (USA) (En,Fr,Es) (v2.00).chd
ps2_chd.html;ATV - Quad Power Racing 2 (USA).chd;https://archive.org/download/ps2-redump-usa-chd-part-A/ATV - Quad Power Racing 2 (USA).chd;1.14 GB;JOGO_EXISTE_OUTRO_LINK;Existe no banco (rom_id 375848, source 1): https://huggingface.co/datasets/luisluis123/ps2chd/resolve/main/ATV - Quad Power Racing 2 (USA).chd
ps2_chd.html;ATV Offroad Fury (USA) (v1.00).chd;https://archive.org/download/ps2-redump-usa-chd-part-A/ATV Offroad Fury (USA) (v1.00).chd;709.87 MB;JOGO_EXISTE_OUTRO_LINK;Existe no banco (rom_id 375849, source 1): https://huggingface.co/datasets/luisluis123/ps2chd/resolve/main/ATV Offroad Fury (USA) (v1.00).chd
ps2_chd.html;ATV Offroad Fury (USA) (v3.01).chd;https://archive.org/download/ps2-redump-usa-chd-part-A/ATV Offroad Fury (USA) (v3.01).chd;710.15 MB;JOGO_EXISTE_OUTRO_LINK;Existe no banco (rom_id 375849, source 1): https://huggingface.co/datasets/luisluis123/ps2chd/resolve/main/ATV Offroad Fury (USA) (v1.00).chd
ps2_chd.html;ATV Offroad Fury 2 (USA) (v1.00).chd;https://archive.org/download/ps2-redump-usa-chd-part-A/ATV Offroad Fury 2 (USA) (v1.00).chd;1.09 GB;JOGO_EXISTE_OUTRO_LINK;Existe no banco (rom_id 375851, source 1): https://huggingface.co/datasets/luisluis123/ps2chd/resolve/main/ATV Offroad Fury 2 (USA) (v1.00).chd
ps2_chd.html;ATV Offroad Fury 2 (USA) (v2.00).chd;https://archive.org/download/ps2-redump-usa-chd-part-A/ATV Offroad Fury 2 (USA) (v2.00).chd;1.09 GB;JOGO_EXISTE_OUTRO_LINK;Existe no banco (rom_id 375851, source 1): https://huggingface.co/datasets/luisluis123/ps2chd/resolve/main/ATV Offroad Fury 2 (USA) (v1.00).chd
ps2_chd.html;ATV Offroad Fury 3 (USA).chd;https://archive.org/download/ps2-redump-usa-chd-part-A/ATV Offroad Fury 3 (USA).chd;1.83 GB;JOGO_EXISTE_OUTRO_LINK;Existe no banco (rom_id 375853, source 1): https://huggingface.co/datasets/luisluis123/ps2chd/resolve/main/ATV Offroad Fury 3 (USA).chd
ps2_chd.html;ATV Offroad Fury 4 (USA).chd;https://archive.org/download/ps2-redump-usa-chd-part-A/ATV Offroad Fury 4 (USA).chd;4.67 GB;JOGO_EXISTE_OUTRO_LINK;Existe no banco (rom_id 375854, source 1): https://huggingface.co/datasets/luisluis123/ps2chd/resolve/main/ATV Offroad Fury 4 (USA).chd
ps2_chd.html;Ace Combat 04 - Shattered Skies (USA).chd;https://archive.org/download/ps2-redump-usa-chd-part-A/Ace Combat 04 - Shattered Skies (USA).chd;2.54 GB;JOGO_EXISTE_OUTRO_LINK;Existe no banco (rom_id 375855, source 1): https://huggingface.co/datasets/luisluis123/ps2chd/resolve/main/Ace Combat 04 - Shattered Skies (USA).chd
ps2_chd.html;Ace Combat 5 - The Unsung War (USA) (En,Ja).chd;https://archive.org/download/ps2-redump-usa-chd-part-A/Ace Combat 5 - The Unsung War (USA) (En,Ja).chd;3.41 GB;JOGO_EXISTE_OUTRO_LINK;Existe no banco (rom_id 375856, source 1): https://huggingface.co/datasets/luisluis123/ps2chd/resolve/main/Ace Combat 5 - The Unsung War (USA) (En,Ja).chd
ps2_chd.html;Ace Combat Zero - The Belkan War (USA).chd;https://archive.org/download/ps2-redump-usa-chd-part-A/Ace Combat Zero - The Belkan War (USA).chd;2.90 GB;JOGO_EXISTE_OUTRO_LINK;Existe no banco (rom_id 375857, source 1): https://huggingface.co/datasets/luisluis123/ps2chd/resolve/main/Ace Combat Zero - The Belkan War (USA).chd
ps2_chd.html;Activision Anthology (USA).chd;https://archive.org/download/ps2-redump-usa-chd-part-A/Activision Anthology (USA).chd;1.23 GB;JOGO_EXISTE_OUTRO_LINK;Existe no banco (rom_id 375858, source 1): https://huggingface.co/datasets/luisluis123/ps2chd/resolve/main/Activision Anthology (USA).chd
ps2_chd.html;Adventures of Cookie & Cream, The (USA).chd;https://archive.org/download/ps2-redump-usa-chd-part-A/Adventures of Cookie & Cream, The (USA).chd;539.89 MB;JOGO_EXISTE_OUTRO_LINK;Existe no banco (rom_id 375859, source 1): https://huggingface.co/datasets/luisluis123/ps2chd/resolve/main/Adventures of Cookie & Cream, The (USA).chd
ps2_chd.html;Adventures of Darwin, The (USA).chd;https://archive.org/download/ps2-redump-usa-chd-part-A/Adventures of Darwin, The (USA).chd;71.22 MB;JOGO_EXISTE_OUTRO_LINK;Existe no banco (rom_id 375860, source 1): https://huggingface.co/datasets/luisluis123/ps2chd/resolve/main/Adventures of Darwin, The (USA).chd
ps2_chd.html;Aeon Flux (USA).chd;https://archive.org/download/ps2-redump-usa-chd-part-A/Aeon Flux (USA).chd;1.74 GB;JOGO_EXISTE_OUTRO_LINK;Existe no banco (rom_id 375861, source 1): https://huggingface.co/datasets/luisluis123/ps2chd/resolve/main/Aeon Flux (USA).chd
ps2_chd.html;Aero Elite - Combat Academy (USA).chd;https://archive.org/download/ps2-redump-usa-chd-part-A/Aero Elite - Combat Academy (USA).chd;1.26 GB;JOGO_EXISTE_OUTRO_LINK;Existe no banco (rom_id 375862, source 1): https://huggingface.co/datasets/luisluis123/ps2chd/resolve/main/Aero Elite - Combat Academy (USA).chd
ps2_chd.html;Agassi Tennis Generation (USA).chd;https://archive.org/download/ps2-redump-usa-chd-part-A/Agassi Tennis Generation (USA).chd;173.78 MB;JOGO_EXISTE_OUTRO_LINK;Existe no banco (rom_id 375863, source 1): https://huggingface.co/datasets/luisluis123/ps2chd/resolve/main/Agassi Tennis Generation (USA).chd
ps2_chd.html;Aggressive Inline (USA).chd;https://archive.org/download/ps2-redump-usa-chd-part-A/Aggressive Inline (USA).chd;775.95 MB;JOGO_EXISTE_OUTRO_LINK;Existe no banco (rom_id 375864, source 1): https://huggingface.co/datasets/luisluis123/ps2chd/resolve/main/Aggressive Inline (USA).chd
ps2_chd.html;AirBlade (USA).chd;https://archive.org/download/ps2-redump-usa-chd-part-A/AirBlade (USA).chd;1.14 GB;JOGO_EXISTE_OUTRO_LINK;Existe no banco (rom_id 375865, source 1): https://huggingface.co/datasets/luisluis123/ps2chd/resolve/main/AirBlade (USA).chd
ps2_chd.html;AirForce Delta Strike (USA).chd;https://archive.org/download/ps2-redump-usa-chd-part-A/AirForce Delta Strike (USA).chd;1.17 GB;JOGO_EXISTE_OUTRO_LINK;Existe no banco (rom_id 375866, source 1): https://huggingface.co/datasets/luisluis123/ps2chd/resolve/main/AirForce Delta Strike (USA).chd
ps2_chd.html;Airborne Troops - Countdown to D-Day (USA).chd;https://archive.org/download/ps2-redump-usa-chd-part-A/Airborne Troops - Countdown to D-Day (USA).chd;255.72 MB;JOGO_EXISTE_OUTRO_LINK;Existe no banco (rom_id 375867, source 1): https://huggingface.co/datasets/luisluis123/ps2chd/resolve/main/Airborne Troops - Countdown to D-Day (USA).chd
ps2_chd.html;Alfa Romeo Racing Italiano (USA).chd;https://archive.org/download/ps2-redump-usa-chd-part-A/Alfa Romeo Racing Italiano (USA).chd;270.00 MB;JOGO_EXISTE_OUTRO_LINK;Existe no banco (rom_id 375868, source 1): https://huggingface.co/datasets/luisluis123/ps2chd/resolve/main/Alfa Romeo Racing Italiano (USA).chd
ps2_chd.html;Alias (USA).chd;https://archive.org/download/ps2-redump-usa-chd-part-A/Alias (USA).chd;942.67 MB;JOGO_EXISTE_OUTRO_LINK;Existe no banco (rom_id 375869, source 1): https://huggingface.co/datasets/luisluis123/ps2chd/resolve/main/Alias (USA).chd
ps2_chd.html;Alien Hominid (USA).chd;https://archive.org/download/ps2-redump-usa-chd-part-A/Alien Hominid (USA).chd;536.05 MB;JOGO_EXISTE_OUTRO_LINK;Existe no banco (rom_id 375870, source 1): https://huggingface.co/datasets/luisluis123/ps2chd/resolve/main/Alien Hominid (USA).chd
ps2_chd.html;Aliens Versus Predator - Extinction (USA).chd;https://archive.org/download/ps2-redump-usa-chd-part-A/Aliens Versus Predator - Extinction (USA).chd;421.29 MB;JOGO_EXISTE_OUTRO_LINK;Existe no banco (rom_id 375871, source 1): https://huggingface.co/datasets/luisluis123/ps2chd/resolve/main/Aliens Versus Predator - Extinction (USA).chd
ps2_chd.html;All-Star Baseball 2002 (USA).chd;https://archive.org/download/ps2-redump-usa-chd-part-A/All-Star Baseball 2002 (USA).chd;400.42 MB;JOGO_EXISTE_OUTRO_LINK;Existe no banco (rom_id 375872, source 1): https://huggingface.co/datasets/luisluis123/ps2chd/resolve/main/All-Star Baseball 2002 (USA).chd
ps2_chd.html;All-Star Baseball 2003 featuring Derek Jeter (USA).chd;https://archive.org/download/ps2-redump-usa-chd-part-A/All-Star Baseball 2003 featuring Derek Jeter (USA).chd;902.19 MB;JOGO_EXISTE_OUTRO_LINK;Existe no banco (rom_id 375873, source 1): https://huggingface.co/datasets/luisluis123/ps2chd/resolve/main/All-Star Baseball 2003 featuring Derek Jeter (USA).chd
ps2_chd.html;All-Star Baseball 2004 featuring Derek Jeter (USA).chd;https://archive.org/download/ps2-redump-usa-chd-part-A/All-Star Baseball 2004 featuring Derek Jeter (USA).chd;3.04 GB;JOGO_EXISTE_OUTRO_LINK;Existe no banco (rom_id 375874, source 1): https://huggingface.co/datasets/luisluis123/ps2chd/resolve/main/All-Star Baseball 2004 featuring Derek Jeter (USA).chd
ps2_chd.html;All-Star Baseball 2005 featuring Derek Jeter (USA).chd;https://archive.org/download/ps2-redump-usa-chd-part-A/All-Star Baseball 2005 featuring Derek Jeter (USA).chd;2.23 GB;JOGO_EXISTE_OUTRO_LINK;Existe no banco (rom_id 375875, source 1): https://huggingface.co/datasets/luisluis123/ps2chd/resolve/main/All-Star Baseball 2005 featuring Derek Jeter (USA).chd
ps2_chd.html;Alone in the Dark (USA).chd;https://archive.org/download/ps2-redump-usa-chd-part-A/Alone in the Dark (USA).chd;2.61 GB;JOGO_EXISTE_OUTRO_LINK;Existe no banco (rom_id 375876, source 1): https://huggingface.co/datasets/luisluis123/ps2chd/resolve/main/Alone in the Dark (USA).chd
ps2_chd.html;Alter Echo (USA).chd;https://archive.org/download/ps2-redump-usa-chd-part-A/Alter Echo (USA).chd;3.25 GB;JOGO_EXISTE_OUTRO_LINK;Existe no banco (rom_id 375877, source 1): https://huggingface.co/datasets/luisluis123/ps2chd/resolve/main/Alter Echo (USA).chd
ps2_chd.html;Alvin and the Chipmunks (USA).chd;https://archive.org/download/ps2-redump-usa-chd-part-A/Alvin and the Chipmunks (USA).chd;340.83 MB;JOGO_EXISTE_OUTRO_LINK;Existe no banco (rom_id 375878, source 1): https://huggingface.co/datasets/luisluis123/ps2chd/resolve/main/Alvin and the Chipmunks (USA).chd
ps2_chd.html;American Chopper (USA).chd;https://archive.org/download/ps2-redump-usa-chd-part-A/American Chopper (USA).chd;1.92 GB;JOGO_EXISTE_OUTRO_LINK;Existe no banco (rom_id 375879, source 1): https://huggingface.co/datasets/luisluis123/ps2chd/resolve/main/American Chopper (USA).chd
ps2_chd.html;American Chopper 2 - Full Throttle (USA).chd;https://archive.org/download/ps2-redump-usa-chd-part-A/American Chopper 2 - Full Throttle (USA).chd;821.18 MB;JOGO_EXISTE_OUTRO_LINK;Existe no banco (rom_id 375880, source 1): https://huggingface.co/datasets/luisluis123/ps2chd/resolve/main/American Chopper 2 - Full Throttle (USA).chd
ps2_chd.html;American Idol (USA).chd;https://archive.org/download/ps2-redump-usa-chd-part-A/American Idol (USA).chd;1.42 GB;JOGO_EXISTE_OUTRO_LINK;Existe no banco (rom_id 375881, source 1): https://huggingface.co/datasets/luisluis123/ps2chd/resolve/main/American Idol (USA).chd
ps2_chd.html;Amplitude (USA).chd;https://archive.org/download/ps2-redump-usa-chd-part-A/Amplitude (USA).chd;1.43 GB;JOGO_EXISTE_OUTRO_LINK;Existe no banco (rom_id 375882, source 1): https://huggingface.co/datasets/luisluis123/ps2chd/resolve/main/Amplitude (USA).chd
ps2_chd.html;Ant Bully, The (USA) (En,Fr).chd;https://archive.org/download/ps2-redump-usa-chd-part-A/Ant Bully, The (USA) (En,Fr).chd;366.47 MB;JOGO_EXISTE_OUTRO_LINK;Existe no banco (rom_id 375883, source 1): https://huggingface.co/datasets/luisluis123/ps2chd/resolve/main/Ant Bully, The (USA) (En,Fr).chd
ps2_chd.html;Antz Extreme Racing (USA).chd;https://archive.org/download/ps2-redump-usa-chd-part-A/Antz Extreme Racing (USA).chd;379.80 MB;JOGO_EXISTE_OUTRO_LINK;Existe no banco (rom_id 375884, source 1): https://huggingface.co/datasets/luisluis123/ps2chd/resolve/main/Antz Extreme Racing (USA).chd
ps2_chd.html;Ape Escape - Pumped & Primed (USA).chd;https://archive.org/download/ps2-redump-usa-chd-part-A/Ape Escape - Pumped & Primed (USA).chd;3.07 GB;JOGO_EXISTE_OUTRO_LINK;Existe no banco (rom_id 375885, source 1): https://huggingface.co/datasets/luisluis123/ps2chd/resolve/main/Ape Escape - Pumped & Primed (USA).chd
ps2_chd.html;Ape Escape 2 (USA).chd;https://archive.org/download/ps2-redump-usa-chd-part-A/Ape Escape 2 (USA).chd;1.53 GB;JOGO_EXISTE_OUTRO_LINK;Existe no banco (rom_id 375886, source 1): https://huggingface.co/datasets/luisluis123/ps2chd/resolve/main/Ape Escape 2 (USA).chd
ps2_chd.html;Ape Escape 3 (USA).chd;https://archive.org/download/ps2-redump-usa-chd-part-A/Ape Escape 3 (USA).chd;1.56 GB;JOGO_EXISTE_OUTRO_LINK;Existe no banco (rom_id 375887, source 1): https://huggingface.co/datasets/luisluis123/ps2chd/resolve/main/Ape Escape 3 (USA).chd
ps2_chd.html;Aqua Aqua (USA).chd;https://archive.org/download/ps2-redump-usa-chd-part-A/Aqua Aqua (USA).chd;491.77 MB;JOGO_EXISTE_OUTRO_LINK;Existe no banco (rom_id 375888, source 1): https://huggingface.co/datasets/luisluis123/ps2chd/resolve/main/Aqua Aqua (USA).chd
ps2_chd.html;Aqua Teen Hunger Force - Zombie Ninja Pro-Am (USA).chd;https://archive.org/download/ps2-redump-usa-chd-part-A/Aqua Teen Hunger Force - Zombie Ninja Pro-Am (USA).chd;2.20 GB;JOGO_EXISTE_OUTRO_LINK;Existe no banco (rom_id 375889, source 1): https://huggingface.co/datasets/luisluis123/ps2chd/resolve/main/Aqua Teen Hunger Force - Zombie Ninja Pro-Am (USA).chd
ps2_chd.html;Ar tonelico - Melody of Elemia (USA).chd;https://archive.org/download/ps2-redump-usa-chd-part-A/Ar tonelico - Melody of Elemia (USA).chd;2.49 GB;JOGO_EXISTE_OUTRO_LINK;Existe no banco (rom_id 375890, source 1): https://huggingface.co/datasets/luisluis123/ps2chd/resolve/main/Ar tonelico - Melody of Elemia (USA).chd
ps2_chd.html;Ar tonelico II - Melody of Metafalica (USA).chd;https://archive.org/download/ps2-redump-usa-chd-part-A/Ar tonelico II - Melody of Metafalica (USA).chd;3.51 GB;JOGO_EXISTE_OUTRO_LINK;Existe no banco (rom_id 375891, source 1): https://huggingface.co/datasets/luisluis123/ps2chd/resolve/main/Ar tonelico II - Melody of Metafalica (USA).chd
ps2_chd.html;Arc the Lad - End of Darkness (USA).chd;https://archive.org/download/ps2-redump-usa-chd-part-A/Arc the Lad - End of Darkness (USA).chd;2.18 GB;JOGO_EXISTE_OUTRO_LINK;Existe no banco (rom_id 375892, source 1): https://huggingface.co/datasets/luisluis123/ps2chd/resolve/main/Arc the Lad - End of Darkness (USA).chd
ps2_chd.html;Arc the Lad - Twilight of the Spirits (USA).chd;https://archive.org/download/ps2-redump-usa-chd-part-A/Arc the Lad - Twilight of the Spirits (USA).chd;2.39 GB;JOGO_EXISTE_OUTRO_LINK;Existe no banco (rom_id 375893, source 1): https://huggingface.co/datasets/luisluis123/ps2chd/resolve/main/Arc the Lad - Twilight of the Spirits (USA).chd
ps2_chd.html;Arcana Heart (USA).chd;https://archive.org/download/ps2-redump-usa-chd-part-A/Arcana Heart (USA).chd;536.97 MB;JOGO_EXISTE_OUTRO_LINK;Existe no banco (rom_id 375894, source 1): https://huggingface.co/datasets/luisluis123/ps2chd/resolve/main/Arcana Heart (USA).chd
ps2_chd.html;Arctic Thunder (USA).chd;https://archive.org/download/ps2-redump-usa-chd-part-A/Arctic Thunder (USA).chd;468.82 MB;JOGO_EXISTE_OUTRO_LINK;Existe no banco (rom_id 375895, source 1): https://huggingface.co/datasets/luisluis123/ps2chd/resolve/main/Arctic Thunder (USA).chd
ps2_chd.html;Are You Smarter than a 5th Grader Make the Grade (USA).chd;https://archive.org/download/ps2-redump-usa-chd-part-A/Are You Smarter than a 5th Grader Make the Grade (USA).chd;87.01 MB;JOGO_EXISTE_OUTRO_LINK;Existe no banco (rom_id 375896, source 1): https://huggingface.co/datasets/luisluis123/ps2chd/resolve/main/Are You Smarter than a 5th Grader Make the Grade (USA).chd
ps2_chd.html;Area 51 (USA).chd;https://archive.org/download/ps2-redump-usa-chd-part-A/Area 51 (USA).chd;2.35 GB;JOGO_EXISTE_OUTRO_LINK;Existe no banco (rom_id 375897, source 1): https://huggingface.co/datasets/luisluis123/ps2chd/resolve/main/Area 51 (USA).chd
ps2_chd.html;Arena Football (USA).chd;https://archive.org/download/ps2-redump-usa-chd-part-A/Arena Football (USA).chd;3.39 GB;JOGO_EXISTE_OUTRO_LINK;Existe no banco (rom_id 375898, source 1): https://huggingface.co/datasets/luisluis123/ps2chd/resolve/main/Arena Football (USA).chd
ps2_chd.html;Arena Football - Road to Glory (USA).chd;https://archive.org/download/ps2-redump-usa-chd-part-A/Arena Football - Road to Glory (USA).chd;1.74 GB;JOGO_EXISTE_OUTRO_LINK;Existe no banco (rom_id 375899, source 1): https://huggingface.co/datasets/luisluis123/ps2chd/resolve/main/Arena Football - Road to Glory (USA).chd
ps2_chd.html;Armored Core - Last Raven (USA).chd;https://archive.org/download/ps2-redump-usa-chd-part-A/Armored Core - Last Raven (USA).chd;1.93 GB;JOGO_EXISTE_OUTRO_LINK;Existe no banco (rom_id 375900, source 1): https://huggingface.co/datasets/luisluis123/ps2chd/resolve/main/Armored Core - Last Raven (USA).chd
ps2_chd.html;Armored Core - Nexus (USA) (Disc 1) (Evolution).chd;https://archive.org/download/ps2-redump-usa-chd-part-A/Armored Core - Nexus (USA) (Disc 1) (Evolution).chd;2.69 GB;JOGO_EXISTE_OUTRO_LINK;Existe no banco (rom_id 375901, source 1): https://huggingface.co/datasets/luisluis123/ps2chd/resolve/main/Armored Core - Nexus (USA) (Disc 1) (Evolution).chd
ps2_chd.html;Armored Core - Nexus (USA) (Disc 2) (Revolution).chd;https://archive.org/download/ps2-redump-usa-chd-part-A/Armored Core - Nexus (USA) (Disc 2) (Revolution).chd;3.38 GB;JOGO_EXISTE_OUTRO_LINK;Existe no banco (rom_id 375901, source 1): https://huggingface.co/datasets/luisluis123/ps2chd/resolve/main/Armored Core - Nexus (USA) (Disc 1) (Evolution).chd
ps2_chd.html;Armored Core - Nine Breaker (USA).chd;https://archive.org/download/ps2-redump-usa-chd-part-A/Armored Core - Nine Breaker (USA).chd;1.48 GB;JOGO_EXISTE_OUTRO_LINK;Existe no banco (rom_id 375903, source 1): https://huggingface.co/datasets/luisluis123/ps2chd/resolve/main/Armored Core - Nine Breaker (USA).chd
ps2_chd.html;Armored Core 2 (USA).chd;https://archive.org/download/ps2-redump-usa-chd-part-A/Armored Core 2 (USA).chd;1.43 GB;JOGO_EXISTE_OUTRO_LINK;Existe no banco (rom_id 375904, source 1): https://huggingface.co/datasets/luisluis123/ps2chd/resolve/main/Armored Core 2 (USA).chd
ps2_chd.html;Armored Core 2 - Another Age (USA).chd;https://archive.org/download/ps2-redump-usa-chd-part-A/Armored Core 2 - Another Age (USA).chd;1.64 GB;JOGO_EXISTE_OUTRO_LINK;Existe no banco (rom_id 375905, source 1): https://huggingface.co/datasets/luisluis123/ps2chd/resolve/main/Armored Core 2 - Another Age (USA).chd
ps2_chd.html;Armored Core 3 (USA).chd;https://archive.org/download/ps2-redump-usa-chd-part-A/Armored Core 3 (USA).chd;1.03 GB;JOGO_EXISTE_OUTRO_LINK;Existe no banco (rom_id 375906, source 1): https://huggingface.co/datasets/luisluis123/ps2chd/resolve/main/Armored Core 3 (USA).chd
ps2_chd.html;Army Men - Air Attack 2 (USA).chd;https://archive.org/download/ps2-redump-usa-chd-part-A/Army Men - Air Attack 2 (USA).chd;532.11 MB;JOGO_EXISTE_OUTRO_LINK;Existe no banco (rom_id 375907, source 1): https://huggingface.co/datasets/luisluis123/ps2chd/resolve/main/Army Men - Air Attack 2 (USA).chd
ps2_chd.html;Army Men - Green Rogue (USA).chd;https://archive.org/download/ps2-redump-usa-chd-part-A/Army Men - Green Rogue (USA).chd;471.40 MB;JOGO_EXISTE_OUTRO_LINK;Existe no banco (rom_id 375908, source 1): https://huggingface.co/datasets/luisluis123/ps2chd/resolve/main/Army Men - Green Rogue (USA).chd
ps2_chd.html;Army Men - RTS (USA).chd;https://archive.org/download/ps2-redump-usa-chd-part-A/Army Men - RTS (USA).chd;958.92 MB;JOGO_EXISTE_OUTRO_LINK;Existe no banco (rom_id 375909, source 1): https://huggingface.co/datasets/luisluis123/ps2chd/resolve/main/Army Men - RTS (USA).chd
ps2_chd.html;Army Men - Sarge's Heroes 2 (USA).chd;https://archive.org/download/ps2-redump-usa-chd-part-A/Army Men - Sarge's Heroes 2 (USA).chd;932.57 MB;JOGO_EXISTE_OUTRO_LINK;Existe no banco (rom_id 375910, source 1): https://huggingface.co/datasets/luisluis123/ps2chd/resolve/main/Army Men - Sarge's Heroes 2 (USA).chd
ps2_chd.html;Army Men - Soldiers of Misfortune (USA) (En,Fr,De,Es,It).chd;https://archive.org/download/ps2-redump-usa-chd-part-A/Army Men - Soldiers of Misfortune (USA) (En,Fr,De,Es,It).chd;104.01 MB;JOGO_EXISTE_OUTRO_LINK;Existe no banco (rom_id 375911, source 1): https://huggingface.co/datasets/luisluis123/ps2chd/resolve/main/Army Men - Soldiers of Misfortune (USA) (En,Fr,De,Es,It).chd
ps2_chd.html;Art of Fighting Anthology (USA).chd;https://archive.org/download/ps2-redump-usa-chd-part-A/Art of Fighting Anthology (USA).chd;1.20 GB;JOGO_EXISTE_OUTRO_LINK;Existe no banco (rom_id 375912, source 1): https://huggingface.co/datasets/luisluis123/ps2chd/resolve/main/Art of Fighting Anthology (USA).chd
ps2_chd.html;Arthur and the Invisibles - The Game (USA) (En,Fr,Es).chd;https://archive.org/download/ps2-redump-usa-chd-part-A/Arthur and the Invisibles - The Game (USA) (En,Fr,Es).chd;3.10 GB;JOGO_EXISTE_OUTRO_LINK;Existe no banco (rom_id 375913, source 1): https://huggingface.co/datasets/luisluis123/ps2chd/resolve/main/Arthur and the Invisibles - The Game (USA) (En,Fr,Es).chd
ps2_chd.html;Artlist Collection - The Dog Island (USA) (En,Fr,Es).chd;https://archive.org/download/ps2-redump-usa-chd-part-A/Artlist Collection - The Dog Island (USA) (En,Fr,Es).chd;436.56 MB;JOGO_EXISTE_OUTRO_LINK;Existe no banco (rom_id 375914, source 1): https://huggingface.co/datasets/luisluis123/ps2chd/resolve/main/Artlist Collection - The Dog Island (USA) (En,Fr,Es).chd
ps2_chd.html;Asterix & Obelix - Kick Buttix (USA).chd;https://archive.org/download/ps2-redump-usa-chd-part-A/Asterix & Obelix - Kick Buttix (USA).chd;368.48 MB;JOGO_EXISTE_OUTRO_LINK;Existe no banco (rom_id 375915, source 1): https://huggingface.co/datasets/luisluis123/ps2chd/resolve/main/Asterix & Obelix - Kick Buttix (USA).chd
ps2_chd.html;Astro Boy (USA).chd;https://archive.org/download/ps2-redump-usa-chd-part-A/Astro Boy (USA).chd;2.09 GB;JOGO_EXISTE_OUTRO_LINK;Existe no banco (rom_id 375916, source 1): https://huggingface.co/datasets/luisluis123/ps2chd/resolve/main/Astro Boy (USA).chd
ps2_chd.html;Astro Boy - The Video Game (USA) (En,Fr,De,Es,It).chd;https://archive.org/download/ps2-redump-usa-chd-part-A/Astro Boy - The Video Game (USA) (En,Fr,De,Es,It).chd;1.82 GB;JOGO_EXISTE_OUTRO_LINK;Existe no banco (rom_id 375917, source 1): https://huggingface.co/datasets/luisluis123/ps2chd/resolve/main/Astro Boy - The Video Game (USA) (En,Fr,De,Es,It).chd
ps2_chd.html;Atari Anthology (USA).chd;https://archive.org/download/ps2-redump-usa-chd-part-A/Atari Anthology (USA).chd;1.48 GB;JOGO_EXISTE_OUTRO_LINK;Existe no banco (rom_id 375918, source 1): https://huggingface.co/datasets/luisluis123/ps2chd/resolve/main/Atari Anthology (USA).chd
ps2_chd.html;Atelier Iris - Eternal Mana (USA).chd;https://archive.org/download/ps2-redump-usa-chd-part-A/Atelier Iris - Eternal Mana (USA).chd;1.37 GB;JOGO_EXISTE_OUTRO_LINK;Existe no banco (rom_id 375919, source 1): https://huggingface.co/datasets/luisluis123/ps2chd/resolve/main/Atelier Iris - Eternal Mana (USA).chd
ps2_chd.html;Atelier Iris 2 - The Azoth of Destiny (USA).chd;https://archive.org/download/ps2-redump-usa-chd-part-A/Atelier Iris 2 - The Azoth of Destiny (USA).chd;1.18 GB;JOGO_EXISTE_OUTRO_LINK;Existe no banco (rom_id 375920, source 1): https://huggingface.co/datasets/luisluis123/ps2chd/resolve/main/Atelier Iris 2 - The Azoth of Destiny (USA).chd
ps2_chd.html;Atelier Iris 3 - Grand Phantasm (USA).chd;https://archive.org/download/ps2-redump-usa-chd-part-A/Atelier Iris 3 - Grand Phantasm (USA).chd;1.71 GB;JOGO_EXISTE_OUTRO_LINK;Existe no banco (rom_id 375921, source 1): https://huggingface.co/datasets/luisluis123/ps2chd/resolve/main/Atelier Iris 3 - Grand Phantasm (USA).chd
ps2_chd.html;Athens 2004 (USA).chd;https://archive.org/download/ps2-redump-usa-chd-part-A/Athens 2004 (USA).chd;1.34 GB;JOGO_EXISTE_OUTRO_LINK;Existe no banco (rom_id 375922, source 1): https://huggingface.co/datasets/luisluis123/ps2chd/resolve/main/Athens 2004 (USA).chd
ps2_chd.html;Auto Modellista (USA).chd;https://archive.org/download/ps2-redump-usa-chd-part-A/Auto Modellista (USA).chd;685.37 MB;JOGO_EXISTE_OUTRO_LINK;Existe no banco (rom_id 375923, source 1): https://huggingface.co/datasets/luisluis123/ps2chd/resolve/main/Auto Modellista (USA).chd
ps2_chd.html;B-Boy (USA) (En,Fr,De,Es,It).chd;https://archive.org/download/ps2-redump-usa-chd-part-B/B-Boy (USA) (En,Fr,De,Es,It).chd;1.15 GB;JOGO_EXISTE_OUTRO_LINK;Existe no banco (rom_id 375924, source 1): https://huggingface.co/datasets/luisluis123/ps2chd/resolve/main/B-Boy (USA) (En,Fr,De,Es,It).chd
ps2_chd.html;Backyard Baseball '09 (USA).chd;https://archive.org/download/ps2-redump-usa-chd-part-B/Backyard Baseball '09 (USA).chd;240.75 MB;JOGO_EXISTE_OUTRO_LINK;Existe no banco (rom_id 375926, source 1): https://huggingface.co/datasets/luisluis123/ps2chd/resolve/main/Backyard Baseball '09 (USA).chd
ps2_chd.html;Backyard Baseball '10 (USA).chd;https://archive.org/download/ps2-redump-usa-chd-part-B/Backyard Baseball '10 (USA).chd;293.47 MB;JOGO_EXISTE_OUTRO_LINK;Existe no banco (rom_id 375927, source 1): https://huggingface.co/datasets/luisluis123/ps2chd/resolve/main/Backyard Baseball '10 (USA).chd
ps2_chd.html;Backyard Baseball (USA).chd;https://archive.org/download/ps2-redump-usa-chd-part-B/Backyard Baseball (USA).chd;587.79 MB;JOGO_EXISTE_OUTRO_LINK;Existe no banco (rom_id 375928, source 1): https://huggingface.co/datasets/luisluis123/ps2chd/resolve/main/Backyard Baseball (USA).chd
ps2_chd.html;Backyard Basketball (USA).chd;https://archive.org/download/ps2-redump-usa-chd-part-B/Backyard Basketball (USA).chd;248.57 MB;JOGO_EXISTE_OUTRO_LINK;Existe no banco (rom_id 375929, source 1): https://huggingface.co/datasets/luisluis123/ps2chd/resolve/main/Backyard Basketball (USA).chd
ps2_chd.html;Backyard Football '08 (USA).chd;https://archive.org/download/ps2-redump-usa-chd-part-B/Backyard Football '08 (USA).chd;263.56 MB;JOGO_EXISTE_OUTRO_LINK;Existe no banco (rom_id 375930, source 1): https://huggingface.co/datasets/luisluis123/ps2chd/resolve/main/Backyard Football '08 (USA).chd
ps2_chd.html;Backyard Football '09 (USA).chd;https://archive.org/download/ps2-redump-usa-chd-part-B/Backyard Football '09 (USA).chd;308.48 MB;JOGO_EXISTE_OUTRO_LINK;Existe no banco (rom_id 375931, source 1): https://huggingface.co/datasets/luisluis123/ps2chd/resolve/main/Backyard Football '09 (USA).chd
ps2_chd.html;Backyard Football '10 (USA).chd;https://archive.org/download/ps2-redump-usa-chd-part-B/Backyard Football '10 (USA).chd;276.83 MB;JOGO_EXISTE_OUTRO_LINK;Existe no banco (rom_id 375932, source 1): https://huggingface.co/datasets/luisluis123/ps2chd/resolve/main/Backyard Football '10 (USA).chd
ps2_chd.html;Backyard Football 2006 (USA).chd;https://archive.org/download/ps2-redump-usa-chd-part-B/Backyard Football 2006 (USA).chd;664.85 MB;JOGO_EXISTE_OUTRO_LINK;Existe no banco (rom_id 375933, source 1): https://huggingface.co/datasets/luisluis123/ps2chd/resolve/main/Backyard Football 2006 (USA).chd
ps2_chd.html;Backyard Sports - Baseball 2007 (USA).chd;https://archive.org/download/ps2-redump-usa-chd-part-B/Backyard Sports - Baseball 2007 (USA).chd;363.17 MB;JOGO_EXISTE_OUTRO_LINK;Existe no banco (rom_id 375934, source 1): https://huggingface.co/datasets/luisluis123/ps2chd/resolve/main/Backyard Sports - Baseball 2007 (USA).chd
ps2_chd.html;Backyard Sports - Basketball 2007 (USA).chd;https://archive.org/download/ps2-redump-usa-chd-part-B/Backyard Sports - Basketball 2007 (USA).chd;229.97 MB;JOGO_EXISTE_OUTRO_LINK;Existe no banco (rom_id 375935, source 1): https://huggingface.co/datasets/luisluis123/ps2chd/resolve/main/Backyard Sports - Basketball 2007 (USA).chd
ps2_chd.html;Backyard Wrestling - Don't Try This at Home (USA).chd;https://archive.org/download/ps2-redump-usa-chd-part-B/Backyard Wrestling - Don't Try This at Home (USA).chd;1.65 GB;JOGO_EXISTE_OUTRO_LINK;Existe no banco (rom_id 375936, source 1): https://huggingface.co/datasets/luisluis123/ps2chd/resolve/main/Backyard Wrestling - Don't Try This at Home (USA).chd
ps2_chd.html;Backyard Wrestling 2 - There Goes the Neighborhood (USA).chd;https://archive.org/download/ps2-redump-usa-chd-part-B/Backyard Wrestling 2 - There Goes the Neighborhood (USA).chd;3.03 GB;JOGO_EXISTE_OUTRO_LINK;Existe no banco (rom_id 375937, source 1): https://huggingface.co/datasets/luisluis123/ps2chd/resolve/main/Backyard Wrestling 2 - There Goes the Neighborhood (USA).chd
ps2_chd.html;Bad Boys - Miami Takedown (USA).chd;https://archive.org/download/ps2-redump-usa-chd-part-B/Bad Boys - Miami Takedown (USA).chd;1.95 GB;JOGO_EXISTE_OUTRO_LINK;Existe no banco (rom_id 375938, source 1): https://huggingface.co/datasets/luisluis123/ps2chd/resolve/main/Bad Boys - Miami Takedown (USA).chd
ps2_chd.html;Bakugan - Battle Brawlers (USA).chd;https://archive.org/download/ps2-redump-usa-chd-part-B/Bakugan - Battle Brawlers (USA).chd;599.12 MB;JOGO_EXISTE_OUTRO_LINK;Existe no banco (rom_id 375939, source 1): https://huggingface.co/datasets/luisluis123/ps2chd/resolve/main/Bakugan - Battle Brawlers (USA).chd
ps2_chd.html;Baldur's Gate - Dark Alliance (USA).chd;https://archive.org/download/ps2-redump-usa-chd-part-B/Baldur's Gate - Dark Alliance (USA).chd;2.54 GB;JOGO_EXISTE_OUTRO_LINK;Existe no banco (rom_id 375940, source 1): https://huggingface.co/datasets/luisluis123/ps2chd/resolve/main/Baldur's Gate - Dark Alliance (USA).chd
ps2_chd.html;Baldur's Gate - Dark Alliance II (USA).chd;https://archive.org/download/ps2-redump-usa-chd-part-B/Baldur's Gate - Dark Alliance II (USA).chd;2.03 GB;JOGO_EXISTE_OUTRO_LINK;Existe no banco (rom_id 375941, source 1): https://huggingface.co/datasets/luisluis123/ps2chd/resolve/main/Baldur's Gate - Dark Alliance II (USA).chd
ps2_chd.html;Band Hero (USA) (En,Fr).chd;https://archive.org/download/ps2-redump-usa-chd-part-B/Band Hero (USA) (En,Fr).chd;2.61 GB;JOGO_EXISTE_OUTRO_LINK;Existe no banco (rom_id 375942, source 1): https://huggingface.co/datasets/luisluis123/ps2chd/resolve/main/Band Hero (USA) (En,Fr).chd
ps2_chd.html;Barbarian (USA).chd;https://archive.org/download/ps2-redump-usa-chd-part-B/Barbarian (USA).chd;361.69 MB;JOGO_EXISTE_OUTRO_LINK;Existe no banco (rom_id 375943, source 1): https://huggingface.co/datasets/luisluis123/ps2chd/resolve/main/Barbarian (USA).chd
ps2_chd.html;Barbie Horse Adventures - Riding Camp (USA) (En,Fr).chd;https://archive.org/download/ps2-redump-usa-chd-part-B/Barbie Horse Adventures - Riding Camp (USA) (En,Fr).chd;493.70 MB;JOGO_EXISTE_OUTRO_LINK;Existe no banco (rom_id 375944, source 1): https://huggingface.co/datasets/luisluis123/ps2chd/resolve/main/Barbie Horse Adventures - Riding Camp (USA) (En,Fr).chd
ps2_chd.html;Barbie Horse Adventures - Wild Horse Rescue (USA).chd;https://archive.org/download/ps2-redump-usa-chd-part-B/Barbie Horse Adventures - Wild Horse Rescue (USA).chd;327.95 MB;JOGO_EXISTE_OUTRO_LINK;Existe no banco (rom_id 375945, source 1): https://huggingface.co/datasets/luisluis123/ps2chd/resolve/main/Barbie Horse Adventures - Wild Horse Rescue (USA).chd
ps2_chd.html;Barbie as the Island Princess (USA).chd;https://archive.org/download/ps2-redump-usa-chd-part-B/Barbie as the Island Princess (USA).chd;1.76 GB;JOGO_EXISTE_OUTRO_LINK;Existe no banco (rom_id 375946, source 1): https://huggingface.co/datasets/luisluis123/ps2chd/resolve/main/Barbie as the Island Princess (USA).chd
ps2_chd.html;Barbie in the 12 Dancing Princesses (USA).chd;https://archive.org/download/ps2-redump-usa-chd-part-B/Barbie in the 12 Dancing Princesses (USA).chd;980.00 MB;JOGO_EXISTE_OUTRO_LINK;Existe no banco (rom_id 375947, source 1): https://huggingface.co/datasets/luisluis123/ps2chd/resolve/main/Barbie in the 12 Dancing Princesses (USA).chd
ps2_chd.html;Batman - Vengeance (USA) (En,Fr) (Rev 1).chd;https://archive.org/download/ps2-redump-usa-chd-part-B/Batman - Vengeance (USA) (En,Fr) (Rev 1).chd;566.98 MB;JOGO_EXISTE_OUTRO_LINK;Existe no banco (rom_id 302423, source 2): https://archive.org/download/ps2-redump-usa-chd-part-B/Batman - Vengeance (USA) (En,Fr).chd
ps2_chd.html;Bigs, The (USA).chd;https://archive.org/download/ps2-redump-usa-chd-part-B/Bigs, The (USA).chd;1.01 GB;JOGO_EXISTE_OUTRO_LINK;Existe no banco (rom_id 375971, source 1): https://huggingface.co/datasets/luisluis123/ps2chd/resolve/main/Bigs, The (USA).chd
ps2_chd.html;Buzz! Junior - RoboJam (USA) (En,Fr,Es).chd;https://archive.org/download/ps2-redump-usa-chd-part-B/Buzz! Junior - RoboJam (USA) (En,Fr,Es).chd;1.08 GB;JOGO_EXISTE_OUTRO_LINK;Existe no banco (rom_id 388539, source 3): https://archive.org/download/ps2-eu-roms321com/all/Buzz%21%20Junior%20-%20RoboJam%20%28Europe%29%20%28En%2CFr%2CDe%2CEs%2CIt%2CNl%2CPt%29%20%28Beta%29.7z
ps2_chd.html;Call of Duty - Finest Hour (USA) (v1.04).chd;https://archive.org/download/ps2-redump-usa-chd-part-C/Call of Duty - Finest Hour (USA) (v1.04).chd;1.37 GB;JOGO_EXISTE_OUTRO_LINK;Existe no banco (rom_id 302502, source 2): https://archive.org/download/ps2-redump-usa-chd-part-C/Call of Duty - Finest Hour (USA) (v2.02).chd
ps2_chd.html;Call of Duty 2 - Big Red One (USA) (Collector's Edition).chd;https://archive.org/download/ps2-redump-usa-chd-part-C/Call of Duty 2 - Big Red One (USA) (Collector's Edition).chd;1.98 GB;JOGO_EXISTE_OUTRO_LINK;Existe no banco (rom_id 302504, source 2): https://archive.org/download/ps2-redump-usa-chd-part-C/Call of Duty 2 - Big Red One (USA).chd
ps2_chd.html;Champions - Return to Arms (USA) (v1.01).chd;https://archive.org/download/ps2-redump-usa-chd-part-C/Champions - Return to Arms (USA) (v1.01).chd;2.77 GB;JOGO_EXISTE_OUTRO_LINK;Existe no banco (rom_id 302519, source 2): https://archive.org/download/ps2-redump-usa-chd-part-C/Champions - Return to Arms (USA) (v2.00).chd
ps2_chd.html;Crash Bandicoot - The Wrath of Cortex (USA) (v1.00).chd;https://archive.org/download/ps2-redump-usa-chd-part-C/Crash Bandicoot - The Wrath of Cortex (USA) (v1.00).chd;324.20 MB;JOGO_EXISTE_OUTRO_LINK;Existe no banco (rom_id 302559, source 2): https://archive.org/download/ps2-redump-usa-chd-part-C/Crash Bandicoot - The Wrath of Cortex (USA) (v1.01).chd
ps2_chd.html;Crash Twinsanity (USA) (v1.00).chd;https://archive.org/download/ps2-redump-usa-chd-part-C/Crash Twinsanity (USA) (v1.00).chd;1.31 GB;JOGO_EXISTE_OUTRO_LINK;Existe no banco (rom_id 302563, source 2): https://archive.org/download/ps2-redump-usa-chd-part-C/Crash Twinsanity (USA) (v2.00).chd
ps2_chd.html;Crazy Taxi (USA) (Greatest Hits).chd;https://archive.org/download/ps2-redump-usa-chd-part-C/Crazy Taxi (USA) (Greatest Hits).chd;69.81 MB;JOGO_EXISTE_OUTRO_LINK;Existe no banco (rom_id 302565, source 2): https://archive.org/download/ps2-redump-usa-chd-part-C/Crazy Taxi (USA).chd
ps2_chd.html;DDRMAX - Dance Dance Revolution (USA).chd;https://archive.org/download/ps2-redump-usa-chd-part-D/DDRMAX - Dance Dance Revolution (USA).chd;576.79 MB;JOGO_EXISTE_OUTRO_LINK;Existe no banco (rom_id 376111, source 1): https://huggingface.co/datasets/luisluis123/ps2chd/resolve/main/DDRMAX - Dance Dance Revolution (USA).chd
ps2_chd.html;DDRMAX2 - Dance Dance Revolution (USA).chd;https://archive.org/download/ps2-redump-usa-chd-part-D/DDRMAX2 - Dance Dance Revolution (USA).chd;742.74 MB;JOGO_EXISTE_OUTRO_LINK;Existe no banco (rom_id 376112, source 1): https://huggingface.co/datasets/luisluis123/ps2chd/resolve/main/DDRMAX2 - Dance Dance Revolution (USA).chd
ps2_chd.html;DICE - DNA Integrated Cybernetic Enterprises (USA).chd;https://archive.org/download/ps2-redump-usa-chd-part-D/DICE - DNA Integrated Cybernetic Enterprises (USA).chd;616.54 MB;JOGO_EXISTE_OUTRO_LINK;Existe no banco (rom_id 376113, source 1): https://huggingface.co/datasets/luisluis123/ps2chd/resolve/main/DICE - DNA Integrated Cybernetic Enterprises (USA).chd
ps2_chd.html;DJ Hero (USA).chd;https://archive.org/download/ps2-redump-usa-chd-part-D/DJ Hero (USA).chd;2.46 GB;JOGO_EXISTE_OUTRO_LINK;Existe no banco (rom_id 376114, source 1): https://huggingface.co/datasets/luisluis123/ps2chd/resolve/main/DJ Hero (USA).chd
ps2_chd.html;DOA2 - Hardcore (USA) (En,Ja,Fr,De,Es,It).chd;https://archive.org/download/ps2-redump-usa-chd-part-D/DOA2 - Hardcore (USA) (En,Ja,Fr,De,Es,It).chd;1.02 GB;JOGO_EXISTE_OUTRO_LINK;Existe no banco (rom_id 376115, source 1): https://huggingface.co/datasets/luisluis123/ps2chd/resolve/main/DOA2 - Hardcore (USA) (En,Ja,Fr,De,Es,It).chd
ps2_chd.html;DT Carnage (USA).chd;https://archive.org/download/ps2-redump-usa-chd-part-D/DT Carnage (USA).chd;1.01 GB;JOGO_EXISTE_OUTRO_LINK;Existe no banco (rom_id 376116, source 1): https://huggingface.co/datasets/luisluis123/ps2chd/resolve/main/DT Carnage (USA).chd
ps2_chd.html;DT Racer (USA).chd;https://archive.org/download/ps2-redump-usa-chd-part-D/DT Racer (USA).chd;1.79 GB;JOGO_EXISTE_OUTRO_LINK;Existe no banco (rom_id 376117, source 1): https://huggingface.co/datasets/luisluis123/ps2chd/resolve/main/DT Racer (USA).chd
ps2_chd.html;Da Vinci Code, The (USA) (En,Fr,Es).chd;https://archive.org/download/ps2-redump-usa-chd-part-D/Da Vinci Code, The (USA) (En,Fr,Es).chd;1.72 GB;JOGO_EXISTE_OUTRO_LINK;Existe no banco (rom_id 376118, source 1): https://huggingface.co/datasets/luisluis123/ps2chd/resolve/main/Da Vinci Code, The (USA) (En,Fr,Es).chd
ps2_chd.html;Dai Senryaku VII - Modern Military Tactics Exceed (USA).chd;https://archive.org/download/ps2-redump-usa-chd-part-D/Dai Senryaku VII - Modern Military Tactics Exceed (USA).chd;168.37 MB;JOGO_EXISTE_OUTRO_LINK;Existe no banco (rom_id 376119, source 1): https://huggingface.co/datasets/luisluis123/ps2chd/resolve/main/Dai Senryaku VII - Modern Military Tactics Exceed (USA).chd
ps2_chd.html;Dance Dance Revolution - Disney Channel Edition (USA).chd;https://archive.org/download/ps2-redump-usa-chd-part-D/Dance Dance Revolution - Disney Channel Edition (USA).chd;2.13 GB;JOGO_EXISTE_OUTRO_LINK;Existe no banco (rom_id 376120, source 1): https://huggingface.co/datasets/luisluis123/ps2chd/resolve/main/Dance Dance Revolution - Disney Channel Edition (USA).chd
ps2_chd.html;Dance Dance Revolution Extreme (USA).chd;https://archive.org/download/ps2-redump-usa-chd-part-D/Dance Dance Revolution Extreme (USA).chd;942.10 MB;JOGO_EXISTE_OUTRO_LINK;Existe no banco (rom_id 376121, source 1): https://huggingface.co/datasets/luisluis123/ps2chd/resolve/main/Dance Dance Revolution Extreme (USA).chd
ps2_chd.html;Dance Dance Revolution Extreme 2 (USA).chd;https://archive.org/download/ps2-redump-usa-chd-part-D/Dance Dance Revolution Extreme 2 (USA).chd;3.41 GB;JOGO_EXISTE_OUTRO_LINK;Existe no banco (rom_id 376122, source 1): https://huggingface.co/datasets/luisluis123/ps2chd/resolve/main/Dance Dance Revolution Extreme 2 (USA).chd
ps2_chd.html;Dance Dance Revolution SuperNova (USA).chd;https://archive.org/download/ps2-redump-usa-chd-part-D/Dance Dance Revolution SuperNova (USA).chd;1.30 GB;JOGO_EXISTE_OUTRO_LINK;Existe no banco (rom_id 376123, source 1): https://huggingface.co/datasets/luisluis123/ps2chd/resolve/main/Dance Dance Revolution SuperNova (USA).chd
ps2_chd.html;Dance Dance Revolution SuperNova 2 (USA).chd;https://archive.org/download/ps2-redump-usa-chd-part-D/Dance Dance Revolution SuperNova 2 (USA).chd;1.07 GB;JOGO_EXISTE_OUTRO_LINK;Existe no banco (rom_id 376124, source 1): https://huggingface.co/datasets/luisluis123/ps2chd/resolve/main/Dance Dance Revolution SuperNova 2 (USA).chd
ps2_chd.html;Dance Dance Revolution X (USA).chd;https://archive.org/download/ps2-redump-usa-chd-part-D/Dance Dance Revolution X (USA).chd;1.13 GB;JOGO_EXISTE_OUTRO_LINK;Existe no banco (rom_id 376125, source 1): https://huggingface.co/datasets/luisluis123/ps2chd/resolve/main/Dance Dance Revolution X (USA).chd
ps2_chd.html;Dance Dance Revolution X2 (USA) (En,Fr,Es).chd;https://archive.org/download/ps2-redump-usa-chd-part-D/Dance Dance Revolution X2 (USA) (En,Fr,Es).chd;1014.10 MB;JOGO_EXISTE_OUTRO_LINK;Existe no banco (rom_id 376126, source 1): https://huggingface.co/datasets/luisluis123/ps2chd/resolve/main/Dance Dance Revolution X2 (USA) (En,Fr,Es).chd
ps2_chd.html;Dance Factory (USA).chd;https://archive.org/download/ps2-redump-usa-chd-part-D/Dance Factory (USA).chd;187.89 MB;JOGO_EXISTE_OUTRO_LINK;Existe no banco (rom_id 376127, source 1): https://huggingface.co/datasets/luisluis123/ps2chd/resolve/main/Dance Factory (USA).chd
ps2_chd.html;Dancing with the Stars (USA).chd;https://archive.org/download/ps2-redump-usa-chd-part-D/Dancing with the Stars (USA).chd;2.62 GB;JOGO_EXISTE_OUTRO_LINK;Existe no banco (rom_id 376128, source 1): https://huggingface.co/datasets/luisluis123/ps2chd/resolve/main/Dancing with the Stars (USA).chd
ps2_chd.html;Dark Angel - Vampire Apocalypse (USA) (v1.02).chd;https://archive.org/download/ps2-redump-usa-chd-part-D/Dark Angel - Vampire Apocalypse (USA) (v1.02).chd;435.69 MB;JOGO_EXISTE_OUTRO_LINK;Existe no banco (rom_id 376129, source 1): https://huggingface.co/datasets/luisluis123/ps2chd/resolve/main/Dark Angel - Vampire Apocalypse (USA) (v1.02).chd
ps2_chd.html;Dark Angel - Vampire Apocalypse (USA) (v2.01).chd;https://archive.org/download/ps2-redump-usa-chd-part-D/Dark Angel - Vampire Apocalypse (USA) (v2.01).chd;435.73 MB;JOGO_EXISTE_OUTRO_LINK;Existe no banco (rom_id 376129, source 1): https://huggingface.co/datasets/luisluis123/ps2chd/resolve/main/Dark Angel - Vampire Apocalypse (USA) (v1.02).chd
ps2_chd.html;Dark Cloud (USA).chd;https://archive.org/download/ps2-redump-usa-chd-part-D/Dark Cloud (USA).chd;724.21 MB;JOGO_EXISTE_OUTRO_LINK;Existe no banco (rom_id 376131, source 1): https://huggingface.co/datasets/luisluis123/ps2chd/resolve/main/Dark Cloud (USA).chd
ps2_chd.html;Dark Cloud 2 (USA) (v1.00).chd;https://archive.org/download/ps2-redump-usa-chd-part-D/Dark Cloud 2 (USA) (v1.00).chd;2.64 GB;JOGO_EXISTE_OUTRO_LINK;Existe no banco (rom_id 376132, source 1): https://huggingface.co/datasets/luisluis123/ps2chd/resolve/main/Dark Cloud 2 (USA) (v1.00).chd
ps2_chd.html;Dark Cloud 2 (USA) (v2.00).chd;https://archive.org/download/ps2-redump-usa-chd-part-D/Dark Cloud 2 (USA) (v2.00).chd;2.64 GB;JOGO_EXISTE_OUTRO_LINK;Existe no banco (rom_id 376132, source 1): https://huggingface.co/datasets/luisluis123/ps2chd/resolve/main/Dark Cloud 2 (USA) (v1.00).chd
ps2_chd.html;Dark Summit (USA).chd;https://archive.org/download/ps2-redump-usa-chd-part-D/Dark Summit (USA).chd;384.07 MB;JOGO_EXISTE_OUTRO_LINK;Existe no banco (rom_id 376134, source 1): https://huggingface.co/datasets/luisluis123/ps2chd/resolve/main/Dark Summit (USA).chd
ps2_chd.html;Darkwatch (USA).chd;https://archive.org/download/ps2-redump-usa-chd-part-D/Darkwatch (USA).chd;2.61 GB;JOGO_EXISTE_OUTRO_LINK;Existe no banco (rom_id 376135, source 1): https://huggingface.co/datasets/luisluis123/ps2chd/resolve/main/Darkwatch (USA).chd
ps2_chd.html;Dave Mirra Freestyle BMX 2 (USA).chd;https://archive.org/download/ps2-redump-usa-chd-part-D/Dave Mirra Freestyle BMX 2 (USA).chd;425.97 MB;JOGO_EXISTE_OUTRO_LINK;Existe no banco (rom_id 376136, source 1): https://huggingface.co/datasets/luisluis123/ps2chd/resolve/main/Dave Mirra Freestyle BMX 2 (USA).chd
ps2_chd.html;Dawn of Mana (USA).chd;https://archive.org/download/ps2-redump-usa-chd-part-D/Dawn of Mana (USA).chd;2.38 GB;JOGO_EXISTE_OUTRO_LINK;Existe no banco (rom_id 376137, source 1): https://huggingface.co/datasets/luisluis123/ps2chd/resolve/main/Dawn of Mana (USA).chd
ps2_chd.html;Dead to Rights (USA).chd;https://archive.org/download/ps2-redump-usa-chd-part-D/Dead to Rights (USA).chd;1.82 GB;JOGO_EXISTE_OUTRO_LINK;Existe no banco (rom_id 376138, source 1): https://huggingface.co/datasets/luisluis123/ps2chd/resolve/main/Dead to Rights (USA).chd
ps2_chd.html;Dead to Rights II (USA).chd;https://archive.org/download/ps2-redump-usa-chd-part-D/Dead to Rights II (USA).chd;1.20 GB;JOGO_EXISTE_OUTRO_LINK;Existe no banco (rom_id 376139, source 1): https://huggingface.co/datasets/luisluis123/ps2chd/resolve/main/Dead to Rights II (USA).chd
ps2_chd.html;Death by Degrees (USA).chd;https://archive.org/download/ps2-redump-usa-chd-part-D/Death by Degrees (USA).chd;2.34 GB;JOGO_EXISTE_OUTRO_LINK;Existe no banco (rom_id 376140, source 1): https://huggingface.co/datasets/luisluis123/ps2chd/resolve/main/Death by Degrees (USA).chd
ps2_chd.html;Deer Hunter (USA).chd;https://archive.org/download/ps2-redump-usa-chd-part-D/Deer Hunter (USA).chd;243.40 MB;JOGO_EXISTE_OUTRO_LINK;Existe no banco (rom_id 376141, source 1): https://huggingface.co/datasets/luisluis123/ps2chd/resolve/main/Deer Hunter (USA).chd
ps2_chd.html;Def Jam - Fight for NY (USA).chd;https://archive.org/download/ps2-redump-usa-chd-part-D/Def Jam - Fight for NY (USA).chd;2.13 GB;JOGO_EXISTE_OUTRO_LINK;Existe no banco (rom_id 376142, source 1): https://huggingface.co/datasets/luisluis123/ps2chd/resolve/main/Def Jam - Fight for NY (USA).chd
ps2_chd.html;Def Jam - Vendetta (USA).chd;https://archive.org/download/ps2-redump-usa-chd-part-D/Def Jam - Vendetta (USA).chd;1.80 GB;JOGO_EXISTE_OUTRO_LINK;Existe no banco (rom_id 376143, source 1): https://huggingface.co/datasets/luisluis123/ps2chd/resolve/main/Def Jam - Vendetta (USA).chd
ps2_chd.html;Defender (USA).chd;https://archive.org/download/ps2-redump-usa-chd-part-D/Defender (USA).chd;2.34 GB;JOGO_EXISTE_OUTRO_LINK;Existe no banco (rom_id 376144, source 1): https://huggingface.co/datasets/luisluis123/ps2chd/resolve/main/Defender (USA).chd
ps2_chd.html;Delta Force - Black Hawk Down (USA).chd;https://archive.org/download/ps2-redump-usa-chd-part-D/Delta Force - Black Hawk Down (USA).chd;857.19 MB;JOGO_EXISTE_OUTRO_LINK;Existe no banco (rom_id 376145, source 1): https://huggingface.co/datasets/luisluis123/ps2chd/resolve/main/Delta Force - Black Hawk Down (USA).chd
ps2_chd.html;Delta Force - Black Hawk Down - Team Sabre (USA).chd;https://archive.org/download/ps2-redump-usa-chd-part-D/Delta Force - Black Hawk Down - Team Sabre (USA).chd;652.28 MB;JOGO_EXISTE_OUTRO_LINK;Existe no banco (rom_id 376146, source 1): https://huggingface.co/datasets/luisluis123/ps2chd/resolve/main/Delta Force - Black Hawk Down - Team Sabre (USA).chd
ps2_chd.html;Despicable Me - The Game (USA).chd;https://archive.org/download/ps2-redump-usa-chd-part-D/Despicable Me - The Game (USA).chd;568.20 MB;JOGO_EXISTE_OUTRO_LINK;Existe no banco (rom_id 376147, source 1): https://huggingface.co/datasets/luisluis123/ps2chd/resolve/main/Despicable Me - The Game (USA).chd
ps2_chd.html;Destroy All Humans! (USA).chd;https://archive.org/download/ps2-redump-usa-chd-part-D/Destroy All Humans! (USA).chd;2.20 GB;JOGO_EXISTE_OUTRO_LINK;Existe no banco (rom_id 376148, source 1): https://huggingface.co/datasets/luisluis123/ps2chd/resolve/main/Destroy All Humans! (USA).chd
ps2_chd.html;Destroy All Humans! 2 (USA).chd;https://archive.org/download/ps2-redump-usa-chd-part-D/Destroy All Humans! 2 (USA).chd;1.87 GB;JOGO_EXISTE_OUTRO_LINK;Existe no banco (rom_id 376149, source 1): https://huggingface.co/datasets/luisluis123/ps2chd/resolve/main/Destroy All Humans! 2 (USA).chd
ps2_chd.html;Destruction Derby Arenas (USA).chd;https://archive.org/download/ps2-redump-usa-chd-part-D/Destruction Derby Arenas (USA).chd;2.30 GB;JOGO_EXISTE_OUTRO_LINK;Existe no banco (rom_id 376150, source 1): https://huggingface.co/datasets/luisluis123/ps2chd/resolve/main/Destruction Derby Arenas (USA).chd
ps2_chd.html;Deus Ex - The Conspiracy (USA).chd;https://archive.org/download/ps2-redump-usa-chd-part-D/Deus Ex - The Conspiracy (USA).chd;852.28 MB;JOGO_EXISTE_OUTRO_LINK;Existe no banco (rom_id 376151, source 1): https://huggingface.co/datasets/luisluis123/ps2chd/resolve/main/Deus Ex - The Conspiracy (USA).chd
ps2_chd.html;Devil Kings (USA).chd;https://archive.org/download/ps2-redump-usa-chd-part-D/Devil Kings (USA).chd;1.94 GB;JOGO_EXISTE_OUTRO_LINK;Existe no banco (rom_id 376152, source 1): https://huggingface.co/datasets/luisluis123/ps2chd/resolve/main/Devil Kings (USA).chd
ps2_chd.html;Devil May Cry (USA).chd;https://archive.org/download/ps2-redump-usa-chd-part-D/Devil May Cry (USA).chd;2.01 GB;JOGO_EXISTE_OUTRO_LINK;Existe no banco (rom_id 376153, source 1): https://huggingface.co/datasets/luisluis123/ps2chd/resolve/main/Devil May Cry (USA).chd
ps2_chd.html;Devil May Cry 2 (USA) (Disc 1).chd;https://archive.org/download/ps2-redump-usa-chd-part-D/Devil May Cry 2 (USA) (Disc 1).chd;1.08 GB;JOGO_EXISTE_OUTRO_LINK;Existe no banco (rom_id 376154, source 1): https://huggingface.co/datasets/luisluis123/ps2chd/resolve/main/Devil May Cry 2 (USA) (Disc 1).chd
ps2_chd.html;Devil May Cry 2 (USA) (Disc 2).chd;https://archive.org/download/ps2-redump-usa-chd-part-D/Devil May Cry 2 (USA) (Disc 2).chd;1.08 GB;JOGO_EXISTE_OUTRO_LINK;Existe no banco (rom_id 376154, source 1): https://huggingface.co/datasets/luisluis123/ps2chd/resolve/main/Devil May Cry 2 (USA) (Disc 1).chd
ps2_chd.html;Devil May Cry 3 - Dante's Awakening (USA) (En,Ja) (Special Edition).chd;https://archive.org/download/ps2-redump-usa-chd-part-D/Devil May Cry 3 - Dante's Awakening (USA) (En,Ja) (Special Edition).chd;3.17 GB;JOGO_EXISTE_OUTRO_LINK;Existe no banco (rom_id 376156, source 1): https://huggingface.co/datasets/luisluis123/ps2chd/resolve/main/Devil May Cry 3 - Dante's Awakening (USA) (En,Ja) (Special Edition).chd
ps2_chd.html;Devil May Cry 3 - Dante's Awakening (USA) (En,Ja,Ko).chd;https://archive.org/download/ps2-redump-usa-chd-part-D/Devil May Cry 3 - Dante's Awakening (USA) (En,Ja,Ko).chd;2.79 GB;JOGO_EXISTE_OUTRO_LINK;Existe no banco (rom_id 376156, source 1): https://huggingface.co/datasets/luisluis123/ps2chd/resolve/main/Devil May Cry 3 - Dante's Awakening (USA) (En,Ja) (Special Edition).chd
ps2_chd.html;Digimon Rumble Arena 2 (USA).chd;https://archive.org/download/ps2-redump-usa-chd-part-D/Digimon Rumble Arena 2 (USA).chd;508.51 MB;JOGO_EXISTE_OUTRO_LINK;Existe no banco (rom_id 376158, source 1): https://huggingface.co/datasets/luisluis123/ps2chd/resolve/main/Digimon Rumble Arena 2 (USA).chd
ps2_chd.html;Digimon World - Data Squad (USA).chd;https://archive.org/download/ps2-redump-usa-chd-part-D/Digimon World - Data Squad (USA).chd;1.25 GB;JOGO_EXISTE_OUTRO_LINK;Existe no banco (rom_id 376159, source 1): https://huggingface.co/datasets/luisluis123/ps2chd/resolve/main/Digimon World - Data Squad (USA).chd
ps2_chd.html;Digimon World 4 (USA).chd;https://archive.org/download/ps2-redump-usa-chd-part-D/Digimon World 4 (USA).chd;499.73 MB;JOGO_EXISTE_OUTRO_LINK;Existe no banco (rom_id 376160, source 1): https://huggingface.co/datasets/luisluis123/ps2chd/resolve/main/Digimon World 4 (USA).chd
ps2_chd.html;Digital Hitz Factory (USA).chd;https://archive.org/download/ps2-redump-usa-chd-part-D/Digital Hitz Factory (USA).chd;1.84 GB;JOGO_EXISTE_OUTRO_LINK;Existe no banco (rom_id 376161, source 1): https://huggingface.co/datasets/luisluis123/ps2chd/resolve/main/Digital Hitz Factory (USA).chd
ps2_chd.html;Dino Stalker (USA).chd;https://archive.org/download/ps2-redump-usa-chd-part-D/Dino Stalker (USA).chd;1.26 GB;JOGO_EXISTE_OUTRO_LINK;Existe no banco (rom_id 376162, source 1): https://huggingface.co/datasets/luisluis123/ps2chd/resolve/main/Dino Stalker (USA).chd
ps2_chd.html;Dirge of Cerberus - Final Fantasy VII (USA).chd;https://archive.org/download/ps2-redump-usa-chd-part-D/Dirge of Cerberus - Final Fantasy VII (USA).chd;3.49 GB;JOGO_EXISTE_OUTRO_LINK;Existe no banco (rom_id 376163, source 1): https://huggingface.co/datasets/luisluis123/ps2chd/resolve/main/Dirge of Cerberus - Final Fantasy VII (USA).chd
ps2_chd.html;Disaster Report (USA).chd;https://archive.org/download/ps2-redump-usa-chd-part-D/Disaster Report (USA).chd;1.45 GB;JOGO_EXISTE_OUTRO_LINK;Existe no banco (rom_id 376164, source 1): https://huggingface.co/datasets/luisluis123/ps2chd/resolve/main/Disaster Report (USA).chd
ps2_chd.html;Disgaea - Hour of Darkness (USA).chd;https://archive.org/download/ps2-redump-usa-chd-part-D/Disgaea - Hour of Darkness (USA).chd;521.52 MB;JOGO_EXISTE_OUTRO_LINK;Existe no banco (rom_id 376165, source 1): https://huggingface.co/datasets/luisluis123/ps2chd/resolve/main/Disgaea - Hour of Darkness (USA).chd
ps2_chd.html;Disgaea 2 - Cursed Memories (USA).chd;https://archive.org/download/ps2-redump-usa-chd-part-D/Disgaea 2 - Cursed Memories (USA).chd;1.01 GB;JOGO_EXISTE_OUTRO_LINK;Existe no banco (rom_id 376166, source 1): https://huggingface.co/datasets/luisluis123/ps2chd/resolve/main/Disgaea 2 - Cursed Memories (USA).chd
ps2_chd.html;Disney G-Force (USA).chd;https://archive.org/download/ps2-redump-usa-chd-part-D/Disney G-Force (USA).chd;924.90 MB;JOGO_EXISTE_OUTRO_LINK;Existe no banco (rom_id 376167, source 1): https://huggingface.co/datasets/luisluis123/ps2chd/resolve/main/Disney G-Force (USA).chd
ps2_chd.html;Disney Golf (USA).chd;https://archive.org/download/ps2-redump-usa-chd-part-D/Disney Golf (USA).chd;431.32 MB;JOGO_EXISTE_OUTRO_LINK;Existe no banco (rom_id 376168, source 1): https://huggingface.co/datasets/luisluis123/ps2chd/resolve/main/Disney Golf (USA).chd
ps2_chd.html;Disney Hannah Montana - Spotlight World Tour (USA).chd;https://archive.org/download/ps2-redump-usa-chd-part-D/Disney Hannah Montana - Spotlight World Tour (USA).chd;1.53 GB;JOGO_EXISTE_OUTRO_LINK;Existe no banco (rom_id 376169, source 1): https://huggingface.co/datasets/luisluis123/ps2chd/resolve/main/Disney Hannah Montana - Spotlight World Tour (USA).chd
ps2_chd.html;Disney High School Musical - Sing It! (USA).chd;https://archive.org/download/ps2-redump-usa-chd-part-D/Disney High School Musical - Sing It! (USA).chd;1.61 GB;JOGO_EXISTE_OUTRO_LINK;Existe no banco (rom_id 376170, source 1): https://huggingface.co/datasets/luisluis123/ps2chd/resolve/main/Disney High School Musical - Sing It! (USA).chd
ps2_chd.html;Disney High School Musical 3 - Senior Year Dance! (USA).chd;https://archive.org/download/ps2-redump-usa-chd-part-D/Disney High School Musical 3 - Senior Year Dance! (USA).chd;984.52 MB;JOGO_EXISTE_OUTRO_LINK;Existe no banco (rom_id 376171, source 1): https://huggingface.co/datasets/luisluis123/ps2chd/resolve/main/Disney High School Musical 3 - Senior Year Dance! (USA).chd
ps2_chd.html;Disney Pirates of the Caribbean - At World's End (USA).chd;https://archive.org/download/ps2-redump-usa-chd-part-D/Disney Pirates of the Caribbean - At World's End (USA).chd;478.27 MB;JOGO_EXISTE_OUTRO_LINK;Existe no banco (rom_id 376172, source 1): https://huggingface.co/datasets/luisluis123/ps2chd/resolve/main/Disney Pirates of the Caribbean - At World's End (USA).chd
ps2_chd.html;Disney Presents Piglet's Big Game (USA).chd;https://archive.org/download/ps2-redump-usa-chd-part-D/Disney Presents Piglet's Big Game (USA).chd;1.05 GB;JOGO_EXISTE_OUTRO_LINK;Existe no banco (rom_id 376173, source 1): https://huggingface.co/datasets/luisluis123/ps2chd/resolve/main/Disney Presents Piglet's Big Game (USA).chd
ps2_chd.html;Disney Princess - Enchanted Journey (USA).chd;https://archive.org/download/ps2-redump-usa-chd-part-D/Disney Princess - Enchanted Journey (USA).chd;295.59 MB;JOGO_EXISTE_OUTRO_LINK;Existe no banco (rom_id 376174, source 1): https://huggingface.co/datasets/luisluis123/ps2chd/resolve/main/Disney Princess - Enchanted Journey (USA).chd
ps2_chd.html;Disney Sing It (USA).chd;https://archive.org/download/ps2-redump-usa-chd-part-D/Disney Sing It (USA).chd;2.30 GB;JOGO_EXISTE_OUTRO_LINK;Existe no banco (rom_id 376175, source 1): https://huggingface.co/datasets/luisluis123/ps2chd/resolve/main/Disney Sing It (USA).chd
ps2_chd.html;Disney Sing It - High School Musical 3 - Senior Year (USA).chd;https://archive.org/download/ps2-redump-usa-chd-part-D/Disney Sing It - High School Musical 3 - Senior Year (USA).chd;2.53 GB;JOGO_EXISTE_OUTRO_LINK;Existe no banco (rom_id 376176, source 1): https://huggingface.co/datasets/luisluis123/ps2chd/resolve/main/Disney Sing It - High School Musical 3 - Senior Year (USA).chd
ps2_chd.html;Disney Sing It - Pop Hits (USA).chd;https://archive.org/download/ps2-redump-usa-chd-part-D/Disney Sing It - Pop Hits (USA).chd;1.85 GB;JOGO_EXISTE_OUTRO_LINK;Existe no banco (rom_id 376177, source 1): https://huggingface.co/datasets/luisluis123/ps2chd/resolve/main/Disney Sing It - Pop Hits (USA).chd
ps2_chd.html;Disney Think Fast (USA).chd;https://archive.org/download/ps2-redump-usa-chd-part-D/Disney Think Fast (USA).chd;1.28 GB;JOGO_EXISTE_OUTRO_LINK;Existe no banco (rom_id 376178, source 1): https://huggingface.co/datasets/luisluis123/ps2chd/resolve/main/Disney Think Fast (USA).chd
ps2_chd.html;Disney's Chicken Little (USA).chd;https://archive.org/download/ps2-redump-usa-chd-part-D/Disney's Chicken Little (USA).chd;1.24 GB;JOGO_EXISTE_OUTRO_LINK;Existe no banco (rom_id 376179, source 1): https://huggingface.co/datasets/luisluis123/ps2chd/resolve/main/Disney's Chicken Little (USA).chd
ps2_chd.html;Disney's Chicken Little - Ace in Action (USA).chd;https://archive.org/download/ps2-redump-usa-chd-part-D/Disney's Chicken Little - Ace in Action (USA).chd;1.26 GB;JOGO_EXISTE_OUTRO_LINK;Existe no banco (rom_id 376180, source 1): https://huggingface.co/datasets/luisluis123/ps2chd/resolve/main/Disney's Chicken Little - Ace in Action (USA).chd
ps2_chd.html;Disney's Donald Duck - Goin' Quackers (USA).chd;https://archive.org/download/ps2-redump-usa-chd-part-D/Disney's Donald Duck - Goin' Quackers (USA).chd;497.88 MB;JOGO_EXISTE_OUTRO_LINK;Existe no banco (rom_id 376181, source 1): https://huggingface.co/datasets/luisluis123/ps2chd/resolve/main/Disney's Donald Duck - Goin' Quackers (USA).chd
ps2_chd.html;Disney's Extreme Skate Adventure (USA).chd;https://archive.org/download/ps2-redump-usa-chd-part-D/Disney's Extreme Skate Adventure (USA).chd;1.79 GB;JOGO_EXISTE_OUTRO_LINK;Existe no banco (rom_id 376182, source 1): https://huggingface.co/datasets/luisluis123/ps2chd/resolve/main/Disney's Extreme Skate Adventure (USA).chd
ps2_chd.html;Disney's Kim Possible - What's the Switch (USA).chd;https://archive.org/download/ps2-redump-usa-chd-part-D/Disney's Kim Possible - What's the Switch (USA).chd;364.27 MB;JOGO_EXISTE_OUTRO_LINK;Existe no banco (rom_id 376183, source 1): https://huggingface.co/datasets/luisluis123/ps2chd/resolve/main/Disney's Kim Possible - What's the Switch (USA).chd
ps2_chd.html;Disney's PK - Out of the Shadows (USA) (En,Fr,De,It).chd;https://archive.org/download/ps2-redump-usa-chd-part-D/Disney's PK - Out of the Shadows (USA) (En,Fr,De,It).chd;399.92 MB;JOGO_EXISTE_OUTRO_LINK;Existe no banco (rom_id 376184, source 1): https://huggingface.co/datasets/luisluis123/ps2chd/resolve/main/Disney's PK - Out of the Shadows (USA) (En,Fr,De,It).chd
ps2_chd.html;Disney's Stitch - Experiment 626 (USA).chd;https://archive.org/download/ps2-redump-usa-chd-part-D/Disney's Stitch - Experiment 626 (USA).chd;1.29 GB;JOGO_EXISTE_OUTRO_LINK;Existe no banco (rom_id 376185, source 1): https://huggingface.co/datasets/luisluis123/ps2chd/resolve/main/Disney's Stitch - Experiment 626 (USA).chd
ps2_chd.html;Disney's Tarzan - Untamed (USA).chd;https://archive.org/download/ps2-redump-usa-chd-part-D/Disney's Tarzan - Untamed (USA).chd;691.66 MB;JOGO_EXISTE_OUTRO_LINK;Existe no banco (rom_id 376186, source 1): https://huggingface.co/datasets/luisluis123/ps2chd/resolve/main/Disney's Tarzan - Untamed (USA).chd
ps2_chd.html;Disney's The Haunted Mansion (USA).chd;https://archive.org/download/ps2-redump-usa-chd-part-D/Disney's The Haunted Mansion (USA).chd;440.52 MB;JOGO_EXISTE_OUTRO_LINK;Existe no banco (rom_id 376187, source 1): https://huggingface.co/datasets/luisluis123/ps2chd/resolve/main/Disney's The Haunted Mansion (USA).chd
ps2_chd.html;Disney's Treasure Planet (USA).chd;https://archive.org/download/ps2-redump-usa-chd-part-D/Disney's Treasure Planet (USA).chd;1.51 GB;JOGO_EXISTE_OUTRO_LINK;Existe no banco (rom_id 376188, source 1): https://huggingface.co/datasets/luisluis123/ps2chd/resolve/main/Disney's Treasure Planet (USA).chd
ps2_chd.html;Disney's Winnie the Pooh's Rumbly Tumbly Adventure (USA) (En,Fr,Es).chd;https://archive.org/download/ps2-redump-usa-chd-part-D/Disney's Winnie the Pooh's Rumbly Tumbly Adventure (USA) (En,Fr,Es).chd;974.87 MB;JOGO_EXISTE_OUTRO_LINK;Existe no banco (rom_id 376189, source 1): https://huggingface.co/datasets/luisluis123/ps2chd/resolve/main/Disney's Winnie the Pooh's Rumbly Tumbly Adventure (USA) (En,Fr,Es).chd
ps2_chd.html;Disney-Pixar Cars (USA).chd;https://archive.org/download/ps2-redump-usa-chd-part-D/Disney-Pixar Cars (USA).chd;1.75 GB;JOGO_EXISTE_OUTRO_LINK;Existe no banco (rom_id 376190, source 1): https://huggingface.co/datasets/luisluis123/ps2chd/resolve/main/Disney-Pixar Cars (USA).chd
ps2_chd.html;Disney-Pixar Cars - Mater-National Championship (USA).chd;https://archive.org/download/ps2-redump-usa-chd-part-D/Disney-Pixar Cars - Mater-National Championship (USA).chd;1.11 GB;JOGO_EXISTE_OUTRO_LINK;Existe no banco (rom_id 376191, source 1): https://huggingface.co/datasets/luisluis123/ps2chd/resolve/main/Disney-Pixar Cars - Mater-National Championship (USA).chd
ps2_chd.html;Disney-Pixar Cars - Race-O-Rama (USA).chd;https://archive.org/download/ps2-redump-usa-chd-part-D/Disney-Pixar Cars - Race-O-Rama (USA).chd;1.23 GB;JOGO_EXISTE_OUTRO_LINK;Existe no banco (rom_id 376192, source 1): https://huggingface.co/datasets/luisluis123/ps2chd/resolve/main/Disney-Pixar Cars - Race-O-Rama (USA).chd
ps2_chd.html;Disney-Pixar Finding Nemo (USA).chd;https://archive.org/download/ps2-redump-usa-chd-part-D/Disney-Pixar Finding Nemo (USA).chd;1.55 GB;JOGO_EXISTE_OUTRO_LINK;Existe no banco (rom_id 376193, source 1): https://huggingface.co/datasets/luisluis123/ps2chd/resolve/main/Disney-Pixar Finding Nemo (USA).chd
ps2_chd.html;Disney-Pixar Monsters, Inc. (USA).chd;https://archive.org/download/ps2-redump-usa-chd-part-D/Disney-Pixar Monsters, Inc. (USA).chd;1.83 GB;JOGO_EXISTE_OUTRO_LINK;Existe no banco (rom_id 376194, source 1): https://huggingface.co/datasets/luisluis123/ps2chd/resolve/main/Disney-Pixar Monsters, Inc. (USA).chd
ps2_chd.html;Disney-Pixar Ratatouille (USA).chd;https://archive.org/download/ps2-redump-usa-chd-part-D/Disney-Pixar Ratatouille (USA).chd;634.92 MB;JOGO_EXISTE_OUTRO_LINK;Existe no banco (rom_id 376195, source 1): https://huggingface.co/datasets/luisluis123/ps2chd/resolve/main/Disney-Pixar Ratatouille (USA).chd
ps2_chd.html;Disney-Pixar The Incredibles (USA).chd;https://archive.org/download/ps2-redump-usa-chd-part-D/Disney-Pixar The Incredibles (USA).chd;1.37 GB;JOGO_EXISTE_OUTRO_LINK;Existe no banco (rom_id 376196, source 1): https://huggingface.co/datasets/luisluis123/ps2chd/resolve/main/Disney-Pixar The Incredibles (USA).chd
ps2_chd.html;Disney-Pixar The Incredibles - Rise of the Underminer (USA).chd;https://archive.org/download/ps2-redump-usa-chd-part-D/Disney-Pixar The Incredibles - Rise of the Underminer (USA).chd;1.24 GB;JOGO_EXISTE_OUTRO_LINK;Existe no banco (rom_id 376197, source 1): https://huggingface.co/datasets/luisluis123/ps2chd/resolve/main/Disney-Pixar The Incredibles - Rise of the Underminer (USA).chd
ps2_chd.html;Disney-Pixar Toy Story 3 (USA) (En,Fr,Es).chd;https://archive.org/download/ps2-redump-usa-chd-part-D/Disney-Pixar Toy Story 3 (USA) (En,Fr,Es).chd;203.25 MB;JOGO_EXISTE_OUTRO_LINK;Existe no banco (rom_id 376198, source 1): https://huggingface.co/datasets/luisluis123/ps2chd/resolve/main/Disney-Pixar Toy Story 3 (USA) (En,Fr,Es).chd
ps2_chd.html;Disney-Pixar Up (USA) (En,Fr).chd;https://archive.org/download/ps2-redump-usa-chd-part-D/Disney-Pixar Up (USA) (En,Fr).chd;856.32 MB;JOGO_EXISTE_OUTRO_LINK;Existe no banco (rom_id 376199, source 1): https://huggingface.co/datasets/luisluis123/ps2chd/resolve/main/Disney-Pixar Up (USA) (En,Fr).chd
ps2_chd.html;Disney-Pixar WALL-E (USA) (En,Fr,Es).chd;https://archive.org/download/ps2-redump-usa-chd-part-D/Disney-Pixar WALL-E (USA) (En,Fr,Es).chd;1.49 GB;JOGO_EXISTE_OUTRO_LINK;Existe no banco (rom_id 376200, source 1): https://huggingface.co/datasets/luisluis123/ps2chd/resolve/main/Disney-Pixar WALL-E (USA) (En,Fr,Es).chd
ps2_chd.html;Dog's Life (USA).chd;https://archive.org/download/ps2-redump-usa-chd-part-D/Dog's Life (USA).chd;449.97 MB;JOGO_EXISTE_OUTRO_LINK;Existe no banco (rom_id 376201, source 1): https://huggingface.co/datasets/luisluis123/ps2chd/resolve/main/Dog's Life (USA).chd
ps2_chd.html;Dokapon Kingdom (USA).chd;https://archive.org/download/ps2-redump-usa-chd-part-D/Dokapon Kingdom (USA).chd;265.73 MB;JOGO_EXISTE_OUTRO_LINK;Existe no banco (rom_id 376202, source 1): https://huggingface.co/datasets/luisluis123/ps2chd/resolve/main/Dokapon Kingdom (USA).chd
ps2_chd.html;Dot Hack G.U. Vol. 1 - Rebirth (USA).chd;https://archive.org/download/ps2-redump-usa-chd-part-D/Dot Hack G.U. Vol. 1 - Rebirth (USA).chd;2.98 GB;JOGO_EXISTE_OUTRO_LINK;Existe no banco (rom_id 376203, source 1): https://huggingface.co/datasets/luisluis123/ps2chd/resolve/main/Dot Hack G.U. Vol. 1 - Rebirth (USA).chd
ps2_chd.html;Dot Hack G.U. Vol. 2 - Reminisce (USA).chd;https://archive.org/download/ps2-redump-usa-chd-part-D/Dot Hack G.U. Vol. 2 - Reminisce (USA).chd;3.33 GB;JOGO_EXISTE_OUTRO_LINK;Existe no banco (rom_id 376204, source 1): https://huggingface.co/datasets/luisluis123/ps2chd/resolve/main/Dot Hack G.U. Vol. 2 - Reminisce (USA).chd
ps2_chd.html;Dot Hack G.U. Vol. 3 - Redemption (USA).chd;https://archive.org/download/ps2-redump-usa-chd-part-D/Dot Hack G.U. Vol. 3 - Redemption (USA).chd;3.32 GB;JOGO_EXISTE_OUTRO_LINK;Existe no banco (rom_id 376205, source 1): https://huggingface.co/datasets/luisluis123/ps2chd/resolve/main/Dot Hack G.U. Vol. 3 - Redemption (USA).chd
ps2_chd.html;Dot Hack Part 1 - Infection (USA).chd;https://archive.org/download/ps2-redump-usa-chd-part-D/Dot Hack Part 1 - Infection (USA).chd;2.04 GB;JOGO_EXISTE_OUTRO_LINK;Existe no banco (rom_id 376206, source 1): https://huggingface.co/datasets/luisluis123/ps2chd/resolve/main/Dot Hack Part 1 - Infection (USA).chd
ps2_chd.html;Dot Hack Part 2 - Mutation (USA).chd;https://archive.org/download/ps2-redump-usa-chd-part-D/Dot Hack Part 2 - Mutation (USA).chd;3.15 GB;JOGO_EXISTE_OUTRO_LINK;Existe no banco (rom_id 376207, source 1): https://huggingface.co/datasets/luisluis123/ps2chd/resolve/main/Dot Hack Part 2 - Mutation (USA).chd
ps2_chd.html;Dot Hack Part 3 - Outbreak (USA).chd;https://archive.org/download/ps2-redump-usa-chd-part-D/Dot Hack Part 3 - Outbreak (USA).chd;3.17 GB;JOGO_EXISTE_OUTRO_LINK;Existe no banco (rom_id 376208, source 1): https://huggingface.co/datasets/luisluis123/ps2chd/resolve/main/Dot Hack Part 3 - Outbreak (USA).chd
ps2_chd.html;Dot Hack Part 4 - Quarantine (USA).chd;https://archive.org/download/ps2-redump-usa-chd-part-D/Dot Hack Part 4 - Quarantine (USA).chd;3.74 GB;JOGO_EXISTE_OUTRO_LINK;Existe no banco (rom_id 376209, source 1): https://huggingface.co/datasets/luisluis123/ps2chd/resolve/main/Dot Hack Part 4 - Quarantine (USA).chd
ps2_chd.html;Downforce (USA).chd;https://archive.org/download/ps2-redump-usa-chd-part-D/Downforce (USA).chd;390.01 MB;JOGO_EXISTE_OUTRO_LINK;Existe no banco (rom_id 376210, source 1): https://huggingface.co/datasets/luisluis123/ps2chd/resolve/main/Downforce (USA).chd
ps2_chd.html;Downhill Domination (USA).chd;https://archive.org/download/ps2-redump-usa-chd-part-D/Downhill Domination (USA).chd;2.12 GB;JOGO_EXISTE_OUTRO_LINK;Existe no banco (rom_id 376211, source 1): https://huggingface.co/datasets/luisluis123/ps2chd/resolve/main/Downhill Domination (USA).chd
ps2_chd.html;Dr. Muto (USA).chd;https://archive.org/download/ps2-redump-usa-chd-part-D/Dr. Muto (USA).chd;1.58 GB;JOGO_EXISTE_OUTRO_LINK;Existe no banco (rom_id 376212, source 1): https://huggingface.co/datasets/luisluis123/ps2chd/resolve/main/Dr. Muto (USA).chd
ps2_chd.html;Dr. Seuss' The Cat in the Hat (USA).chd;https://archive.org/download/ps2-redump-usa-chd-part-D/Dr. Seuss' The Cat in the Hat (USA).chd;480.51 MB;JOGO_EXISTE_OUTRO_LINK;Existe no banco (rom_id 376213, source 1): https://huggingface.co/datasets/luisluis123/ps2chd/resolve/main/Dr. Seuss' The Cat in the Hat (USA).chd
ps2_chd.html;Dragon Ball Z - Budokai (USA).chd;https://archive.org/download/ps2-redump-usa-chd-part-D/Dragon Ball Z - Budokai (USA).chd;751.54 MB;JOGO_EXISTE_OUTRO_LINK;Existe no banco (rom_id 376214, source 1): https://huggingface.co/datasets/luisluis123/ps2chd/resolve/main/Dragon Ball Z - Budokai (USA).chd
ps2_chd.html;Dragon Ball Z - Budokai 2 (USA).chd;https://archive.org/download/ps2-redump-usa-chd-part-D/Dragon Ball Z - Budokai 2 (USA).chd;481.53 MB;JOGO_EXISTE_OUTRO_LINK;Existe no banco (rom_id 376215, source 1): https://huggingface.co/datasets/luisluis123/ps2chd/resolve/main/Dragon Ball Z - Budokai 2 (USA).chd
ps2_chd.html;Dragon Ball Z - Budokai 3 (USA) (Greatest Hits).chd;https://archive.org/download/ps2-redump-usa-chd-part-D/Dragon Ball Z - Budokai 3 (USA) (Greatest Hits).chd;1.59 GB;JOGO_EXISTE_OUTRO_LINK;Existe no banco (rom_id 376216, source 1): https://huggingface.co/datasets/luisluis123/ps2chd/resolve/main/Dragon Ball Z - Budokai 3 (USA) (Greatest Hits).chd
ps2_chd.html;Dragon Ball Z - Budokai 3 (USA).chd;https://archive.org/download/ps2-redump-usa-chd-part-D/Dragon Ball Z - Budokai 3 (USA).chd;958.51 MB;JOGO_EXISTE_OUTRO_LINK;Existe no banco (rom_id 376216, source 1): https://huggingface.co/datasets/luisluis123/ps2chd/resolve/main/Dragon Ball Z - Budokai 3 (USA) (Greatest Hits).chd
ps2_chd.html;Dragon Ball Z - Budokai Tenkaichi (USA).chd;https://archive.org/download/ps2-redump-usa-chd-part-D/Dragon Ball Z - Budokai Tenkaichi (USA).chd;2.25 GB;JOGO_EXISTE_OUTRO_LINK;Existe no banco (rom_id 376218, source 1): https://huggingface.co/datasets/luisluis123/ps2chd/resolve/main/Dragon Ball Z - Budokai Tenkaichi (USA).chd
ps2_chd.html;Dragon Ball Z - Budokai Tenkaichi 2 (USA) (En,Ja).chd;https://archive.org/download/ps2-redump-usa-chd-part-D/Dragon Ball Z - Budokai Tenkaichi 2 (USA) (En,Ja).chd;1.59 GB;JOGO_EXISTE_OUTRO_LINK;Existe no banco (rom_id 376219, source 1): https://huggingface.co/datasets/luisluis123/ps2chd/resolve/main/Dragon Ball Z - Budokai Tenkaichi 2 (USA) (En,Ja).chd
ps2_chd.html;Dragon Ball Z - Budokai Tenkaichi 3 (USA) (En,Ja).chd;https://archive.org/download/ps2-redump-usa-chd-part-D/Dragon Ball Z - Budokai Tenkaichi 3 (USA) (En,Ja).chd;1.73 GB;JOGO_EXISTE_OUTRO_LINK;Existe no banco (rom_id 376220, source 1): https://huggingface.co/datasets/luisluis123/ps2chd/resolve/main/Dragon Ball Z - Budokai Tenkaichi 3 (USA) (En,Ja).chd
ps2_chd.html;Dragon Ball Z - Infinite World (USA).chd;https://archive.org/download/ps2-redump-usa-chd-part-D/Dragon Ball Z - Infinite World (USA).chd;1.76 GB;JOGO_EXISTE_OUTRO_LINK;Existe no banco (rom_id 376221, source 1): https://huggingface.co/datasets/luisluis123/ps2chd/resolve/main/Dragon Ball Z - Infinite World (USA).chd
ps2_chd.html;Dragon Ball Z - Sagas (USA).chd;https://archive.org/download/ps2-redump-usa-chd-part-D/Dragon Ball Z - Sagas (USA).chd;1.12 GB;JOGO_EXISTE_OUTRO_LINK;Existe no banco (rom_id 376222, source 1): https://huggingface.co/datasets/luisluis123/ps2chd/resolve/main/Dragon Ball Z - Sagas (USA).chd
ps2_chd.html;Dragon Quest VIII - Journey of the Cursed King (USA).chd;https://archive.org/download/ps2-redump-usa-chd-part-D/Dragon Quest VIII - Journey of the Cursed King (USA).chd;2.83 GB;JOGO_EXISTE_OUTRO_LINK;Existe no banco (rom_id 376223, source 1): https://huggingface.co/datasets/luisluis123/ps2chd/resolve/main/Dragon Quest VIII - Journey of the Cursed King (USA).chd
ps2_chd.html;Dragon Rage (USA).chd;https://archive.org/download/ps2-redump-usa-chd-part-D/Dragon Rage (USA).chd;482.01 MB;JOGO_EXISTE_OUTRO_LINK;Existe no banco (rom_id 376224, source 1): https://huggingface.co/datasets/luisluis123/ps2chd/resolve/main/Dragon Rage (USA).chd
ps2_chd.html;Drakan - The Ancients' Gates (USA).chd;https://archive.org/download/ps2-redump-usa-chd-part-D/Drakan - The Ancients' Gates (USA).chd;1.54 GB;JOGO_EXISTE_OUTRO_LINK;Existe no banco (rom_id 376225, source 1): https://huggingface.co/datasets/luisluis123/ps2chd/resolve/main/Drakan - The Ancients' Gates (USA).chd
ps2_chd.html;Drakengard (USA).chd;https://archive.org/download/ps2-redump-usa-chd-part-D/Drakengard (USA).chd;3.31 GB;JOGO_EXISTE_OUTRO_LINK;Existe no banco (rom_id 376226, source 1): https://huggingface.co/datasets/luisluis123/ps2chd/resolve/main/Drakengard (USA).chd
ps2_chd.html;Drakengard 2 (USA).chd;https://archive.org/download/ps2-redump-usa-chd-part-D/Drakengard 2 (USA).chd;2.48 GB;JOGO_EXISTE_OUTRO_LINK;Existe no banco (rom_id 376227, source 1): https://huggingface.co/datasets/luisluis123/ps2chd/resolve/main/Drakengard 2 (USA).chd
ps2_chd.html;DreamWorks & Aardman Flushed Away (USA).chd;https://archive.org/download/ps2-redump-usa-chd-part-D/DreamWorks & Aardman Flushed Away (USA).chd;667.36 MB;JOGO_EXISTE_OUTRO_LINK;Existe no banco (rom_id 376228, source 1): https://huggingface.co/datasets/luisluis123/ps2chd/resolve/main/DreamWorks & Aardman Flushed Away (USA).chd
ps2_chd.html;DreamWorks Bee Movie Game (USA).chd;https://archive.org/download/ps2-redump-usa-chd-part-D/DreamWorks Bee Movie Game (USA).chd;1.15 GB;JOGO_EXISTE_OUTRO_LINK;Existe no banco (rom_id 376229, source 1): https://huggingface.co/datasets/luisluis123/ps2chd/resolve/main/DreamWorks Bee Movie Game (USA).chd
ps2_chd.html;DreamWorks Kung Fu Panda (USA).chd;https://archive.org/download/ps2-redump-usa-chd-part-D/DreamWorks Kung Fu Panda (USA).chd;1.25 GB;JOGO_EXISTE_OUTRO_LINK;Existe no banco (rom_id 376230, source 1): https://huggingface.co/datasets/luisluis123/ps2chd/resolve/main/DreamWorks Kung Fu Panda (USA).chd
ps2_chd.html;DreamWorks Madagascar (USA) (v1.01).chd;https://archive.org/download/ps2-redump-usa-chd-part-D/DreamWorks Madagascar (USA) (v1.01).chd;455.50 MB;JOGO_EXISTE_OUTRO_LINK;Existe no banco (rom_id 376231, source 1): https://huggingface.co/datasets/luisluis123/ps2chd/resolve/main/DreamWorks Madagascar (USA) (v1.01).chd
ps2_chd.html;DreamWorks Madagascar (USA) (v2.01).chd;https://archive.org/download/ps2-redump-usa-chd-part-D/DreamWorks Madagascar (USA) (v2.01).chd;439.25 MB;JOGO_EXISTE_OUTRO_LINK;Existe no banco (rom_id 376231, source 1): https://huggingface.co/datasets/luisluis123/ps2chd/resolve/main/DreamWorks Madagascar (USA) (v1.01).chd
ps2_chd.html;DreamWorks Madagascar (USA) (v3.01).chd;https://archive.org/download/ps2-redump-usa-chd-part-D/DreamWorks Madagascar (USA) (v3.01).chd;527.13 MB;JOGO_EXISTE_OUTRO_LINK;Existe no banco (rom_id 376231, source 1): https://huggingface.co/datasets/luisluis123/ps2chd/resolve/main/DreamWorks Madagascar (USA) (v1.01).chd
ps2_chd.html;DreamWorks Madagascar - Escape 2 Africa (USA).chd;https://archive.org/download/ps2-redump-usa-chd-part-D/DreamWorks Madagascar - Escape 2 Africa (USA).chd;1.44 GB;JOGO_EXISTE_OUTRO_LINK;Existe no banco (rom_id 376234, source 1): https://huggingface.co/datasets/luisluis123/ps2chd/resolve/main/DreamWorks Madagascar - Escape 2 Africa (USA).chd
ps2_chd.html;DreamWorks Monsters vs. Aliens (USA).chd;https://archive.org/download/ps2-redump-usa-chd-part-D/DreamWorks Monsters vs. Aliens (USA).chd;1.71 GB;JOGO_EXISTE_OUTRO_LINK;Existe no banco (rom_id 376235, source 1): https://huggingface.co/datasets/luisluis123/ps2chd/resolve/main/DreamWorks Monsters vs. Aliens (USA).chd
ps2_chd.html;DreamWorks Over the Hedge (USA).chd;https://archive.org/download/ps2-redump-usa-chd-part-D/DreamWorks Over the Hedge (USA).chd;1.36 GB;JOGO_EXISTE_OUTRO_LINK;Existe no banco (rom_id 376236, source 1): https://huggingface.co/datasets/luisluis123/ps2chd/resolve/main/DreamWorks Over the Hedge (USA).chd
ps2_chd.html;DreamWorks Shark Tale (USA).chd;https://archive.org/download/ps2-redump-usa-chd-part-D/DreamWorks Shark Tale (USA).chd;1.11 GB;JOGO_EXISTE_OUTRO_LINK;Existe no banco (rom_id 376237, source 1): https://huggingface.co/datasets/luisluis123/ps2chd/resolve/main/DreamWorks Shark Tale (USA).chd
ps2_chd.html;DreamWorks Shrek - Smash n' Crash Racing (USA).chd;https://archive.org/download/ps2-redump-usa-chd-part-D/DreamWorks Shrek - Smash n' Crash Racing (USA).chd;836.51 MB;JOGO_EXISTE_OUTRO_LINK;Existe no banco (rom_id 376238, source 1): https://huggingface.co/datasets/luisluis123/ps2chd/resolve/main/DreamWorks Shrek - Smash n' Crash Racing (USA).chd
ps2_chd.html;DreamWorks Shrek - SuperSlam (USA).chd;https://archive.org/download/ps2-redump-usa-chd-part-D/DreamWorks Shrek - SuperSlam (USA).chd;1.16 GB;JOGO_EXISTE_OUTRO_LINK;Existe no banco (rom_id 376239, source 1): https://huggingface.co/datasets/luisluis123/ps2chd/resolve/main/DreamWorks Shrek - SuperSlam (USA).chd
ps2_chd.html;DreamWorks Shrek the Third (USA).chd;https://archive.org/download/ps2-redump-usa-chd-part-D/DreamWorks Shrek the Third (USA).chd;929.35 MB;JOGO_EXISTE_OUTRO_LINK;Existe no banco (rom_id 376240, source 1): https://huggingface.co/datasets/luisluis123/ps2chd/resolve/main/DreamWorks Shrek the Third (USA).chd
ps2_chd.html;DreamWorks Shrek's Carnival Craze - Party Games (USA).chd;https://archive.org/download/ps2-redump-usa-chd-part-D/DreamWorks Shrek's Carnival Craze - Party Games (USA).chd;1.53 GB;JOGO_EXISTE_OUTRO_LINK;Existe no banco (rom_id 376241, source 1): https://huggingface.co/datasets/luisluis123/ps2chd/resolve/main/DreamWorks Shrek's Carnival Craze - Party Games (USA).chd
ps2_chd.html;Driv3r (USA) (En,Fr,Es).chd;https://archive.org/download/ps2-redump-usa-chd-part-D/Driv3r (USA) (En,Fr,Es).chd;3.17 GB;JOGO_EXISTE_OUTRO_LINK;Existe no banco (rom_id 376242, source 1): https://huggingface.co/datasets/luisluis123/ps2chd/resolve/main/Driv3r (USA) (En,Fr,Es).chd
ps2_chd.html;Drive to Survive (USA).chd;https://archive.org/download/ps2-redump-usa-chd-part-D/Drive to Survive (USA).chd;189.17 MB;JOGO_EXISTE_OUTRO_LINK;Existe no banco (rom_id 376243, source 1): https://huggingface.co/datasets/luisluis123/ps2chd/resolve/main/Drive to Survive (USA).chd
ps2_chd.html;Driven (USA) (En,Fr,De,Es,It).chd;https://archive.org/download/ps2-redump-usa-chd-part-D/Driven (USA) (En,Fr,De,Es,It).chd;2.54 GB;JOGO_EXISTE_OUTRO_LINK;Existe no banco (rom_id 376244, source 1): https://huggingface.co/datasets/luisluis123/ps2chd/resolve/main/Driven (USA) (En,Fr,De,Es,It).chd
ps2_chd.html;Driver - Parallel Lines (USA) (Limited Edition).chd;https://archive.org/download/ps2-redump-usa-chd-part-D/Driver - Parallel Lines (USA) (Limited Edition).chd;3.15 GB;JOGO_EXISTE_OUTRO_LINK;Existe no banco (rom_id 376245, source 1): https://huggingface.co/datasets/luisluis123/ps2chd/resolve/main/Driver - Parallel Lines (USA) (Limited Edition).chd
ps2_chd.html;Driver - Parallel Lines (USA).chd;https://archive.org/download/ps2-redump-usa-chd-part-D/Driver - Parallel Lines (USA).chd;2.84 GB;JOGO_EXISTE_OUTRO_LINK;Existe no banco (rom_id 376245, source 1): https://huggingface.co/datasets/luisluis123/ps2chd/resolve/main/Driver - Parallel Lines (USA) (Limited Edition).chd
ps2_chd.html;Driving Emotion Type-S (USA) (En,Fr,De,Es,It).chd;https://archive.org/download/ps2-redump-usa-chd-part-D/Driving Emotion Type-S (USA) (En,Fr,De,Es,It).chd;319.80 MB;JOGO_EXISTE_OUTRO_LINK;Existe no banco (rom_id 376247, source 1): https://huggingface.co/datasets/luisluis123/ps2chd/resolve/main/Driving Emotion Type-S (USA) (En,Fr,De,Es,It).chd
ps2_chd.html;Drome Racers (USA).chd;https://archive.org/download/ps2-redump-usa-chd-part-D/Drome Racers (USA).chd;447.81 MB;JOGO_EXISTE_OUTRO_LINK;Existe no banco (rom_id 376248, source 1): https://huggingface.co/datasets/luisluis123/ps2chd/resolve/main/Drome Racers (USA).chd
ps2_chd.html;Dropship - United Peace Force (USA).chd;https://archive.org/download/ps2-redump-usa-chd-part-D/Dropship - United Peace Force (USA).chd;685.58 MB;JOGO_EXISTE_OUTRO_LINK;Existe no banco (rom_id 376249, source 1): https://huggingface.co/datasets/luisluis123/ps2chd/resolve/main/Dropship - United Peace Force (USA).chd
ps2_chd.html;Dual Hearts (USA).chd;https://archive.org/download/ps2-redump-usa-chd-part-D/Dual Hearts (USA).chd;1.20 GB;JOGO_EXISTE_OUTRO_LINK;Existe no banco (rom_id 376250, source 1): https://huggingface.co/datasets/luisluis123/ps2chd/resolve/main/Dual Hearts (USA).chd
ps2_chd.html;Duel Masters (USA).chd;https://archive.org/download/ps2-redump-usa-chd-part-D/Duel Masters (USA).chd;1.02 GB;JOGO_EXISTE_OUTRO_LINK;Existe no banco (rom_id 376251, source 1): https://huggingface.co/datasets/luisluis123/ps2chd/resolve/main/Duel Masters (USA).chd
ps2_chd.html;Dukes of Hazzard, The - Return of the General Lee (USA).chd;https://archive.org/download/ps2-redump-usa-chd-part-D/Dukes of Hazzard, The - Return of the General Lee (USA).chd;1.66 GB;JOGO_EXISTE_OUTRO_LINK;Existe no banco (rom_id 376252, source 1): https://huggingface.co/datasets/luisluis123/ps2chd/resolve/main/Dukes of Hazzard, The - Return of the General Lee (USA).chd
ps2_chd.html;Dynasty Tactics (USA).chd;https://archive.org/download/ps2-redump-usa-chd-part-D/Dynasty Tactics (USA).chd;2.88 GB;JOGO_EXISTE_OUTRO_LINK;Existe no banco (rom_id 376253, source 1): https://huggingface.co/datasets/luisluis123/ps2chd/resolve/main/Dynasty Tactics (USA).chd
ps2_chd.html;Dynasty Tactics 2 (USA).chd;https://archive.org/download/ps2-redump-usa-chd-part-D/Dynasty Tactics 2 (USA).chd;2.45 GB;JOGO_EXISTE_OUTRO_LINK;Existe no banco (rom_id 376254, source 1): https://huggingface.co/datasets/luisluis123/ps2chd/resolve/main/Dynasty Tactics 2 (USA).chd
ps2_chd.html;Dynasty Warriors - Gundam 2 (USA).chd;https://archive.org/download/ps2-redump-usa-chd-part-D/Dynasty Warriors - Gundam 2 (USA).chd;2.76 GB;JOGO_EXISTE_OUTRO_LINK;Existe no banco (rom_id 376255, source 1): https://huggingface.co/datasets/luisluis123/ps2chd/resolve/main/Dynasty Warriors - Gundam 2 (USA).chd
ps2_chd.html;Dynasty Warriors 2 (USA).chd;https://archive.org/download/ps2-redump-usa-chd-part-D/Dynasty Warriors 2 (USA).chd;419.21 MB;JOGO_EXISTE_OUTRO_LINK;Existe no banco (rom_id 376256, source 1): https://huggingface.co/datasets/luisluis123/ps2chd/resolve/main/Dynasty Warriors 2 (USA).chd
ps2_chd.html;Dynasty Warriors 3 (USA).chd;https://archive.org/download/ps2-redump-usa-chd-part-D/Dynasty Warriors 3 (USA).chd;1.38 GB;JOGO_EXISTE_OUTRO_LINK;Existe no banco (rom_id 376257, source 1): https://huggingface.co/datasets/luisluis123/ps2chd/resolve/main/Dynasty Warriors 3 (USA).chd
ps2_chd.html;Dynasty Warriors 3 - Xtreme Legends (USA).chd;https://archive.org/download/ps2-redump-usa-chd-part-D/Dynasty Warriors 3 - Xtreme Legends (USA).chd;2.40 GB;JOGO_EXISTE_OUTRO_LINK;Existe no banco (rom_id 376258, source 1): https://huggingface.co/datasets/luisluis123/ps2chd/resolve/main/Dynasty Warriors 3 - Xtreme Legends (USA).chd
ps2_chd.html;Dynasty Warriors 4 (USA).chd;https://archive.org/download/ps2-redump-usa-chd-part-D/Dynasty Warriors 4 (USA).chd;2.05 GB;JOGO_EXISTE_OUTRO_LINK;Existe no banco (rom_id 376259, source 1): https://huggingface.co/datasets/luisluis123/ps2chd/resolve/main/Dynasty Warriors 4 (USA).chd
ps2_chd.html;Dynasty Warriors 4 - Empires (USA).chd;https://archive.org/download/ps2-redump-usa-chd-part-D/Dynasty Warriors 4 - Empires (USA).chd;1.26 GB;JOGO_EXISTE_OUTRO_LINK;Existe no banco (rom_id 376260, source 1): https://huggingface.co/datasets/luisluis123/ps2chd/resolve/main/Dynasty Warriors 4 - Empires (USA).chd
ps2_chd.html;Dynasty Warriors 4 - Xtreme Legends (USA).chd;https://archive.org/download/ps2-redump-usa-chd-part-D/Dynasty Warriors 4 - Xtreme Legends (USA).chd;2.36 GB;JOGO_EXISTE_OUTRO_LINK;Existe no banco (rom_id 376261, source 1): https://huggingface.co/datasets/luisluis123/ps2chd/resolve/main/Dynasty Warriors 4 - Xtreme Legends (USA).chd
ps2_chd.html;Dynasty Warriors 5 (USA).chd;https://archive.org/download/ps2-redump-usa-chd-part-D/Dynasty Warriors 5 (USA).chd;2.96 GB;JOGO_EXISTE_OUTRO_LINK;Existe no banco (rom_id 376262, source 1): https://huggingface.co/datasets/luisluis123/ps2chd/resolve/main/Dynasty Warriors 5 (USA).chd
ps2_chd.html;Dynasty Warriors 5 - Empires (USA).chd;https://archive.org/download/ps2-redump-usa-chd-part-D/Dynasty Warriors 5 - Empires (USA).chd;1.72 GB;JOGO_EXISTE_OUTRO_LINK;Existe no banco (rom_id 376263, source 1): https://huggingface.co/datasets/luisluis123/ps2chd/resolve/main/Dynasty Warriors 5 - Empires (USA).chd
ps2_chd.html;Dynasty Warriors 5 - Xtreme Legends (USA).chd;https://archive.org/download/ps2-redump-usa-chd-part-D/Dynasty Warriors 5 - Xtreme Legends (USA).chd;3.36 GB;JOGO_EXISTE_OUTRO_LINK;Existe no banco (rom_id 376264, source 1): https://huggingface.co/datasets/luisluis123/ps2chd/resolve/main/Dynasty Warriors 5 - Xtreme Legends (USA).chd
ps2_chd.html;Dynasty Warriors 6 (USA).chd;https://archive.org/download/ps2-redump-usa-chd-part-D/Dynasty Warriors 6 (USA).chd;6.59 GB;JOGO_EXISTE_OUTRO_LINK;Existe no banco (rom_id 376265, source 1): https://huggingface.co/datasets/luisluis123/ps2chd/resolve/main/Dynasty Warriors 6 (USA).chd
ps2_chd.html;ESPN College Hoops (USA) (v1.02).chd;https://archive.org/download/ps2-redump-usa-chd-part-E/ESPN College Hoops (USA) (v1.02).chd;2.44 GB;JOGO_EXISTE_OUTRO_LINK;Existe no banco (rom_id 302737, source 2): https://archive.org/download/ps2-redump-usa-chd-part-E/ESPN College Hoops (USA) (v1.03).chd
ps2_chd.html;Enter the Matrix (USA) (v1.01).chd;https://archive.org/download/ps2-redump-usa-chd-part-E/Enter the Matrix (USA) (v1.01).chd;2.87 GB;JOGO_EXISTE_OUTRO_LINK;Existe no banco (rom_id 302731, source 2): https://archive.org/download/ps2-redump-usa-chd-part-E/Enter the Matrix (USA) (v2.00).chd
ps2_chd.html;Hitman 2 - Silent Assassin (USA) (v1.01).chd;https://archive.org/download/ps2-redump-usa-chd-part-H/Hitman 2 - Silent Assassin (USA) (v1.01).chd;1.41 GB;JOGO_EXISTE_OUTRO_LINK;Existe no banco (rom_id 302896, source 2): https://archive.org/download/ps2-redump-usa-chd-part-H/Hitman 2 - Silent Assassin (USA) (v3.01).chd
ps2_chd.html;Hitman 2 - Silent Assassin (USA) (v2.01).chd;https://archive.org/download/ps2-redump-usa-chd-part-H/Hitman 2 - Silent Assassin (USA) (v2.01).chd;1.16 GB;JOGO_EXISTE_OUTRO_LINK;Existe no banco (rom_id 302896, source 2): https://archive.org/download/ps2-redump-usa-chd-part-H/Hitman 2 - Silent Assassin (USA) (v3.01).chd
ps2_chd.html;Hot Shots Golf 3 (USA) (v1.01).chd;https://archive.org/download/ps2-redump-usa-chd-part-H/Hot Shots Golf 3 (USA) (v1.01).chd;1.17 GB;JOGO_EXISTE_OUTRO_LINK;Existe no banco (rom_id 302899, source 2): https://archive.org/download/ps2-redump-usa-chd-part-H/Hot Shots Golf 3 (USA) (v2.00).chd
ps2_chd.html;Jak II (USA) (En,Ja,Fr,De,Es,It,Ko) (v1.00).chd;https://archive.org/download/ps2-redump-usa-chd-part-J/Jak II (USA) (En,Ja,Fr,De,Es,It,Ko) (v1.00).chd;2.67 GB;JOGO_EXISTE_OUTRO_LINK;Existe no banco (rom_id 302938, source 2): https://archive.org/download/ps2-redump-usa-chd-part-J/Jak II (USA) (En,Ja,Fr,De,Es,It,Ko) (v2.01).chd
ps2_chd.html;Jak X - Combat Racing (USA) (En,Fr,De,Es,It,Pt,Ru) (v1.00).chd;https://archive.org/download/ps2-redump-usa-chd-part-J/Jak X - Combat Racing (USA) (En,Fr,De,Es,It,Pt,Ru) (v1.00).chd;3.40 GB;JOGO_EXISTE_OUTRO_LINK;Existe no banco (rom_id 302939, source 2): https://archive.org/download/ps2-redump-usa-chd-part-J/Jak X - Combat Racing (USA) (En,Fr,De,Es,It,Pt,Ru) (v2.00).chd
ps2_chd.html;Jak and Daxter - The Precursor Legacy (USA) (En,Fr,De,Es,It) (Rev 1).chd;https://archive.org/download/ps2-redump-usa-chd-part-J/Jak and Daxter - The Precursor Legacy (USA) (En,Fr,De,Es,It) (Rev 1).chd;815.39 MB;JOGO_EXISTE_OUTRO_LINK;Existe no banco (rom_id 302937, source 2): https://archive.org/download/ps2-redump-usa-chd-part-J/Jak and Daxter - The Precursor Legacy (USA) (En,Fr,De,Es,It).chd
ps2_chd.html;LEGO Star Wars - The Video Game (USA) (v1.01).chd;https://archive.org/download/ps2-redump-usa-chd-part-L/LEGO Star Wars - The Video Game (USA) (v1.01).chd;477.97 MB;JOGO_EXISTE_OUTRO_LINK;Existe no banco (rom_id 303021, source 2): https://archive.org/download/ps2-redump-usa-chd-part-L/LEGO Star Wars - The Video Game (USA) (v2.00).chd
ps2_chd.html;Legacy of Kain - Soul Reaver 2 (USA) (v1.01).chd;https://archive.org/download/ps2-redump-usa-chd-part-L/Legacy of Kain - Soul Reaver 2 (USA) (v1.01).chd;3.32 GB;JOGO_EXISTE_OUTRO_LINK;Existe no banco (rom_id 303006, source 2): https://archive.org/download/ps2-redump-usa-chd-part-L/Legacy of Kain - Soul Reaver 2 (USA) (v2.00).chd
ps2_chd.html;Legends of Wrestling (USA) (v1.00).chd;https://archive.org/download/ps2-redump-usa-chd-part-L/Legends of Wrestling (USA) (v1.00).chd;473.67 MB;JOGO_EXISTE_OUTRO_LINK;Existe no banco (rom_id 303015, source 2): https://archive.org/download/ps2-redump-usa-chd-part-L/Legends of Wrestling (USA) (v1.02).chd
ps2_chd.html;MAGIX Music Maker (USA) (Deluxe Edition).chd;https://archive.org/download/ps2-redump-usa-chd-part-M/MAGIX Music Maker (USA) (Deluxe Edition).chd;1.48 GB;JOGO_EXISTE_OUTRO_LINK;Existe no banco (rom_id 376676, source 1): https://huggingface.co/datasets/luisluis123/ps2chd/resolve/main/MAGIX Music Maker (USA) (Deluxe Edition).chd
ps2_chd.html;MAGIX Music Maker - Rocks Your Console (USA).chd;https://archive.org/download/ps2-redump-usa-chd-part-M/MAGIX Music Maker - Rocks Your Console (USA).chd;439.11 MB;JOGO_EXISTE_OUTRO_LINK;Existe no banco (rom_id 376677, source 1): https://huggingface.co/datasets/luisluis123/ps2chd/resolve/main/MAGIX Music Maker - Rocks Your Console (USA).chd
ps2_chd.html;MDK2 - Armageddon (USA).chd;https://archive.org/download/ps2-redump-usa-chd-part-M/MDK2 - Armageddon (USA).chd;222.49 MB;JOGO_EXISTE_OUTRO_LINK;Existe no banco (rom_id 376678, source 1): https://huggingface.co/datasets/luisluis123/ps2chd/resolve/main/MDK2 - Armageddon (USA).chd
ps2_chd.html;MLB 06 - The Show (USA).chd;https://archive.org/download/ps2-redump-usa-chd-part-M/MLB 06 - The Show (USA).chd;2.87 GB;JOGO_EXISTE_OUTRO_LINK;Existe no banco (rom_id 376679, source 1): https://huggingface.co/datasets/luisluis123/ps2chd/resolve/main/MLB 06 - The Show (USA).chd
ps2_chd.html;MLB 07 - The Show (USA) (v1.00).chd;https://archive.org/download/ps2-redump-usa-chd-part-M/MLB 07 - The Show (USA) (v1.00).chd;2.79 GB;JOGO_EXISTE_OUTRO_LINK;Existe no banco (rom_id 376680, source 1): https://huggingface.co/datasets/luisluis123/ps2chd/resolve/main/MLB 07 - The Show (USA) (v1.00).chd
ps2_chd.html;MLB 07 - The Show (USA) (v2.00).chd;https://archive.org/download/ps2-redump-usa-chd-part-M/MLB 07 - The Show (USA) (v2.00).chd;2.79 GB;JOGO_EXISTE_OUTRO_LINK;Existe no banco (rom_id 376680, source 1): https://huggingface.co/datasets/luisluis123/ps2chd/resolve/main/MLB 07 - The Show (USA) (v1.00).chd
ps2_chd.html;MLB 08 - The Show (USA).chd;https://archive.org/download/ps2-redump-usa-chd-part-M/MLB 08 - The Show (USA).chd;2.77 GB;JOGO_EXISTE_OUTRO_LINK;Existe no banco (rom_id 376682, source 1): https://huggingface.co/datasets/luisluis123/ps2chd/resolve/main/MLB 08 - The Show (USA).chd
ps2_chd.html;MLB 09 - The Show (USA).chd;https://archive.org/download/ps2-redump-usa-chd-part-M/MLB 09 - The Show (USA).chd;2.82 GB;JOGO_EXISTE_OUTRO_LINK;Existe no banco (rom_id 376683, source 1): https://huggingface.co/datasets/luisluis123/ps2chd/resolve/main/MLB 09 - The Show (USA).chd
ps2_chd.html;MLB 10 - The Show (USA).chd;https://archive.org/download/ps2-redump-usa-chd-part-M/MLB 10 - The Show (USA).chd;2.83 GB;JOGO_EXISTE_OUTRO_LINK;Existe no banco (rom_id 376684, source 1): https://huggingface.co/datasets/luisluis123/ps2chd/resolve/main/MLB 10 - The Show (USA).chd
ps2_chd.html;MLB 11 - The Show (USA).chd;https://archive.org/download/ps2-redump-usa-chd-part-M/MLB 11 - The Show (USA).chd;2.78 GB;JOGO_EXISTE_OUTRO_LINK;Existe no banco (rom_id 376685, source 1): https://huggingface.co/datasets/luisluis123/ps2chd/resolve/main/MLB 11 - The Show (USA).chd
ps2_chd.html;MLB 2004 (USA).chd;https://archive.org/download/ps2-redump-usa-chd-part-M/MLB 2004 (USA).chd;1.54 GB;JOGO_EXISTE_OUTRO_LINK;Existe no banco (rom_id 376686, source 1): https://huggingface.co/datasets/luisluis123/ps2chd/resolve/main/MLB 2004 (USA).chd
ps2_chd.html;MLB 2005 (USA).chd;https://archive.org/download/ps2-redump-usa-chd-part-M/MLB 2005 (USA).chd;3.08 GB;JOGO_EXISTE_OUTRO_LINK;Existe no banco (rom_id 376687, source 1): https://huggingface.co/datasets/luisluis123/ps2chd/resolve/main/MLB 2005 (USA).chd
ps2_chd.html;MLB 2006 (USA).chd;https://archive.org/download/ps2-redump-usa-chd-part-M/MLB 2006 (USA).chd;2.95 GB;JOGO_EXISTE_OUTRO_LINK;Existe no banco (rom_id 376688, source 1): https://huggingface.co/datasets/luisluis123/ps2chd/resolve/main/MLB 2006 (USA).chd
ps2_chd.html;MLB Power Pros (USA).chd;https://archive.org/download/ps2-redump-usa-chd-part-M/MLB Power Pros (USA).chd;704.02 MB;JOGO_EXISTE_OUTRO_LINK;Existe no banco (rom_id 376689, source 1): https://huggingface.co/datasets/luisluis123/ps2chd/resolve/main/MLB Power Pros (USA).chd
ps2_chd.html;MLB Power Pros 2008 (USA).chd;https://archive.org/download/ps2-redump-usa-chd-part-M/MLB Power Pros 2008 (USA).chd;789.10 MB;JOGO_EXISTE_OUTRO_LINK;Existe no banco (rom_id 376690, source 1): https://huggingface.co/datasets/luisluis123/ps2chd/resolve/main/MLB Power Pros 2008 (USA).chd
ps2_chd.html;MLB SlugFest - Loaded (USA).chd;https://archive.org/download/ps2-redump-usa-chd-part-M/MLB SlugFest - Loaded (USA).chd;1.17 GB;JOGO_EXISTE_OUTRO_LINK;Existe no banco (rom_id 376691, source 1): https://huggingface.co/datasets/luisluis123/ps2chd/resolve/main/MLB SlugFest - Loaded (USA).chd
ps2_chd.html;MLB SlugFest 2003 (USA).chd;https://archive.org/download/ps2-redump-usa-chd-part-M/MLB SlugFest 2003 (USA).chd;778.79 MB;JOGO_EXISTE_OUTRO_LINK;Existe no banco (rom_id 376692, source 1): https://huggingface.co/datasets/luisluis123/ps2chd/resolve/main/MLB SlugFest 2003 (USA).chd
ps2_chd.html;MLB SlugFest 2004 (USA).chd;https://archive.org/download/ps2-redump-usa-chd-part-M/MLB SlugFest 2004 (USA).chd;2.16 GB;JOGO_EXISTE_OUTRO_LINK;Existe no banco (rom_id 376693, source 1): https://huggingface.co/datasets/luisluis123/ps2chd/resolve/main/MLB SlugFest 2004 (USA).chd
ps2_chd.html;MLB SlugFest 2006 (USA).chd;https://archive.org/download/ps2-redump-usa-chd-part-M/MLB SlugFest 2006 (USA).chd;882.27 MB;JOGO_EXISTE_OUTRO_LINK;Existe no banco (rom_id 376694, source 1): https://huggingface.co/datasets/luisluis123/ps2chd/resolve/main/MLB SlugFest 2006 (USA).chd
ps2_chd.html;MS Saga - A New Dawn (USA).chd;https://archive.org/download/ps2-redump-usa-chd-part-M/MS Saga - A New Dawn (USA).chd;1.25 GB;JOGO_EXISTE_OUTRO_LINK;Existe no banco (rom_id 376695, source 1): https://huggingface.co/datasets/luisluis123/ps2chd/resolve/main/MS Saga - A New Dawn (USA).chd
ps2_chd.html;MTV Celebrity Deathmatch (USA).chd;https://archive.org/download/ps2-redump-usa-chd-part-M/MTV Celebrity Deathmatch (USA).chd;227.66 MB;JOGO_EXISTE_OUTRO_LINK;Existe no banco (rom_id 376696, source 1): https://huggingface.co/datasets/luisluis123/ps2chd/resolve/main/MTV Celebrity Deathmatch (USA).chd
ps2_chd.html;MTV Music Generator 2 (USA).chd;https://archive.org/download/ps2-redump-usa-chd-part-M/MTV Music Generator 2 (USA).chd;459.20 MB;JOGO_EXISTE_OUTRO_LINK;Existe no banco (rom_id 376697, source 1): https://huggingface.co/datasets/luisluis123/ps2chd/resolve/main/MTV Music Generator 2 (USA).chd
ps2_chd.html;MTV Music Generator 3 - This Is the Remix (USA).chd;https://archive.org/download/ps2-redump-usa-chd-part-M/MTV Music Generator 3 - This Is the Remix (USA).chd;674.16 MB;JOGO_EXISTE_OUTRO_LINK;Existe no banco (rom_id 376698, source 1): https://huggingface.co/datasets/luisluis123/ps2chd/resolve/main/MTV Music Generator 3 - This Is the Remix (USA).chd
ps2_chd.html;MTV Pimp My Ride (USA) (v1.00).chd;https://archive.org/download/ps2-redump-usa-chd-part-M/MTV Pimp My Ride (USA) (v1.00).chd;654.40 MB;JOGO_EXISTE_OUTRO_LINK;Existe no banco (rom_id 376699, source 1): https://huggingface.co/datasets/luisluis123/ps2chd/resolve/main/MTV Pimp My Ride (USA) (v1.00).chd
ps2_chd.html;MTV Pimp My Ride (USA) (v2.00).chd;https://archive.org/download/ps2-redump-usa-chd-part-M/MTV Pimp My Ride (USA) (v2.00).chd;653.98 MB;JOGO_EXISTE_OUTRO_LINK;Existe no banco (rom_id 376699, source 1): https://huggingface.co/datasets/luisluis123/ps2chd/resolve/main/MTV Pimp My Ride (USA) (v1.00).chd
ps2_chd.html;MTV Pimp My Ride - Street Racing (USA).chd;https://archive.org/download/ps2-redump-usa-chd-part-M/MTV Pimp My Ride - Street Racing (USA).chd;294.75 MB;JOGO_EXISTE_OUTRO_LINK;Existe no banco (rom_id 376701, source 1): https://huggingface.co/datasets/luisluis123/ps2chd/resolve/main/MTV Pimp My Ride - Street Racing (USA).chd
ps2_chd.html;MTX Mototrax (USA).chd;https://archive.org/download/ps2-redump-usa-chd-part-M/MTX Mototrax (USA).chd;3.21 GB;JOGO_EXISTE_OUTRO_LINK;Existe no banco (rom_id 376702, source 1): https://huggingface.co/datasets/luisluis123/ps2chd/resolve/main/MTX Mototrax (USA).chd
ps2_chd.html;MVP 06 NCAA Baseball (USA).chd;https://archive.org/download/ps2-redump-usa-chd-part-M/MVP 06 NCAA Baseball (USA).chd;1.55 GB;JOGO_EXISTE_OUTRO_LINK;Existe no banco (rom_id 376703, source 1): https://huggingface.co/datasets/luisluis123/ps2chd/resolve/main/MVP 06 NCAA Baseball (USA).chd
ps2_chd.html;MVP 07 NCAA Baseball (USA).chd;https://archive.org/download/ps2-redump-usa-chd-part-M/MVP 07 NCAA Baseball (USA).chd;1.33 GB;JOGO_EXISTE_OUTRO_LINK;Existe no banco (rom_id 376704, source 1): https://huggingface.co/datasets/luisluis123/ps2chd/resolve/main/MVP 07 NCAA Baseball (USA).chd
ps2_chd.html;MVP Baseball 2003 (USA).chd;https://archive.org/download/ps2-redump-usa-chd-part-M/MVP Baseball 2003 (USA).chd;1.72 GB;JOGO_EXISTE_OUTRO_LINK;Existe no banco (rom_id 376705, source 1): https://huggingface.co/datasets/luisluis123/ps2chd/resolve/main/MVP Baseball 2003 (USA).chd
ps2_chd.html;MVP Baseball 2004 (USA).chd;https://archive.org/download/ps2-redump-usa-chd-part-M/MVP Baseball 2004 (USA).chd;2.59 GB;JOGO_EXISTE_OUTRO_LINK;Existe no banco (rom_id 376706, source 1): https://huggingface.co/datasets/luisluis123/ps2chd/resolve/main/MVP Baseball 2004 (USA).chd
ps2_chd.html;MVP Baseball 2005 (USA).chd;https://archive.org/download/ps2-redump-usa-chd-part-M/MVP Baseball 2005 (USA).chd;1.87 GB;JOGO_EXISTE_OUTRO_LINK;Existe no banco (rom_id 376707, source 1): https://huggingface.co/datasets/luisluis123/ps2chd/resolve/main/MVP Baseball 2005 (USA).chd
ps2_chd.html;MX 2002 featuring Ricky Carmichael (USA).chd;https://archive.org/download/ps2-redump-usa-chd-part-M/MX 2002 featuring Ricky Carmichael (USA).chd;468.52 MB;JOGO_EXISTE_OUTRO_LINK;Existe no banco (rom_id 376708, source 1): https://huggingface.co/datasets/luisluis123/ps2chd/resolve/main/MX 2002 featuring Ricky Carmichael (USA).chd
ps2_chd.html;MX Rider (USA) (En,Fr,Es).chd;https://archive.org/download/ps2-redump-usa-chd-part-M/MX Rider (USA) (En,Fr,Es).chd;501.67 MB;JOGO_EXISTE_OUTRO_LINK;Existe no banco (rom_id 376709, source 1): https://huggingface.co/datasets/luisluis123/ps2chd/resolve/main/MX Rider (USA) (En,Fr,Es).chd
ps2_chd.html;MX SuperFly (USA).chd;https://archive.org/download/ps2-redump-usa-chd-part-M/MX SuperFly (USA).chd;1.12 GB;JOGO_EXISTE_OUTRO_LINK;Existe no banco (rom_id 376710, source 1): https://huggingface.co/datasets/luisluis123/ps2chd/resolve/main/MX SuperFly (USA).chd
ps2_chd.html;MX Unleashed (USA).chd;https://archive.org/download/ps2-redump-usa-chd-part-M/MX Unleashed (USA).chd;1.18 GB;JOGO_EXISTE_OUTRO_LINK;Existe no banco (rom_id 376711, source 1): https://huggingface.co/datasets/luisluis123/ps2chd/resolve/main/MX Unleashed (USA).chd
ps2_chd.html;MX World Tour featuring Jamie Little (USA) (En,Es).chd;https://archive.org/download/ps2-redump-usa-chd-part-M/MX World Tour featuring Jamie Little (USA) (En,Es).chd;366.16 MB;JOGO_EXISTE_OUTRO_LINK;Existe no banco (rom_id 376712, source 1): https://huggingface.co/datasets/luisluis123/ps2chd/resolve/main/MX World Tour featuring Jamie Little (USA) (En,Es).chd
ps2_chd.html;MX vs. ATV Unleashed (USA).chd;https://archive.org/download/ps2-redump-usa-chd-part-M/MX vs. ATV Unleashed (USA).chd;1.14 GB;JOGO_EXISTE_OUTRO_LINK;Existe no banco (rom_id 376713, source 1): https://huggingface.co/datasets/luisluis123/ps2chd/resolve/main/MX vs. ATV Unleashed (USA).chd
ps2_chd.html;MX vs. ATV Untamed (USA).chd;https://archive.org/download/ps2-redump-usa-chd-part-M/MX vs. ATV Untamed (USA).chd;974.15 MB;JOGO_EXISTE_OUTRO_LINK;Existe no banco (rom_id 376714, source 1): https://huggingface.co/datasets/luisluis123/ps2chd/resolve/main/MX vs. ATV Untamed (USA).chd
ps2_chd.html;Mace Griffin - Bounty Hunter (USA).chd;https://archive.org/download/ps2-redump-usa-chd-part-M/Mace Griffin - Bounty Hunter (USA).chd;1.70 GB;JOGO_EXISTE_OUTRO_LINK;Existe no banco (rom_id 376715, source 1): https://huggingface.co/datasets/luisluis123/ps2chd/resolve/main/Mace Griffin - Bounty Hunter (USA).chd
ps2_chd.html;Mad Maestro! (USA).chd;https://archive.org/download/ps2-redump-usa-chd-part-M/Mad Maestro! (USA).chd;386.73 MB;JOGO_EXISTE_OUTRO_LINK;Existe no banco (rom_id 376716, source 1): https://huggingface.co/datasets/luisluis123/ps2chd/resolve/main/Mad Maestro! (USA).chd
ps2_chd.html;Madden NFL 06 (USA).chd;https://archive.org/download/ps2-redump-usa-chd-part-M/Madden NFL 06 (USA).chd;2.83 GB;JOGO_EXISTE_OUTRO_LINK;Existe no banco (rom_id 376717, source 1): https://huggingface.co/datasets/luisluis123/ps2chd/resolve/main/Madden NFL 06 (USA).chd
ps2_chd.html;Madden NFL 07 (USA) (Hall of Fame Edition).chd;https://archive.org/download/ps2-redump-usa-chd-part-M/Madden NFL 07 (USA) (Hall of Fame Edition).chd;2.02 GB;JOGO_EXISTE_OUTRO_LINK;Existe no banco (rom_id 376718, source 1): https://huggingface.co/datasets/luisluis123/ps2chd/resolve/main/Madden NFL 07 (USA) (Hall of Fame Edition).chd
ps2_chd.html;Madden NFL 07 (USA).chd;https://archive.org/download/ps2-redump-usa-chd-part-M/Madden NFL 07 (USA).chd;2.02 GB;JOGO_EXISTE_OUTRO_LINK;Existe no banco (rom_id 376718, source 1): https://huggingface.co/datasets/luisluis123/ps2chd/resolve/main/Madden NFL 07 (USA) (Hall of Fame Edition).chd
ps2_chd.html;Madden NFL 08 (USA).chd;https://archive.org/download/ps2-redump-usa-chd-part-M/Madden NFL 08 (USA).chd;1.54 GB;JOGO_EXISTE_OUTRO_LINK;Existe no banco (rom_id 376720, source 1): https://huggingface.co/datasets/luisluis123/ps2chd/resolve/main/Madden NFL 08 (USA).chd
ps2_chd.html;Madden NFL 08 en Espanol (USA).chd;https://archive.org/download/ps2-redump-usa-chd-part-M/Madden NFL 08 en Espanol (USA).chd;1.48 GB;JOGO_EXISTE_OUTRO_LINK;Existe no banco (rom_id 376721, source 1): https://huggingface.co/datasets/luisluis123/ps2chd/resolve/main/Madden NFL 08 en Espanol (USA).chd
ps2_chd.html;Madden NFL 09 (USA).chd;https://archive.org/download/ps2-redump-usa-chd-part-M/Madden NFL 09 (USA).chd;1.32 GB;JOGO_EXISTE_OUTRO_LINK;Existe no banco (rom_id 376722, source 1): https://huggingface.co/datasets/luisluis123/ps2chd/resolve/main/Madden NFL 09 (USA).chd
ps2_chd.html;Madden NFL 10 (USA).chd;https://archive.org/download/ps2-redump-usa-chd-part-M/Madden NFL 10 (USA).chd;1.61 GB;JOGO_EXISTE_OUTRO_LINK;Existe no banco (rom_id 376723, source 1): https://huggingface.co/datasets/luisluis123/ps2chd/resolve/main/Madden NFL 10 (USA).chd
ps2_chd.html;Madden NFL 11 (USA).chd;https://archive.org/download/ps2-redump-usa-chd-part-M/Madden NFL 11 (USA).chd;1.16 GB;JOGO_EXISTE_OUTRO_LINK;Existe no banco (rom_id 376724, source 1): https://huggingface.co/datasets/luisluis123/ps2chd/resolve/main/Madden NFL 11 (USA).chd
ps2_chd.html;Madden NFL 12 (USA).chd;https://archive.org/download/ps2-redump-usa-chd-part-M/Madden NFL 12 (USA).chd;1.27 GB;JOGO_EXISTE_OUTRO_LINK;Existe no banco (rom_id 376725, source 1): https://huggingface.co/datasets/luisluis123/ps2chd/resolve/main/Madden NFL 12 (USA).chd
ps2_chd.html;Madden NFL 2001 (USA).chd;https://archive.org/download/ps2-redump-usa-chd-part-M/Madden NFL 2001 (USA).chd;385.99 MB;JOGO_EXISTE_OUTRO_LINK;Existe no banco (rom_id 376726, source 1): https://huggingface.co/datasets/luisluis123/ps2chd/resolve/main/Madden NFL 2001 (USA).chd
ps2_chd.html;Madden NFL 2002 (USA).chd;https://archive.org/download/ps2-redump-usa-chd-part-M/Madden NFL 2002 (USA).chd;437.45 MB;JOGO_EXISTE_OUTRO_LINK;Existe no banco (rom_id 376727, source 1): https://huggingface.co/datasets/luisluis123/ps2chd/resolve/main/Madden NFL 2002 (USA).chd
ps2_chd.html;Madden NFL 2003 (USA).chd;https://archive.org/download/ps2-redump-usa-chd-part-M/Madden NFL 2003 (USA).chd;1.38 GB;JOGO_EXISTE_OUTRO_LINK;Existe no banco (rom_id 376728, source 1): https://huggingface.co/datasets/luisluis123/ps2chd/resolve/main/Madden NFL 2003 (USA).chd
ps2_chd.html;Madden NFL 2004 (USA).chd;https://archive.org/download/ps2-redump-usa-chd-part-M/Madden NFL 2004 (USA).chd;2.79 GB;JOGO_EXISTE_OUTRO_LINK;Existe no banco (rom_id 376729, source 1): https://huggingface.co/datasets/luisluis123/ps2chd/resolve/main/Madden NFL 2004 (USA).chd
ps2_chd.html;Madden NFL 2005 (USA) (Collector's Edition).chd;https://archive.org/download/ps2-redump-usa-chd-part-M/Madden NFL 2005 (USA) (Collector's Edition).chd;5.96 GB;JOGO_EXISTE_OUTRO_LINK;Existe no banco (rom_id 376730, source 1): https://huggingface.co/datasets/luisluis123/ps2chd/resolve/main/Madden NFL 2005 (USA) (Collector's Edition).chd
ps2_chd.html;Madden NFL 2005 (USA).chd;https://archive.org/download/ps2-redump-usa-chd-part-M/Madden NFL 2005 (USA).chd;3.03 GB;JOGO_EXISTE_OUTRO_LINK;Existe no banco (rom_id 376730, source 1): https://huggingface.co/datasets/luisluis123/ps2chd/resolve/main/Madden NFL 2005 (USA) (Collector's Edition).chd
ps2_chd.html;Made Man - Confessions of the Family Blood (USA).chd;https://archive.org/download/ps2-redump-usa-chd-part-M/Made Man - Confessions of the Family Blood (USA).chd;2.03 GB;JOGO_EXISTE_OUTRO_LINK;Existe no banco (rom_id 376732, source 1): https://huggingface.co/datasets/luisluis123/ps2chd/resolve/main/Made Man - Confessions of the Family Blood (USA).chd
ps2_chd.html;Mafia (USA).chd;https://archive.org/download/ps2-redump-usa-chd-part-M/Mafia (USA).chd;3.50 GB;JOGO_EXISTE_OUTRO_LINK;Existe no banco (rom_id 376733, source 1): https://huggingface.co/datasets/luisluis123/ps2chd/resolve/main/Mafia (USA).chd
ps2_chd.html;Magic Pengel - The Quest for Color (USA).chd;https://archive.org/download/ps2-redump-usa-chd-part-M/Magic Pengel - The Quest for Color (USA).chd;1.93 GB;JOGO_EXISTE_OUTRO_LINK;Existe no banco (rom_id 376734, source 1): https://huggingface.co/datasets/luisluis123/ps2chd/resolve/main/Magic Pengel - The Quest for Color (USA).chd
ps2_chd.html;Magna Carta - Tears of Blood (USA).chd;https://archive.org/download/ps2-redump-usa-chd-part-M/Magna Carta - Tears of Blood (USA).chd;2.94 GB;JOGO_EXISTE_OUTRO_LINK;Existe no banco (rom_id 376735, source 1): https://huggingface.co/datasets/luisluis123/ps2chd/resolve/main/Magna Carta - Tears of Blood (USA).chd
ps2_chd.html;Major League Baseball 2K10 (USA).chd;https://archive.org/download/ps2-redump-usa-chd-part-M/Major League Baseball 2K10 (USA).chd;2.40 GB;JOGO_EXISTE_OUTRO_LINK;Existe no banco (rom_id 376736, source 1): https://huggingface.co/datasets/luisluis123/ps2chd/resolve/main/Major League Baseball 2K10 (USA).chd
ps2_chd.html;Major League Baseball 2K11 (USA).chd;https://archive.org/download/ps2-redump-usa-chd-part-M/Major League Baseball 2K11 (USA).chd;2.34 GB;JOGO_EXISTE_OUTRO_LINK;Existe no banco (rom_id 376737, source 1): https://huggingface.co/datasets/luisluis123/ps2chd/resolve/main/Major League Baseball 2K11 (USA).chd
ps2_chd.html;Major League Baseball 2K12 (USA).chd;https://archive.org/download/ps2-redump-usa-chd-part-M/Major League Baseball 2K12 (USA).chd;2.47 GB;JOGO_EXISTE_OUTRO_LINK;Existe no banco (rom_id 376738, source 1): https://huggingface.co/datasets/luisluis123/ps2chd/resolve/main/Major League Baseball 2K12 (USA).chd
ps2_chd.html;Major League Baseball 2K5 (USA).chd;https://archive.org/download/ps2-redump-usa-chd-part-M/Major League Baseball 2K5 (USA).chd;2.44 GB;JOGO_EXISTE_OUTRO_LINK;Existe no banco (rom_id 376739, source 1): https://huggingface.co/datasets/luisluis123/ps2chd/resolve/main/Major League Baseball 2K5 (USA).chd
ps2_chd.html;Major League Baseball 2K5 - World Series Edition (USA).chd;https://archive.org/download/ps2-redump-usa-chd-part-M/Major League Baseball 2K5 - World Series Edition (USA).chd;1.92 GB;JOGO_EXISTE_OUTRO_LINK;Existe no banco (rom_id 376740, source 1): https://huggingface.co/datasets/luisluis123/ps2chd/resolve/main/Major League Baseball 2K5 - World Series Edition (USA).chd
ps2_chd.html;Major League Baseball 2K6 (USA).chd;https://archive.org/download/ps2-redump-usa-chd-part-M/Major League Baseball 2K6 (USA).chd;2.91 GB;JOGO_EXISTE_OUTRO_LINK;Existe no banco (rom_id 376741, source 1): https://huggingface.co/datasets/luisluis123/ps2chd/resolve/main/Major League Baseball 2K6 (USA).chd
ps2_chd.html;Major League Baseball 2K7 (USA).chd;https://archive.org/download/ps2-redump-usa-chd-part-M/Major League Baseball 2K7 (USA).chd;3.04 GB;JOGO_EXISTE_OUTRO_LINK;Existe no banco (rom_id 376742, source 1): https://huggingface.co/datasets/luisluis123/ps2chd/resolve/main/Major League Baseball 2K7 (USA).chd
ps2_chd.html;Major League Baseball 2K8 (USA).chd;https://archive.org/download/ps2-redump-usa-chd-part-M/Major League Baseball 2K8 (USA).chd;3.23 GB;JOGO_EXISTE_OUTRO_LINK;Existe no banco (rom_id 376743, source 1): https://huggingface.co/datasets/luisluis123/ps2chd/resolve/main/Major League Baseball 2K8 (USA).chd
ps2_chd.html;Major League Baseball 2K9 (USA).chd;https://archive.org/download/ps2-redump-usa-chd-part-M/Major League Baseball 2K9 (USA).chd;2.37 GB;JOGO_EXISTE_OUTRO_LINK;Existe no banco (rom_id 376744, source 1): https://huggingface.co/datasets/luisluis123/ps2chd/resolve/main/Major League Baseball 2K9 (USA).chd
ps2_chd.html;Makai Kingdom - Chronicles of the Sacred Tome (USA).chd;https://archive.org/download/ps2-redump-usa-chd-part-M/Makai Kingdom - Chronicles of the Sacred Tome (USA).chd;425.79 MB;JOGO_EXISTE_OUTRO_LINK;Existe no banco (rom_id 376745, source 1): https://huggingface.co/datasets/luisluis123/ps2chd/resolve/main/Makai Kingdom - Chronicles of the Sacred Tome (USA).chd
ps2_chd.html;Malice (USA).chd;https://archive.org/download/ps2-redump-usa-chd-part-M/Malice (USA).chd;906.30 MB;JOGO_EXISTE_OUTRO_LINK;Existe no banco (rom_id 376746, source 1): https://huggingface.co/datasets/luisluis123/ps2chd/resolve/main/Malice (USA).chd
ps2_chd.html;Mana Khemia - Alchemists of Al-Revis (USA).chd;https://archive.org/download/ps2-redump-usa-chd-part-M/Mana Khemia - Alchemists of Al-Revis (USA).chd;2.10 GB;JOGO_EXISTE_OUTRO_LINK;Existe no banco (rom_id 376747, source 1): https://huggingface.co/datasets/luisluis123/ps2chd/resolve/main/Mana Khemia - Alchemists of Al-Revis (USA).chd
ps2_chd.html;Mana Khemia 2 - Fall of Alchemy (USA).chd;https://archive.org/download/ps2-redump-usa-chd-part-M/Mana Khemia 2 - Fall of Alchemy (USA).chd;3.39 GB;JOGO_EXISTE_OUTRO_LINK;Existe no banco (rom_id 376748, source 1): https://huggingface.co/datasets/luisluis123/ps2chd/resolve/main/Mana Khemia 2 - Fall of Alchemy (USA).chd
ps2_chd.html;Manhunt (USA).chd;https://archive.org/download/ps2-redump-usa-chd-part-M/Manhunt (USA).chd;1.91 GB;JOGO_EXISTE_OUTRO_LINK;Existe no banco (rom_id 376749, source 1): https://huggingface.co/datasets/luisluis123/ps2chd/resolve/main/Manhunt (USA).chd
ps2_chd.html;Manhunt 2 (USA).chd;https://archive.org/download/ps2-redump-usa-chd-part-M/Manhunt 2 (USA).chd;2.03 GB;JOGO_EXISTE_OUTRO_LINK;Existe no banco (rom_id 376750, source 1): https://huggingface.co/datasets/luisluis123/ps2chd/resolve/main/Manhunt 2 (USA).chd
ps2_chd.html;Marc Ecko's Getting Up - Contents Under Pressure (USA).chd;https://archive.org/download/ps2-redump-usa-chd-part-M/Marc Ecko's Getting Up - Contents Under Pressure (USA).chd;1.38 GB;JOGO_EXISTE_OUTRO_LINK;Existe no banco (rom_id 376751, source 1): https://huggingface.co/datasets/luisluis123/ps2chd/resolve/main/Marc Ecko's Getting Up - Contents Under Pressure (USA).chd
ps2_chd.html;Mark Davis Pro Bass Challenge (USA).chd;https://archive.org/download/ps2-redump-usa-chd-part-M/Mark Davis Pro Bass Challenge (USA).chd;486.12 MB;JOGO_EXISTE_OUTRO_LINK;Existe no banco (rom_id 376752, source 1): https://huggingface.co/datasets/luisluis123/ps2chd/resolve/main/Mark Davis Pro Bass Challenge (USA).chd
ps2_chd.html;Mark of Kri, The (USA).chd;https://archive.org/download/ps2-redump-usa-chd-part-M/Mark of Kri, The (USA).chd;2.01 GB;JOGO_EXISTE_OUTRO_LINK;Existe no banco (rom_id 376753, source 1): https://huggingface.co/datasets/luisluis123/ps2chd/resolve/main/Mark of Kri, The (USA).chd
ps2_chd.html;Marvel - Ultimate Alliance (USA).chd;https://archive.org/download/ps2-redump-usa-chd-part-M/Marvel - Ultimate Alliance (USA).chd;2.09 GB;JOGO_EXISTE_OUTRO_LINK;Existe no banco (rom_id 376754, source 1): https://huggingface.co/datasets/luisluis123/ps2chd/resolve/main/Marvel - Ultimate Alliance (USA).chd
ps2_chd.html;Marvel - Ultimate Alliance 2 (USA).chd;https://archive.org/download/ps2-redump-usa-chd-part-M/Marvel - Ultimate Alliance 2 (USA).chd;1.42 GB;JOGO_EXISTE_OUTRO_LINK;Existe no banco (rom_id 376755, source 1): https://huggingface.co/datasets/luisluis123/ps2chd/resolve/main/Marvel - Ultimate Alliance 2 (USA).chd
ps2_chd.html;Marvel Nemesis - Rise of the Imperfects (USA).chd;https://archive.org/download/ps2-redump-usa-chd-part-M/Marvel Nemesis - Rise of the Imperfects (USA).chd;1.89 GB;JOGO_EXISTE_OUTRO_LINK;Existe no banco (rom_id 376756, source 1): https://huggingface.co/datasets/luisluis123/ps2chd/resolve/main/Marvel Nemesis - Rise of the Imperfects (USA).chd
ps2_chd.html;Marvel Super Hero Squad (USA).chd;https://archive.org/download/ps2-redump-usa-chd-part-M/Marvel Super Hero Squad (USA).chd;890.83 MB;JOGO_EXISTE_OUTRO_LINK;Existe no banco (rom_id 376757, source 1): https://huggingface.co/datasets/luisluis123/ps2chd/resolve/main/Marvel Super Hero Squad (USA).chd
ps2_chd.html;Marvel vs. Capcom 2 - New Age of Heroes (USA).chd;https://archive.org/download/ps2-redump-usa-chd-part-M/Marvel vs. Capcom 2 - New Age of Heroes (USA).chd;126.78 MB;JOGO_EXISTE_OUTRO_LINK;Existe no banco (rom_id 376758, source 1): https://huggingface.co/datasets/luisluis123/ps2chd/resolve/main/Marvel vs. Capcom 2 - New Age of Heroes (USA).chd
ps2_chd.html;Mary-Kate and Ashley - Sweet 16 - Licensed to Drive (USA).chd;https://archive.org/download/ps2-redump-usa-chd-part-M/Mary-Kate and Ashley - Sweet 16 - Licensed to Drive (USA).chd;354.61 MB;JOGO_EXISTE_OUTRO_LINK;Existe no banco (rom_id 376759, source 1): https://huggingface.co/datasets/luisluis123/ps2chd/resolve/main/Mary-Kate and Ashley - Sweet 16 - Licensed to Drive (USA).chd
ps2_chd.html;Mat Hoffman's Pro BMX 2 (USA).chd;https://archive.org/download/ps2-redump-usa-chd-part-M/Mat Hoffman's Pro BMX 2 (USA).chd;3.79 GB;JOGO_EXISTE_OUTRO_LINK;Existe no banco (rom_id 376760, source 1): https://huggingface.co/datasets/luisluis123/ps2chd/resolve/main/Mat Hoffman's Pro BMX 2 (USA).chd
ps2_chd.html;Matrix, The - Path of Neo (USA).chd;https://archive.org/download/ps2-redump-usa-chd-part-M/Matrix, The - Path of Neo (USA).chd;2.47 GB;JOGO_EXISTE_OUTRO_LINK;Existe no banco (rom_id 376761, source 1): https://huggingface.co/datasets/luisluis123/ps2chd/resolve/main/Matrix, The - Path of Neo (USA).chd
ps2_chd.html;Max Payne (USA).chd;https://archive.org/download/ps2-redump-usa-chd-part-M/Max Payne (USA).chd;933.86 MB;JOGO_EXISTE_OUTRO_LINK;Existe no banco (rom_id 376762, source 1): https://huggingface.co/datasets/luisluis123/ps2chd/resolve/main/Max Payne (USA).chd
ps2_chd.html;Max Payne 2 - The Fall of Max Payne (USA).chd;https://archive.org/download/ps2-redump-usa-chd-part-M/Max Payne 2 - The Fall of Max Payne (USA).chd;1.04 GB;JOGO_EXISTE_OUTRO_LINK;Existe no banco (rom_id 376763, source 1): https://huggingface.co/datasets/luisluis123/ps2chd/resolve/main/Max Payne 2 - The Fall of Max Payne (USA).chd
ps2_chd.html;Maximo - Ghosts to Glory (USA).chd;https://archive.org/download/ps2-redump-usa-chd-part-M/Maximo - Ghosts to Glory (USA).chd;447.06 MB;JOGO_EXISTE_OUTRO_LINK;Existe no banco (rom_id 376764, source 1): https://huggingface.co/datasets/luisluis123/ps2chd/resolve/main/Maximo - Ghosts to Glory (USA).chd
ps2_chd.html;Maximo vs Army of Zin (USA).chd;https://archive.org/download/ps2-redump-usa-chd-part-M/Maximo vs Army of Zin (USA).chd;663.92 MB;JOGO_EXISTE_OUTRO_LINK;Existe no banco (rom_id 376765, source 1): https://huggingface.co/datasets/luisluis123/ps2chd/resolve/main/Maximo vs Army of Zin (USA).chd
ps2_chd.html;McFarlane's Evil Prophecy (USA).chd;https://archive.org/download/ps2-redump-usa-chd-part-M/McFarlane's Evil Prophecy (USA).chd;1.01 GB;JOGO_EXISTE_OUTRO_LINK;Existe no banco (rom_id 376766, source 1): https://huggingface.co/datasets/luisluis123/ps2chd/resolve/main/McFarlane's Evil Prophecy (USA).chd
ps2_chd.html;Medal of Honor - European Assault (USA).chd;https://archive.org/download/ps2-redump-usa-chd-part-M/Medal of Honor - European Assault (USA).chd;1.34 GB;JOGO_EXISTE_OUTRO_LINK;Existe no banco (rom_id 376767, source 1): https://huggingface.co/datasets/luisluis123/ps2chd/resolve/main/Medal of Honor - European Assault (USA).chd
ps2_chd.html;Medal of Honor - Frontline (USA).chd;https://archive.org/download/ps2-redump-usa-chd-part-M/Medal of Honor - Frontline (USA).chd;2.63 GB;JOGO_EXISTE_OUTRO_LINK;Existe no banco (rom_id 376768, source 1): https://huggingface.co/datasets/luisluis123/ps2chd/resolve/main/Medal of Honor - Frontline (USA).chd
ps2_chd.html;Medal of Honor - Rising Sun (USA).chd;https://archive.org/download/ps2-redump-usa-chd-part-M/Medal of Honor - Rising Sun (USA).chd;3.41 GB;JOGO_EXISTE_OUTRO_LINK;Existe no banco (rom_id 376769, source 1): https://huggingface.co/datasets/luisluis123/ps2chd/resolve/main/Medal of Honor - Rising Sun (USA).chd
ps2_chd.html;Medal of Honor - Vanguard (USA).chd;https://archive.org/download/ps2-redump-usa-chd-part-M/Medal of Honor - Vanguard (USA).chd;936.53 MB;JOGO_EXISTE_OUTRO_LINK;Existe no banco (rom_id 376770, source 1): https://huggingface.co/datasets/luisluis123/ps2chd/resolve/main/Medal of Honor - Vanguard (USA).chd
ps2_chd.html;Mega Man Anniversary Collection (USA).chd;https://archive.org/download/ps2-redump-usa-chd-part-M/Mega Man Anniversary Collection (USA).chd;2.88 GB;JOGO_EXISTE_OUTRO_LINK;Existe no banco (rom_id 376771, source 1): https://huggingface.co/datasets/luisluis123/ps2chd/resolve/main/Mega Man Anniversary Collection (USA).chd
ps2_chd.html;Mega Man X - Command Mission (USA).chd;https://archive.org/download/ps2-redump-usa-chd-part-M/Mega Man X - Command Mission (USA).chd;934.94 MB;JOGO_EXISTE_OUTRO_LINK;Existe no banco (rom_id 376772, source 1): https://huggingface.co/datasets/luisluis123/ps2chd/resolve/main/Mega Man X - Command Mission (USA).chd
ps2_chd.html;Mega Man X Collection (USA).chd;https://archive.org/download/ps2-redump-usa-chd-part-M/Mega Man X Collection (USA).chd;2.25 GB;JOGO_EXISTE_OUTRO_LINK;Existe no banco (rom_id 376773, source 1): https://huggingface.co/datasets/luisluis123/ps2chd/resolve/main/Mega Man X Collection (USA).chd
ps2_chd.html;Mega Man X7 (USA).chd;https://archive.org/download/ps2-redump-usa-chd-part-M/Mega Man X7 (USA).chd;799.94 MB;JOGO_EXISTE_OUTRO_LINK;Existe no banco (rom_id 376774, source 1): https://huggingface.co/datasets/luisluis123/ps2chd/resolve/main/Mega Man X7 (USA).chd
ps2_chd.html;Mega Man X8 (USA).chd;https://archive.org/download/ps2-redump-usa-chd-part-M/Mega Man X8 (USA).chd;852.36 MB;JOGO_EXISTE_OUTRO_LINK;Existe no banco (rom_id 376775, source 1): https://huggingface.co/datasets/luisluis123/ps2chd/resolve/main/Mega Man X8 (USA).chd
ps2_chd.html;Men in Black II - Alien Escape (USA).chd;https://archive.org/download/ps2-redump-usa-chd-part-M/Men in Black II - Alien Escape (USA).chd;756.00 MB;JOGO_EXISTE_OUTRO_LINK;Existe no banco (rom_id 376776, source 1): https://huggingface.co/datasets/luisluis123/ps2chd/resolve/main/Men in Black II - Alien Escape (USA).chd
ps2_chd.html;Mercenaries (USA).chd;https://archive.org/download/ps2-redump-usa-chd-part-M/Mercenaries (USA).chd;1.57 GB;JOGO_EXISTE_OUTRO_LINK;Existe no banco (rom_id 376777, source 1): https://huggingface.co/datasets/luisluis123/ps2chd/resolve/main/Mercenaries (USA).chd
ps2_chd.html;Mercenaries 2 - World in Flames (USA).chd;https://archive.org/download/ps2-redump-usa-chd-part-M/Mercenaries 2 - World in Flames (USA).chd;2.86 GB;JOGO_EXISTE_OUTRO_LINK;Existe no banco (rom_id 376778, source 1): https://huggingface.co/datasets/luisluis123/ps2chd/resolve/main/Mercenaries 2 - World in Flames (USA).chd
ps2_chd.html;Mercury Meltdown Remix (USA).chd;https://archive.org/download/ps2-redump-usa-chd-part-M/Mercury Meltdown Remix (USA).chd;1.02 GB;JOGO_EXISTE_OUTRO_LINK;Existe no banco (rom_id 376779, source 1): https://huggingface.co/datasets/luisluis123/ps2chd/resolve/main/Mercury Meltdown Remix (USA).chd
ps2_chd.html;Metal Arms - Glitch in the System (USA).chd;https://archive.org/download/ps2-redump-usa-chd-part-M/Metal Arms - Glitch in the System (USA).chd;1.52 GB;JOGO_EXISTE_OUTRO_LINK;Existe no banco (rom_id 376780, source 1): https://huggingface.co/datasets/luisluis123/ps2chd/resolve/main/Metal Arms - Glitch in the System (USA).chd
ps2_chd.html;Metal Gear Solid 2 - Sons of Liberty (USA).chd;https://archive.org/download/ps2-redump-usa-chd-part-M/Metal Gear Solid 2 - Sons of Liberty (USA).chd;3.09 GB;JOGO_EXISTE_OUTRO_LINK;Existe no banco (rom_id 376781, source 1): https://huggingface.co/datasets/luisluis123/ps2chd/resolve/main/Metal Gear Solid 2 - Sons of Liberty (USA).chd
ps2_chd.html;Metal Gear Solid 2 - Substance (USA).chd;https://archive.org/download/ps2-redump-usa-chd-part-M/Metal Gear Solid 2 - Substance (USA).chd;4.11 GB;JOGO_EXISTE_OUTRO_LINK;Existe no banco (rom_id 376782, source 1): https://huggingface.co/datasets/luisluis123/ps2chd/resolve/main/Metal Gear Solid 2 - Substance (USA).chd
ps2_chd.html;Metal Gear Solid 3 - Snake Eater (USA).chd;https://archive.org/download/ps2-redump-usa-chd-part-M/Metal Gear Solid 3 - Snake Eater (USA).chd;3.24 GB;JOGO_EXISTE_OUTRO_LINK;Existe no banco (rom_id 376783, source 1): https://huggingface.co/datasets/luisluis123/ps2chd/resolve/main/Metal Gear Solid 3 - Snake Eater (USA).chd
ps2_chd.html;Metal Gear Solid 3 - Subsistence (USA) (En,Es) (Disc 1) (Subsistence).chd;https://archive.org/download/ps2-redump-usa-chd-part-M/Metal Gear Solid 3 - Subsistence (USA) (En,Es) (Disc 1) (Subsistence).chd;3.30 GB;JOGO_EXISTE_OUTRO_LINK;Existe no banco (rom_id 376784, source 1): https://huggingface.co/datasets/luisluis123/ps2chd/resolve/main/Metal Gear Solid 3 - Subsistence (USA) (En,Es) (Disc 1) (Subsistence).chd
ps2_chd.html;Metal Gear Solid 3 - Subsistence (USA) (En,Es) (Disc 2) (Persistence).chd;https://archive.org/download/ps2-redump-usa-chd-part-M/Metal Gear Solid 3 - Subsistence (USA) (En,Es) (Disc 2) (Persistence).chd;2.23 GB;JOGO_EXISTE_OUTRO_LINK;Existe no banco (rom_id 376784, source 1): https://huggingface.co/datasets/luisluis123/ps2chd/resolve/main/Metal Gear Solid 3 - Subsistence (USA) (En,Es) (Disc 1) (Subsistence).chd
ps2_chd.html;Metal Saga (USA).chd;https://archive.org/download/ps2-redump-usa-chd-part-M/Metal Saga (USA).chd;927.07 MB;JOGO_EXISTE_OUTRO_LINK;Existe no banco (rom_id 376786, source 1): https://huggingface.co/datasets/luisluis123/ps2chd/resolve/main/Metal Saga (USA).chd
ps2_chd.html;Metal Slug 4 (USA).chd;https://archive.org/download/ps2-redump-usa-chd-part-M/Metal Slug 4 (USA).chd;77.38 MB;JOGO_EXISTE_OUTRO_LINK;Existe no banco (rom_id 376787, source 1): https://huggingface.co/datasets/luisluis123/ps2chd/resolve/main/Metal Slug 4 (USA).chd
ps2_chd.html;Metal Slug 5 (USA).chd;https://archive.org/download/ps2-redump-usa-chd-part-M/Metal Slug 5 (USA).chd;119.99 MB;JOGO_EXISTE_OUTRO_LINK;Existe no banco (rom_id 376788, source 1): https://huggingface.co/datasets/luisluis123/ps2chd/resolve/main/Metal Slug 5 (USA).chd
ps2_chd.html;Metal Slug Anthology (USA).chd;https://archive.org/download/ps2-redump-usa-chd-part-M/Metal Slug Anthology (USA).chd;741.62 MB;JOGO_EXISTE_OUTRO_LINK;Existe no banco (rom_id 376789, source 1): https://huggingface.co/datasets/luisluis123/ps2chd/resolve/main/Metal Slug Anthology (USA).chd
ps2_chd.html;Metropolismania (USA).chd;https://archive.org/download/ps2-redump-usa-chd-part-M/Metropolismania (USA).chd;419.89 MB;JOGO_EXISTE_OUTRO_LINK;Existe no banco (rom_id 376790, source 1): https://huggingface.co/datasets/luisluis123/ps2chd/resolve/main/Metropolismania (USA).chd
ps2_chd.html;Metropolismania 2 (USA).chd;https://archive.org/download/ps2-redump-usa-chd-part-M/Metropolismania 2 (USA).chd;18.46 MB;JOGO_EXISTE_OUTRO_LINK;Existe no banco (rom_id 376791, source 1): https://huggingface.co/datasets/luisluis123/ps2chd/resolve/main/Metropolismania 2 (USA).chd
ps2_chd.html;Micro Machines (USA).chd;https://archive.org/download/ps2-redump-usa-chd-part-M/Micro Machines (USA).chd;376.90 MB;JOGO_EXISTE_OUTRO_LINK;Existe no banco (rom_id 376792, source 1): https://huggingface.co/datasets/luisluis123/ps2chd/resolve/main/Micro Machines (USA).chd
ps2_chd.html;Micro Machines V4 (USA).chd;https://archive.org/download/ps2-redump-usa-chd-part-M/Micro Machines V4 (USA).chd;245.11 MB;JOGO_EXISTE_OUTRO_LINK;Existe no banco (rom_id 376793, source 1): https://huggingface.co/datasets/luisluis123/ps2chd/resolve/main/Micro Machines V4 (USA).chd
ps2_chd.html;Midnight Club - Street Racing (USA).chd;https://archive.org/download/ps2-redump-usa-chd-part-M/Midnight Club - Street Racing (USA).chd;410.64 MB;JOGO_EXISTE_OUTRO_LINK;Existe no banco (rom_id 376794, source 1): https://huggingface.co/datasets/luisluis123/ps2chd/resolve/main/Midnight Club - Street Racing (USA).chd
ps2_chd.html;Midnight Club 3 - DUB Edition (USA) (v1.04).chd;https://archive.org/download/ps2-redump-usa-chd-part-M/Midnight Club 3 - DUB Edition (USA) (v1.04).chd;3.12 GB;JOGO_EXISTE_OUTRO_LINK;Existe no banco (rom_id 376795, source 1): https://huggingface.co/datasets/luisluis123/ps2chd/resolve/main/Midnight Club 3 - DUB Edition (USA) (v1.04).chd
ps2_chd.html;Midnight Club 3 - DUB Edition (USA) (v2.00).chd;https://archive.org/download/ps2-redump-usa-chd-part-M/Midnight Club 3 - DUB Edition (USA) (v2.00).chd;3.11 GB;JOGO_EXISTE_OUTRO_LINK;Existe no banco (rom_id 376795, source 1): https://huggingface.co/datasets/luisluis123/ps2chd/resolve/main/Midnight Club 3 - DUB Edition (USA) (v1.04).chd
ps2_chd.html;Midnight Club 3 - DUB Edition Remix (USA).chd;https://archive.org/download/ps2-redump-usa-chd-part-M/Midnight Club 3 - DUB Edition Remix (USA).chd;3.62 GB;JOGO_EXISTE_OUTRO_LINK;Existe no banco (rom_id 376797, source 1): https://huggingface.co/datasets/luisluis123/ps2chd/resolve/main/Midnight Club 3 - DUB Edition Remix (USA).chd
ps2_chd.html;Midnight Club II (USA).chd;https://archive.org/download/ps2-redump-usa-chd-part-M/Midnight Club II (USA).chd;2.41 GB;JOGO_EXISTE_OUTRO_LINK;Existe no banco (rom_id 376798, source 1): https://huggingface.co/datasets/luisluis123/ps2chd/resolve/main/Midnight Club II (USA).chd
ps2_chd.html;Midway Arcade Treasures (USA).chd;https://archive.org/download/ps2-redump-usa-chd-part-M/Midway Arcade Treasures (USA).chd;3.22 GB;JOGO_EXISTE_OUTRO_LINK;Existe no banco (rom_id 376799, source 1): https://huggingface.co/datasets/luisluis123/ps2chd/resolve/main/Midway Arcade Treasures (USA).chd
ps2_chd.html;Midway Arcade Treasures 2 (USA).chd;https://archive.org/download/ps2-redump-usa-chd-part-M/Midway Arcade Treasures 2 (USA).chd;2.34 GB;JOGO_EXISTE_OUTRO_LINK;Existe no banco (rom_id 376800, source 1): https://huggingface.co/datasets/luisluis123/ps2chd/resolve/main/Midway Arcade Treasures 2 (USA).chd
ps2_chd.html;Midway Arcade Treasures 3 (USA).chd;https://archive.org/download/ps2-redump-usa-chd-part-M/Midway Arcade Treasures 3 (USA).chd;1.57 GB;JOGO_EXISTE_OUTRO_LINK;Existe no banco (rom_id 376801, source 1): https://huggingface.co/datasets/luisluis123/ps2chd/resolve/main/Midway Arcade Treasures 3 (USA).chd
ps2_chd.html;Mike Tyson Heavyweight Boxing (USA) (En,Fr,Es).chd;https://archive.org/download/ps2-redump-usa-chd-part-M/Mike Tyson Heavyweight Boxing (USA) (En,Fr,Es).chd;469.63 MB;JOGO_EXISTE_OUTRO_LINK;Existe no banco (rom_id 376802, source 1): https://huggingface.co/datasets/luisluis123/ps2chd/resolve/main/Mike Tyson Heavyweight Boxing (USA) (En,Fr,Es).chd
ps2_chd.html;Minority Report - Everybody Runs (USA).chd;https://archive.org/download/ps2-redump-usa-chd-part-M/Minority Report - Everybody Runs (USA).chd;1.18 GB;JOGO_EXISTE_OUTRO_LINK;Existe no banco (rom_id 376803, source 1): https://huggingface.co/datasets/luisluis123/ps2chd/resolve/main/Minority Report - Everybody Runs (USA).chd
ps2_chd.html;Mission - Impossible - Operation Surma (USA).chd;https://archive.org/download/ps2-redump-usa-chd-part-M/Mission - Impossible - Operation Surma (USA).chd;1.02 GB;JOGO_EXISTE_OUTRO_LINK;Existe no banco (rom_id 376804, source 1): https://huggingface.co/datasets/luisluis123/ps2chd/resolve/main/Mission - Impossible - Operation Surma (USA).chd
ps2_chd.html;Mister Mosquito (USA).chd;https://archive.org/download/ps2-redump-usa-chd-part-M/Mister Mosquito (USA).chd;333.71 MB;JOGO_EXISTE_OUTRO_LINK;Existe no banco (rom_id 376805, source 1): https://huggingface.co/datasets/luisluis123/ps2chd/resolve/main/Mister Mosquito (USA).chd
ps2_chd.html;Mobile Light Force 2 (USA).chd;https://archive.org/download/ps2-redump-usa-chd-part-M/Mobile Light Force 2 (USA).chd;225.56 MB;JOGO_EXISTE_OUTRO_LINK;Existe no banco (rom_id 376806, source 1): https://huggingface.co/datasets/luisluis123/ps2chd/resolve/main/Mobile Light Force 2 (USA).chd
ps2_chd.html;Mobile Suit Gundam - Encounters in Space (USA).chd;https://archive.org/download/ps2-redump-usa-chd-part-M/Mobile Suit Gundam - Encounters in Space (USA).chd;3.44 GB;JOGO_EXISTE_OUTRO_LINK;Existe no banco (rom_id 376807, source 1): https://huggingface.co/datasets/luisluis123/ps2chd/resolve/main/Mobile Suit Gundam - Encounters in Space (USA).chd
ps2_chd.html;Mobile Suit Gundam - Federation vs. Zeon (USA).chd;https://archive.org/download/ps2-redump-usa-chd-part-M/Mobile Suit Gundam - Federation vs. Zeon (USA).chd;288.24 MB;JOGO_EXISTE_OUTRO_LINK;Existe no banco (rom_id 376808, source 1): https://huggingface.co/datasets/luisluis123/ps2chd/resolve/main/Mobile Suit Gundam - Federation vs. Zeon (USA).chd
ps2_chd.html;Mobile Suit Gundam - Gundam vs. Zeta Gundam (USA).chd;https://archive.org/download/ps2-redump-usa-chd-part-M/Mobile Suit Gundam - Gundam vs. Zeta Gundam (USA).chd;841.46 MB;JOGO_EXISTE_OUTRO_LINK;Existe no banco (rom_id 376809, source 1): https://huggingface.co/datasets/luisluis123/ps2chd/resolve/main/Mobile Suit Gundam - Gundam vs. Zeta Gundam (USA).chd
ps2_chd.html;Mobile Suit Gundam - Journey to Jaburo (USA).chd;https://archive.org/download/ps2-redump-usa-chd-part-M/Mobile Suit Gundam - Journey to Jaburo (USA).chd;3.13 GB;JOGO_EXISTE_OUTRO_LINK;Existe no banco (rom_id 376810, source 1): https://huggingface.co/datasets/luisluis123/ps2chd/resolve/main/Mobile Suit Gundam - Journey to Jaburo (USA).chd
ps2_chd.html;Mobile Suit Gundam - Zeonic Front (USA).chd;https://archive.org/download/ps2-redump-usa-chd-part-M/Mobile Suit Gundam - Zeonic Front (USA).chd;1.58 GB;JOGO_EXISTE_OUTRO_LINK;Existe no banco (rom_id 376811, source 1): https://huggingface.co/datasets/luisluis123/ps2chd/resolve/main/Mobile Suit Gundam - Zeonic Front (USA).chd
ps2_chd.html;Mobile Suit Gundam Seed - Never Ending Tomorrow (USA).chd;https://archive.org/download/ps2-redump-usa-chd-part-M/Mobile Suit Gundam Seed - Never Ending Tomorrow (USA).chd;3.34 GB;JOGO_EXISTE_OUTRO_LINK;Existe no banco (rom_id 376812, source 1): https://huggingface.co/datasets/luisluis123/ps2chd/resolve/main/Mobile Suit Gundam Seed - Never Ending Tomorrow (USA).chd
ps2_chd.html;Mojo! (USA).chd;https://archive.org/download/ps2-redump-usa-chd-part-M/Mojo! (USA).chd;89.13 MB;JOGO_EXISTE_OUTRO_LINK;Existe no banco (rom_id 376813, source 1): https://huggingface.co/datasets/luisluis123/ps2chd/resolve/main/Mojo! (USA).chd
ps2_chd.html;Monopoly (USA) (En,Fr).chd;https://archive.org/download/ps2-redump-usa-chd-part-M/Monopoly (USA) (En,Fr).chd;352.68 MB;JOGO_EXISTE_OUTRO_LINK;Existe no banco (rom_id 376814, source 1): https://huggingface.co/datasets/luisluis123/ps2chd/resolve/main/Monopoly (USA) (En,Fr).chd
ps2_chd.html;Monopoly Party (USA).chd;https://archive.org/download/ps2-redump-usa-chd-part-M/Monopoly Party (USA).chd;259.27 MB;JOGO_EXISTE_OUTRO_LINK;Existe no banco (rom_id 376815, source 1): https://huggingface.co/datasets/luisluis123/ps2chd/resolve/main/Monopoly Party (USA).chd
ps2_chd.html;Monster 4x4 - Masters of Metal (USA).chd;https://archive.org/download/ps2-redump-usa-chd-part-M/Monster 4x4 - Masters of Metal (USA).chd;885.30 MB;JOGO_EXISTE_OUTRO_LINK;Existe no banco (rom_id 376816, source 1): https://huggingface.co/datasets/luisluis123/ps2chd/resolve/main/Monster 4x4 - Masters of Metal (USA).chd
ps2_chd.html;Monster House (USA) (En,Fr).chd;https://archive.org/download/ps2-redump-usa-chd-part-M/Monster House (USA) (En,Fr).chd;628.86 MB;JOGO_EXISTE_OUTRO_LINK;Existe no banco (rom_id 376817, source 1): https://huggingface.co/datasets/luisluis123/ps2chd/resolve/main/Monster House (USA) (En,Fr).chd
ps2_chd.html;Monster Hunter (USA).chd;https://archive.org/download/ps2-redump-usa-chd-part-M/Monster Hunter (USA).chd;787.31 MB;JOGO_EXISTE_OUTRO_LINK;Existe no banco (rom_id 376818, source 1): https://huggingface.co/datasets/luisluis123/ps2chd/resolve/main/Monster Hunter (USA).chd
ps2_chd.html;Monster Jam (USA).chd;https://archive.org/download/ps2-redump-usa-chd-part-M/Monster Jam (USA).chd;809.90 MB;JOGO_EXISTE_OUTRO_LINK;Existe no banco (rom_id 376819, source 1): https://huggingface.co/datasets/luisluis123/ps2chd/resolve/main/Monster Jam (USA).chd
ps2_chd.html;Monster Jam - Maximum Destruction (USA).chd;https://archive.org/download/ps2-redump-usa-chd-part-M/Monster Jam - Maximum Destruction (USA).chd;198.37 MB;JOGO_EXISTE_OUTRO_LINK;Existe no banco (rom_id 376820, source 1): https://huggingface.co/datasets/luisluis123/ps2chd/resolve/main/Monster Jam - Maximum Destruction (USA).chd
ps2_chd.html;Monster Jam - Urban Assault (USA).chd;https://archive.org/download/ps2-redump-usa-chd-part-M/Monster Jam - Urban Assault (USA).chd;790.82 MB;JOGO_EXISTE_OUTRO_LINK;Existe no banco (rom_id 376821, source 1): https://huggingface.co/datasets/luisluis123/ps2chd/resolve/main/Monster Jam - Urban Assault (USA).chd
ps2_chd.html;Monster Lab (USA) (En,Fr,De,Es,It).chd;https://archive.org/download/ps2-redump-usa-chd-part-M/Monster Lab (USA) (En,Fr,De,Es,It).chd;1.53 GB;JOGO_EXISTE_OUTRO_LINK;Existe no banco (rom_id 376822, source 1): https://huggingface.co/datasets/luisluis123/ps2chd/resolve/main/Monster Lab (USA) (En,Fr,De,Es,It).chd
ps2_chd.html;Monster Rancher 3 (USA) (v1.00).chd;https://archive.org/download/ps2-redump-usa-chd-part-M/Monster Rancher 3 (USA) (v1.00).chd;310.55 MB;JOGO_EXISTE_OUTRO_LINK;Existe no banco (rom_id 376823, source 1): https://huggingface.co/datasets/luisluis123/ps2chd/resolve/main/Monster Rancher 3 (USA) (v1.00).chd
ps2_chd.html;Monster Rancher 3 (USA) (v2.01).chd;https://archive.org/download/ps2-redump-usa-chd-part-M/Monster Rancher 3 (USA) (v2.01).chd;310.67 MB;JOGO_EXISTE_OUTRO_LINK;Existe no banco (rom_id 376823, source 1): https://huggingface.co/datasets/luisluis123/ps2chd/resolve/main/Monster Rancher 3 (USA) (v1.00).chd
ps2_chd.html;Monster Rancher 4 (USA).chd;https://archive.org/download/ps2-redump-usa-chd-part-M/Monster Rancher 4 (USA).chd;734.22 MB;JOGO_EXISTE_OUTRO_LINK;Existe no banco (rom_id 376825, source 1): https://huggingface.co/datasets/luisluis123/ps2chd/resolve/main/Monster Rancher 4 (USA).chd
ps2_chd.html;Monster Rancher Evo (USA).chd;https://archive.org/download/ps2-redump-usa-chd-part-M/Monster Rancher Evo (USA).chd;951.22 MB;JOGO_EXISTE_OUTRO_LINK;Existe no banco (rom_id 376826, source 1): https://huggingface.co/datasets/luisluis123/ps2chd/resolve/main/Monster Rancher Evo (USA).chd
ps2_chd.html;Mortal Kombat - Armageddon (USA) (Premium Edition).chd;https://archive.org/download/ps2-redump-usa-chd-part-M/Mortal Kombat - Armageddon (USA) (Premium Edition).chd;2.50 GB;JOGO_EXISTE_OUTRO_LINK;Existe no banco (rom_id 376827, source 1): https://huggingface.co/datasets/luisluis123/ps2chd/resolve/main/Mortal Kombat - Armageddon (USA) (Premium Edition).chd
ps2_chd.html;Mortal Kombat - Armageddon (USA).chd;https://archive.org/download/ps2-redump-usa-chd-part-M/Mortal Kombat - Armageddon (USA).chd;2.42 GB;JOGO_EXISTE_OUTRO_LINK;Existe no banco (rom_id 376827, source 1): https://huggingface.co/datasets/luisluis123/ps2chd/resolve/main/Mortal Kombat - Armageddon (USA) (Premium Edition).chd
ps2_chd.html;Mortal Kombat - Deadly Alliance (USA).chd;https://archive.org/download/ps2-redump-usa-chd-part-M/Mortal Kombat - Deadly Alliance (USA).chd;2.50 GB;JOGO_EXISTE_OUTRO_LINK;Existe no banco (rom_id 376829, source 1): https://huggingface.co/datasets/luisluis123/ps2chd/resolve/main/Mortal Kombat - Deadly Alliance (USA).chd
ps2_chd.html;Mortal Kombat - Deception (USA).chd;https://archive.org/download/ps2-redump-usa-chd-part-M/Mortal Kombat - Deception (USA).chd;2.11 GB;JOGO_EXISTE_OUTRO_LINK;Existe no banco (rom_id 376830, source 1): https://huggingface.co/datasets/luisluis123/ps2chd/resolve/main/Mortal Kombat - Deception (USA).chd
ps2_chd.html;Mortal Kombat - Shaolin Monks (USA).chd;https://archive.org/download/ps2-redump-usa-chd-part-M/Mortal Kombat - Shaolin Monks (USA).chd;2.34 GB;JOGO_EXISTE_OUTRO_LINK;Existe no banco (rom_id 376831, source 1): https://huggingface.co/datasets/luisluis123/ps2chd/resolve/main/Mortal Kombat - Shaolin Monks (USA).chd
ps2_chd.html;MotoGP (USA).chd;https://archive.org/download/ps2-redump-usa-chd-part-M/MotoGP (USA).chd;347.46 MB;JOGO_EXISTE_OUTRO_LINK;Existe no banco (rom_id 376832, source 1): https://huggingface.co/datasets/luisluis123/ps2chd/resolve/main/MotoGP (USA).chd
ps2_chd.html;MotoGP 07 (USA) (En,Es).chd;https://archive.org/download/ps2-redump-usa-chd-part-M/MotoGP 07 (USA) (En,Es).chd;803.03 MB;JOGO_EXISTE_OUTRO_LINK;Existe no banco (rom_id 376833, source 1): https://huggingface.co/datasets/luisluis123/ps2chd/resolve/main/MotoGP 07 (USA) (En,Es).chd
ps2_chd.html;MotoGP 08 (USA).chd;https://archive.org/download/ps2-redump-usa-chd-part-M/MotoGP 08 (USA).chd;1.09 GB;JOGO_EXISTE_OUTRO_LINK;Existe no banco (rom_id 376834, source 1): https://huggingface.co/datasets/luisluis123/ps2chd/resolve/main/MotoGP 08 (USA).chd
ps2_chd.html;MotoGP 2 (USA).chd;https://archive.org/download/ps2-redump-usa-chd-part-M/MotoGP 2 (USA).chd;258.39 MB;JOGO_EXISTE_OUTRO_LINK;Existe no banco (rom_id 376835, source 1): https://huggingface.co/datasets/luisluis123/ps2chd/resolve/main/MotoGP 2 (USA).chd
ps2_chd.html;MotoGP 3 (USA).chd;https://archive.org/download/ps2-redump-usa-chd-part-M/MotoGP 3 (USA).chd;1.04 GB;JOGO_EXISTE_OUTRO_LINK;Existe no banco (rom_id 376836, source 1): https://huggingface.co/datasets/luisluis123/ps2chd/resolve/main/MotoGP 3 (USA).chd
ps2_chd.html;MotoGP 4 (USA).chd;https://archive.org/download/ps2-redump-usa-chd-part-M/MotoGP 4 (USA).chd;975.47 MB;JOGO_EXISTE_OUTRO_LINK;Existe no banco (rom_id 376837, source 1): https://huggingface.co/datasets/luisluis123/ps2chd/resolve/main/MotoGP 4 (USA).chd
ps2_chd.html;Motocross Mania 3 (USA).chd;https://archive.org/download/ps2-redump-usa-chd-part-M/Motocross Mania 3 (USA).chd;571.01 MB;JOGO_EXISTE_OUTRO_LINK;Existe no banco (rom_id 376838, source 1): https://huggingface.co/datasets/luisluis123/ps2chd/resolve/main/Motocross Mania 3 (USA).chd
ps2_chd.html;MotorStorm - Arctic Edge (USA).chd;https://archive.org/download/ps2-redump-usa-chd-part-M/MotorStorm - Arctic Edge (USA).chd;1.38 GB;JOGO_EXISTE_OUTRO_LINK;Existe no banco (rom_id 376839, source 1): https://huggingface.co/datasets/luisluis123/ps2chd/resolve/main/MotorStorm - Arctic Edge (USA).chd
ps2_chd.html;Mountain Bike Adrenaline (USA).chd;https://archive.org/download/ps2-redump-usa-chd-part-M/Mountain Bike Adrenaline (USA).chd;322.67 MB;JOGO_EXISTE_OUTRO_LINK;Existe no banco (rom_id 376840, source 1): https://huggingface.co/datasets/luisluis123/ps2chd/resolve/main/Mountain Bike Adrenaline (USA).chd
ps2_chd.html;Mummy Returns, The (USA).chd;https://archive.org/download/ps2-redump-usa-chd-part-M/Mummy Returns, The (USA).chd;449.09 MB;JOGO_EXISTE_OUTRO_LINK;Existe no banco (rom_id 376841, source 1): https://huggingface.co/datasets/luisluis123/ps2chd/resolve/main/Mummy Returns, The (USA).chd
ps2_chd.html;Mummy, The - Tomb of the Dragon Emperor (USA).chd;https://archive.org/download/ps2-redump-usa-chd-part-M/Mummy, The - Tomb of the Dragon Emperor (USA).chd;1006.36 MB;JOGO_EXISTE_OUTRO_LINK;Existe no banco (rom_id 376842, source 1): https://huggingface.co/datasets/luisluis123/ps2chd/resolve/main/Mummy, The - Tomb of the Dragon Emperor (USA).chd
ps2_chd.html;Musashi - Samurai Legend (USA).chd;https://archive.org/download/ps2-redump-usa-chd-part-M/Musashi - Samurai Legend (USA).chd;1.24 GB;JOGO_EXISTE_OUTRO_LINK;Existe no banco (rom_id 376843, source 1): https://huggingface.co/datasets/luisluis123/ps2chd/resolve/main/Musashi - Samurai Legend (USA).chd
ps2_chd.html;My Street (USA).chd;https://archive.org/download/ps2-redump-usa-chd-part-M/My Street (USA).chd;366.88 MB;JOGO_EXISTE_OUTRO_LINK;Existe no banco (rom_id 376844, source 1): https://huggingface.co/datasets/luisluis123/ps2chd/resolve/main/My Street (USA).chd
ps2_chd.html;Myst III - Exile (USA).chd;https://archive.org/download/ps2-redump-usa-chd-part-M/Myst III - Exile (USA).chd;3.12 GB;JOGO_EXISTE_OUTRO_LINK;Existe no banco (rom_id 376845, source 1): https://huggingface.co/datasets/luisluis123/ps2chd/resolve/main/Myst III - Exile (USA).chd
ps2_chd.html;Mystic Heroes (USA).chd;https://archive.org/download/ps2-redump-usa-chd-part-M/Mystic Heroes (USA).chd;1.19 GB;JOGO_EXISTE_OUTRO_LINK;Existe no banco (rom_id 376846, source 1): https://huggingface.co/datasets/luisluis123/ps2chd/resolve/main/Mystic Heroes (USA).chd
ps2_chd.html;NASCAR - Dirt to Daytona (USA).chd;https://archive.org/download/ps2-redump-usa-chd-part-N/NASCAR - Dirt to Daytona (USA).chd;2.51 GB;JOGO_EXISTE_OUTRO_LINK;Existe no banco (rom_id 376847, source 1): https://huggingface.co/datasets/luisluis123/ps2chd/resolve/main/NASCAR - Dirt to Daytona (USA).chd
ps2_chd.html;NASCAR 06 - Total Team Control (USA).chd;https://archive.org/download/ps2-redump-usa-chd-part-N/NASCAR 06 - Total Team Control (USA).chd;2.98 GB;JOGO_EXISTE_OUTRO_LINK;Existe no banco (rom_id 376848, source 1): https://huggingface.co/datasets/luisluis123/ps2chd/resolve/main/NASCAR 06 - Total Team Control (USA).chd
ps2_chd.html;NASCAR 07 (USA).chd;https://archive.org/download/ps2-redump-usa-chd-part-N/NASCAR 07 (USA).chd;2.17 GB;JOGO_EXISTE_OUTRO_LINK;Existe no banco (rom_id 376849, source 1): https://huggingface.co/datasets/luisluis123/ps2chd/resolve/main/NASCAR 07 (USA).chd
ps2_chd.html;NASCAR 08 (USA).chd;https://archive.org/download/ps2-redump-usa-chd-part-N/NASCAR 08 (USA).chd;1.09 GB;JOGO_EXISTE_OUTRO_LINK;Existe no banco (rom_id 376850, source 1): https://huggingface.co/datasets/luisluis123/ps2chd/resolve/main/NASCAR 08 (USA).chd
ps2_chd.html;NASCAR 09 (USA).chd;https://archive.org/download/ps2-redump-usa-chd-part-N/NASCAR 09 (USA).chd;841.27 MB;JOGO_EXISTE_OUTRO_LINK;Existe no banco (rom_id 376851, source 1): https://huggingface.co/datasets/luisluis123/ps2chd/resolve/main/NASCAR 09 (USA).chd
ps2_chd.html;NASCAR 2001 (USA).chd;https://archive.org/download/ps2-redump-usa-chd-part-N/NASCAR 2001 (USA).chd;201.66 MB;JOGO_EXISTE_OUTRO_LINK;Existe no banco (rom_id 376852, source 1): https://huggingface.co/datasets/luisluis123/ps2chd/resolve/main/NASCAR 2001 (USA).chd
ps2_chd.html;NASCAR 2005 - Chase for the Cup (USA).chd;https://archive.org/download/ps2-redump-usa-chd-part-N/NASCAR 2005 - Chase for the Cup (USA).chd;3.29 GB;JOGO_EXISTE_OUTRO_LINK;Existe no banco (rom_id 376853, source 1): https://huggingface.co/datasets/luisluis123/ps2chd/resolve/main/NASCAR 2005 - Chase for the Cup (USA).chd
ps2_chd.html;NASCAR Heat 2002 (USA).chd;https://archive.org/download/ps2-redump-usa-chd-part-N/NASCAR Heat 2002 (USA).chd;1.58 GB;JOGO_EXISTE_OUTRO_LINK;Existe no banco (rom_id 376854, source 1): https://huggingface.co/datasets/luisluis123/ps2chd/resolve/main/NASCAR Heat 2002 (USA).chd
ps2_chd.html;NASCAR Thunder 2002 (USA).chd;https://archive.org/download/ps2-redump-usa-chd-part-N/NASCAR Thunder 2002 (USA).chd;306.93 MB;JOGO_EXISTE_OUTRO_LINK;Existe no banco (rom_id 376855, source 1): https://huggingface.co/datasets/luisluis123/ps2chd/resolve/main/NASCAR Thunder 2002 (USA).chd
ps2_chd.html;NASCAR Thunder 2003 (USA).chd;https://archive.org/download/ps2-redump-usa-chd-part-N/NASCAR Thunder 2003 (USA).chd;1.22 GB;JOGO_EXISTE_OUTRO_LINK;Existe no banco (rom_id 376856, source 1): https://huggingface.co/datasets/luisluis123/ps2chd/resolve/main/NASCAR Thunder 2003 (USA).chd
ps2_chd.html;NASCAR Thunder 2004 (USA).chd;https://archive.org/download/ps2-redump-usa-chd-part-N/NASCAR Thunder 2004 (USA).chd;2.80 GB;JOGO_EXISTE_OUTRO_LINK;Existe no banco (rom_id 376857, source 1): https://huggingface.co/datasets/luisluis123/ps2chd/resolve/main/NASCAR Thunder 2004 (USA).chd
ps2_chd.html;NBA 06 (USA).chd;https://archive.org/download/ps2-redump-usa-chd-part-N/NBA 06 (USA).chd;2.70 GB;JOGO_EXISTE_OUTRO_LINK;Existe no banco (rom_id 376858, source 1): https://huggingface.co/datasets/luisluis123/ps2chd/resolve/main/NBA 06 (USA).chd
ps2_chd.html;NBA 07 featuring the Life Vol. 2 (USA).chd;https://archive.org/download/ps2-redump-usa-chd-part-N/NBA 07 featuring the Life Vol. 2 (USA).chd;2.09 GB;JOGO_EXISTE_OUTRO_LINK;Existe no banco (rom_id 376859, source 1): https://huggingface.co/datasets/luisluis123/ps2chd/resolve/main/NBA 07 featuring the Life Vol. 2 (USA).chd
ps2_chd.html;NBA 08 featuring the Life Vol. 3 (USA).chd;https://archive.org/download/ps2-redump-usa-chd-part-N/NBA 08 featuring the Life Vol. 3 (USA).chd;1.84 GB;JOGO_EXISTE_OUTRO_LINK;Existe no banco (rom_id 376860, source 1): https://huggingface.co/datasets/luisluis123/ps2chd/resolve/main/NBA 08 featuring the Life Vol. 3 (USA).chd
ps2_chd.html;NBA 09 - The Inside (USA).chd;https://archive.org/download/ps2-redump-usa-chd-part-N/NBA 09 - The Inside (USA).chd;2.33 GB;JOGO_EXISTE_OUTRO_LINK;Existe no banco (rom_id 376861, source 1): https://huggingface.co/datasets/luisluis123/ps2chd/resolve/main/NBA 09 - The Inside (USA).chd
ps2_chd.html;NBA 2K10 (USA).chd;https://archive.org/download/ps2-redump-usa-chd-part-N/NBA 2K10 (USA).chd;1.91 GB;JOGO_EXISTE_OUTRO_LINK;Existe no banco (rom_id 376862, source 1): https://huggingface.co/datasets/luisluis123/ps2chd/resolve/main/NBA 2K10 (USA).chd
ps2_chd.html;NBA 2K11 (USA).chd;https://archive.org/download/ps2-redump-usa-chd-part-N/NBA 2K11 (USA).chd;2.17 GB;JOGO_EXISTE_OUTRO_LINK;Existe no banco (rom_id 376863, source 1): https://huggingface.co/datasets/luisluis123/ps2chd/resolve/main/NBA 2K11 (USA).chd
ps2_chd.html;NBA 2K12 (USA).chd;https://archive.org/download/ps2-redump-usa-chd-part-N/NBA 2K12 (USA).chd;2.02 GB;JOGO_EXISTE_OUTRO_LINK;Existe no banco (rom_id 376864, source 1): https://huggingface.co/datasets/luisluis123/ps2chd/resolve/main/NBA 2K12 (USA).chd
ps2_chd.html;NBA 2K2 (USA).chd;https://archive.org/download/ps2-redump-usa-chd-part-N/NBA 2K2 (USA).chd;1.14 GB;JOGO_EXISTE_OUTRO_LINK;Existe no banco (rom_id 376865, source 1): https://huggingface.co/datasets/luisluis123/ps2chd/resolve/main/NBA 2K2 (USA).chd
ps2_chd.html;NBA 2K3 (USA).chd;https://archive.org/download/ps2-redump-usa-chd-part-N/NBA 2K3 (USA).chd;1.54 GB;JOGO_EXISTE_OUTRO_LINK;Existe no banco (rom_id 376866, source 1): https://huggingface.co/datasets/luisluis123/ps2chd/resolve/main/NBA 2K3 (USA).chd
ps2_chd.html;NBA 2K6 (USA).chd;https://archive.org/download/ps2-redump-usa-chd-part-N/NBA 2K6 (USA).chd;2.72 GB;JOGO_EXISTE_OUTRO_LINK;Existe no banco (rom_id 376867, source 1): https://huggingface.co/datasets/luisluis123/ps2chd/resolve/main/NBA 2K6 (USA).chd
ps2_chd.html;NBA 2K7 (USA).chd;https://archive.org/download/ps2-redump-usa-chd-part-N/NBA 2K7 (USA).chd;2.33 GB;JOGO_EXISTE_OUTRO_LINK;Existe no banco (rom_id 376868, source 1): https://huggingface.co/datasets/luisluis123/ps2chd/resolve/main/NBA 2K7 (USA).chd
ps2_chd.html;NBA 2K8 (USA).chd;https://archive.org/download/ps2-redump-usa-chd-part-N/NBA 2K8 (USA).chd;2.25 GB;JOGO_EXISTE_OUTRO_LINK;Existe no banco (rom_id 376869, source 1): https://huggingface.co/datasets/luisluis123/ps2chd/resolve/main/NBA 2K8 (USA).chd
ps2_chd.html;NBA 2K9 (USA).chd;https://archive.org/download/ps2-redump-usa-chd-part-N/NBA 2K9 (USA).chd;2.11 GB;JOGO_EXISTE_OUTRO_LINK;Existe no banco (rom_id 376870, source 1): https://huggingface.co/datasets/luisluis123/ps2chd/resolve/main/NBA 2K9 (USA).chd
ps2_chd.html;NBA Ballers (USA).chd;https://archive.org/download/ps2-redump-usa-chd-part-N/NBA Ballers (USA).chd;2.40 GB;JOGO_EXISTE_OUTRO_LINK;Existe no banco (rom_id 376871, source 1): https://huggingface.co/datasets/luisluis123/ps2chd/resolve/main/NBA Ballers (USA).chd
ps2_chd.html;NBA Ballers - Phenom (USA).chd;https://archive.org/download/ps2-redump-usa-chd-part-N/NBA Ballers - Phenom (USA).chd;1.78 GB;JOGO_EXISTE_OUTRO_LINK;Existe no banco (rom_id 376872, source 1): https://huggingface.co/datasets/luisluis123/ps2chd/resolve/main/NBA Ballers - Phenom (USA).chd
ps2_chd.html;NBA Hoopz (USA).chd;https://archive.org/download/ps2-redump-usa-chd-part-N/NBA Hoopz (USA).chd;245.41 MB;JOGO_EXISTE_OUTRO_LINK;Existe no banco (rom_id 376873, source 1): https://huggingface.co/datasets/luisluis123/ps2chd/resolve/main/NBA Hoopz (USA).chd
ps2_chd.html;NBA Jam (USA).chd;https://archive.org/download/ps2-redump-usa-chd-part-N/NBA Jam (USA).chd;661.52 MB;JOGO_EXISTE_OUTRO_LINK;Existe no banco (rom_id 376874, source 1): https://huggingface.co/datasets/luisluis123/ps2chd/resolve/main/NBA Jam (USA).chd
ps2_chd.html;NBA Live 06 (USA).chd;https://archive.org/download/ps2-redump-usa-chd-part-N/NBA Live 06 (USA).chd;2.05 GB;JOGO_EXISTE_OUTRO_LINK;Existe no banco (rom_id 376875, source 1): https://huggingface.co/datasets/luisluis123/ps2chd/resolve/main/NBA Live 06 (USA).chd
ps2_chd.html;NBA Live 07 (USA).chd;https://archive.org/download/ps2-redump-usa-chd-part-N/NBA Live 07 (USA).chd;2.58 GB;JOGO_EXISTE_OUTRO_LINK;Existe no banco (rom_id 376876, source 1): https://huggingface.co/datasets/luisluis123/ps2chd/resolve/main/NBA Live 07 (USA).chd
ps2_chd.html;NBA Live 08 (USA).chd;https://archive.org/download/ps2-redump-usa-chd-part-N/NBA Live 08 (USA).chd;2.24 GB;JOGO_EXISTE_OUTRO_LINK;Existe no banco (rom_id 376877, source 1): https://huggingface.co/datasets/luisluis123/ps2chd/resolve/main/NBA Live 08 (USA).chd
ps2_chd.html;NBA Live 09 (USA) (En,Fr).chd;https://archive.org/download/ps2-redump-usa-chd-part-N/NBA Live 09 (USA) (En,Fr).chd;3.05 GB;JOGO_EXISTE_OUTRO_LINK;Existe no banco (rom_id 376878, source 1): https://huggingface.co/datasets/luisluis123/ps2chd/resolve/main/NBA Live 09 (USA) (En,Fr).chd
ps2_chd.html;NBA Live 2001 (USA).chd;https://archive.org/download/ps2-redump-usa-chd-part-N/NBA Live 2001 (USA).chd;353.91 MB;JOGO_EXISTE_OUTRO_LINK;Existe no banco (rom_id 376879, source 1): https://huggingface.co/datasets/luisluis123/ps2chd/resolve/main/NBA Live 2001 (USA).chd
ps2_chd.html;NBA Live 2002 (USA).chd;https://archive.org/download/ps2-redump-usa-chd-part-N/NBA Live 2002 (USA).chd;358.04 MB;JOGO_EXISTE_OUTRO_LINK;Existe no banco (rom_id 376880, source 1): https://huggingface.co/datasets/luisluis123/ps2chd/resolve/main/NBA Live 2002 (USA).chd
ps2_chd.html;NBA Live 2003 (USA).chd;https://archive.org/download/ps2-redump-usa-chd-part-N/NBA Live 2003 (USA).chd;1.15 GB;JOGO_EXISTE_OUTRO_LINK;Existe no banco (rom_id 376881, source 1): https://huggingface.co/datasets/luisluis123/ps2chd/resolve/main/NBA Live 2003 (USA).chd
ps2_chd.html;NBA Live 2004 (USA).chd;https://archive.org/download/ps2-redump-usa-chd-part-N/NBA Live 2004 (USA).chd;2.37 GB;JOGO_EXISTE_OUTRO_LINK;Existe no banco (rom_id 376882, source 1): https://huggingface.co/datasets/luisluis123/ps2chd/resolve/main/NBA Live 2004 (USA).chd
ps2_chd.html;NBA Live 2005 (USA).chd;https://archive.org/download/ps2-redump-usa-chd-part-N/NBA Live 2005 (USA).chd;2.02 GB;JOGO_EXISTE_OUTRO_LINK;Existe no banco (rom_id 376883, source 1): https://huggingface.co/datasets/luisluis123/ps2chd/resolve/main/NBA Live 2005 (USA).chd
ps2_chd.html;NBA ShootOut 2001 (USA).chd;https://archive.org/download/ps2-redump-usa-chd-part-N/NBA ShootOut 2001 (USA).chd;408.56 MB;JOGO_EXISTE_OUTRO_LINK;Existe no banco (rom_id 376884, source 1): https://huggingface.co/datasets/luisluis123/ps2chd/resolve/main/NBA ShootOut 2001 (USA).chd
ps2_chd.html;NBA ShootOut 2003 (USA).chd;https://archive.org/download/ps2-redump-usa-chd-part-N/NBA ShootOut 2003 (USA).chd;1.08 GB;JOGO_EXISTE_OUTRO_LINK;Existe no banco (rom_id 376885, source 1): https://huggingface.co/datasets/luisluis123/ps2chd/resolve/main/NBA ShootOut 2003 (USA).chd
ps2_chd.html;NBA ShootOut 2004 (USA).chd;https://archive.org/download/ps2-redump-usa-chd-part-N/NBA ShootOut 2004 (USA).chd;1.95 GB;JOGO_EXISTE_OUTRO_LINK;Existe no banco (rom_id 376886, source 1): https://huggingface.co/datasets/luisluis123/ps2chd/resolve/main/NBA ShootOut 2004 (USA).chd
ps2_chd.html;NBA Starting Five (USA).chd;https://archive.org/download/ps2-redump-usa-chd-part-N/NBA Starting Five (USA).chd;324.05 MB;JOGO_EXISTE_OUTRO_LINK;Existe no banco (rom_id 376887, source 1): https://huggingface.co/datasets/luisluis123/ps2chd/resolve/main/NBA Starting Five (USA).chd
ps2_chd.html;NBA Street (USA).chd;https://archive.org/download/ps2-redump-usa-chd-part-N/NBA Street (USA).chd;297.66 MB;JOGO_EXISTE_OUTRO_LINK;Existe no banco (rom_id 376888, source 1): https://huggingface.co/datasets/luisluis123/ps2chd/resolve/main/NBA Street (USA).chd
ps2_chd.html;NBA Street V3 (USA).chd;https://archive.org/download/ps2-redump-usa-chd-part-N/NBA Street V3 (USA).chd;1.95 GB;JOGO_EXISTE_OUTRO_LINK;Existe no banco (rom_id 376889, source 1): https://huggingface.co/datasets/luisluis123/ps2chd/resolve/main/NBA Street V3 (USA).chd
ps2_chd.html;NBA Street Vol. 2 (USA).chd;https://archive.org/download/ps2-redump-usa-chd-part-N/NBA Street Vol. 2 (USA).chd;1.49 GB;JOGO_EXISTE_OUTRO_LINK;Existe no banco (rom_id 376890, source 1): https://huggingface.co/datasets/luisluis123/ps2chd/resolve/main/NBA Street Vol. 2 (USA).chd
ps2_chd.html;NCAA Basketball 09 (USA).chd;https://archive.org/download/ps2-redump-usa-chd-part-N/NCAA Basketball 09 (USA).chd;1.66 GB;JOGO_EXISTE_OUTRO_LINK;Existe no banco (rom_id 376891, source 1): https://huggingface.co/datasets/luisluis123/ps2chd/resolve/main/NCAA Basketball 09 (USA).chd
ps2_chd.html;NCAA College Basketball 2K3 (USA).chd;https://archive.org/download/ps2-redump-usa-chd-part-N/NCAA College Basketball 2K3 (USA).chd;1.97 GB;JOGO_EXISTE_OUTRO_LINK;Existe no banco (rom_id 376892, source 1): https://huggingface.co/datasets/luisluis123/ps2chd/resolve/main/NCAA College Basketball 2K3 (USA).chd
ps2_chd.html;NCAA College Football 2K3 (USA).chd;https://archive.org/download/ps2-redump-usa-chd-part-N/NCAA College Football 2K3 (USA).chd;900.58 MB;JOGO_EXISTE_OUTRO_LINK;Existe no banco (rom_id 376893, source 1): https://huggingface.co/datasets/luisluis123/ps2chd/resolve/main/NCAA College Football 2K3 (USA).chd
ps2_chd.html;NCAA Final Four 2001 (USA).chd;https://archive.org/download/ps2-redump-usa-chd-part-N/NCAA Final Four 2001 (USA).chd;290.85 MB;JOGO_EXISTE_OUTRO_LINK;Existe no banco (rom_id 376894, source 1): https://huggingface.co/datasets/luisluis123/ps2chd/resolve/main/NCAA Final Four 2001 (USA).chd
ps2_chd.html;NCAA Final Four 2002 (USA).chd;https://archive.org/download/ps2-redump-usa-chd-part-N/NCAA Final Four 2002 (USA).chd;480.33 MB;JOGO_EXISTE_OUTRO_LINK;Existe no banco (rom_id 376895, source 1): https://huggingface.co/datasets/luisluis123/ps2chd/resolve/main/NCAA Final Four 2002 (USA).chd
ps2_chd.html;NCAA Final Four 2003 (USA).chd;https://archive.org/download/ps2-redump-usa-chd-part-N/NCAA Final Four 2003 (USA).chd;873.51 MB;JOGO_EXISTE_OUTRO_LINK;Existe no banco (rom_id 376896, source 1): https://huggingface.co/datasets/luisluis123/ps2chd/resolve/main/NCAA Final Four 2003 (USA).chd
ps2_chd.html;NCAA Final Four 2004 (USA).chd;https://archive.org/download/ps2-redump-usa-chd-part-N/NCAA Final Four 2004 (USA).chd;1.13 GB;JOGO_EXISTE_OUTRO_LINK;Existe no banco (rom_id 376897, source 1): https://huggingface.co/datasets/luisluis123/ps2chd/resolve/main/NCAA Final Four 2004 (USA).chd
ps2_chd.html;NCAA Football 06 (USA).chd;https://archive.org/download/ps2-redump-usa-chd-part-N/NCAA Football 06 (USA).chd;2.97 GB;JOGO_EXISTE_OUTRO_LINK;Existe no banco (rom_id 376898, source 1): https://huggingface.co/datasets/luisluis123/ps2chd/resolve/main/NCAA Football 06 (USA).chd
ps2_chd.html;NCAA Football 07 (USA).chd;https://archive.org/download/ps2-redump-usa-chd-part-N/NCAA Football 07 (USA).chd;2.39 GB;JOGO_EXISTE_OUTRO_LINK;Existe no banco (rom_id 376899, source 1): https://huggingface.co/datasets/luisluis123/ps2chd/resolve/main/NCAA Football 07 (USA).chd
ps2_chd.html;NCAA Football 08 (USA).chd;https://archive.org/download/ps2-redump-usa-chd-part-N/NCAA Football 08 (USA).chd;1.95 GB;JOGO_EXISTE_OUTRO_LINK;Existe no banco (rom_id 376900, source 1): https://huggingface.co/datasets/luisluis123/ps2chd/resolve/main/NCAA Football 08 (USA).chd
ps2_chd.html;NCAA Football 09 (USA).chd;https://archive.org/download/ps2-redump-usa-chd-part-N/NCAA Football 09 (USA).chd;1.76 GB;JOGO_EXISTE_OUTRO_LINK;Existe no banco (rom_id 376901, source 1): https://huggingface.co/datasets/luisluis123/ps2chd/resolve/main/NCAA Football 09 (USA).chd
ps2_chd.html;NCAA Football 10 (USA).chd;https://archive.org/download/ps2-redump-usa-chd-part-N/NCAA Football 10 (USA).chd;1.96 GB;JOGO_EXISTE_OUTRO_LINK;Existe no banco (rom_id 376902, source 1): https://huggingface.co/datasets/luisluis123/ps2chd/resolve/main/NCAA Football 10 (USA).chd
ps2_chd.html;NCAA Football 11 (USA).chd;https://archive.org/download/ps2-redump-usa-chd-part-N/NCAA Football 11 (USA).chd;1.97 GB;JOGO_EXISTE_OUTRO_LINK;Existe no banco (rom_id 376903, source 1): https://huggingface.co/datasets/luisluis123/ps2chd/resolve/main/NCAA Football 11 (USA).chd
ps2_chd.html;NCAA Football 2002 (USA).chd;https://archive.org/download/ps2-redump-usa-chd-part-N/NCAA Football 2002 (USA).chd;508.63 MB;JOGO_EXISTE_OUTRO_LINK;Existe no banco (rom_id 376904, source 1): https://huggingface.co/datasets/luisluis123/ps2chd/resolve/main/NCAA Football 2002 (USA).chd
ps2_chd.html;NCAA Football 2003 (USA).chd;https://archive.org/download/ps2-redump-usa-chd-part-N/NCAA Football 2003 (USA).chd;1.15 GB;JOGO_EXISTE_OUTRO_LINK;Existe no banco (rom_id 376905, source 1): https://huggingface.co/datasets/luisluis123/ps2chd/resolve/main/NCAA Football 2003 (USA).chd
ps2_chd.html;NCAA Football 2004 (USA).chd;https://archive.org/download/ps2-redump-usa-chd-part-N/NCAA Football 2004 (USA).chd;2.23 GB;JOGO_EXISTE_OUTRO_LINK;Existe no banco (rom_id 376906, source 1): https://huggingface.co/datasets/luisluis123/ps2chd/resolve/main/NCAA Football 2004 (USA).chd
ps2_chd.html;NCAA Football 2005 (USA).chd;https://archive.org/download/ps2-redump-usa-chd-part-N/NCAA Football 2005 (USA).chd;2.35 GB;JOGO_EXISTE_OUTRO_LINK;Existe no banco (rom_id 376907, source 1): https://huggingface.co/datasets/luisluis123/ps2chd/resolve/main/NCAA Football 2005 (USA).chd
ps2_chd.html;NCAA GameBreaker 2001 (USA).chd;https://archive.org/download/ps2-redump-usa-chd-part-N/NCAA GameBreaker 2001 (USA).chd;343.14 MB;JOGO_EXISTE_OUTRO_LINK;Existe no banco (rom_id 376908, source 1): https://huggingface.co/datasets/luisluis123/ps2chd/resolve/main/NCAA GameBreaker 2001 (USA).chd
ps2_chd.html;NCAA GameBreaker 2003 (USA).chd;https://archive.org/download/ps2-redump-usa-chd-part-N/NCAA GameBreaker 2003 (USA).chd;808.58 MB;JOGO_EXISTE_OUTRO_LINK;Existe no banco (rom_id 376909, source 1): https://huggingface.co/datasets/luisluis123/ps2chd/resolve/main/NCAA GameBreaker 2003 (USA).chd
ps2_chd.html;NCAA GameBreaker 2004 (USA).chd;https://archive.org/download/ps2-redump-usa-chd-part-N/NCAA GameBreaker 2004 (USA).chd;1.85 GB;JOGO_EXISTE_OUTRO_LINK;Existe no banco (rom_id 376910, source 1): https://huggingface.co/datasets/luisluis123/ps2chd/resolve/main/NCAA GameBreaker 2004 (USA).chd
ps2_chd.html;NCAA March Madness 06 (USA).chd;https://archive.org/download/ps2-redump-usa-chd-part-N/NCAA March Madness 06 (USA).chd;2.83 GB;JOGO_EXISTE_OUTRO_LINK;Existe no banco (rom_id 376911, source 1): https://huggingface.co/datasets/luisluis123/ps2chd/resolve/main/NCAA March Madness 06 (USA).chd
ps2_chd.html;NCAA March Madness 07 (USA).chd;https://archive.org/download/ps2-redump-usa-chd-part-N/NCAA March Madness 07 (USA).chd;1.78 GB;JOGO_EXISTE_OUTRO_LINK;Existe no banco (rom_id 376912, source 1): https://huggingface.co/datasets/luisluis123/ps2chd/resolve/main/NCAA March Madness 07 (USA).chd
ps2_chd.html;NCAA March Madness 08 (USA).chd;https://archive.org/download/ps2-redump-usa-chd-part-N/NCAA March Madness 08 (USA).chd;1.56 GB;JOGO_EXISTE_OUTRO_LINK;Existe no banco (rom_id 376913, source 1): https://huggingface.co/datasets/luisluis123/ps2chd/resolve/main/NCAA March Madness 08 (USA).chd
ps2_chd.html;NCAA March Madness 2002 (USA).chd;https://archive.org/download/ps2-redump-usa-chd-part-N/NCAA March Madness 2002 (USA).chd;338.65 MB;JOGO_EXISTE_OUTRO_LINK;Existe no banco (rom_id 376914, source 1): https://huggingface.co/datasets/luisluis123/ps2chd/resolve/main/NCAA March Madness 2002 (USA).chd
ps2_chd.html;NCAA March Madness 2003 (USA).chd;https://archive.org/download/ps2-redump-usa-chd-part-N/NCAA March Madness 2003 (USA).chd;847.84 MB;JOGO_EXISTE_OUTRO_LINK;Existe no banco (rom_id 376915, source 1): https://huggingface.co/datasets/luisluis123/ps2chd/resolve/main/NCAA March Madness 2003 (USA).chd
ps2_chd.html;NCAA March Madness 2004 (USA).chd;https://archive.org/download/ps2-redump-usa-chd-part-N/NCAA March Madness 2004 (USA).chd;3.10 GB;JOGO_EXISTE_OUTRO_LINK;Existe no banco (rom_id 376916, source 1): https://huggingface.co/datasets/luisluis123/ps2chd/resolve/main/NCAA March Madness 2004 (USA).chd
ps2_chd.html;NCAA March Madness 2005 (USA).chd;https://archive.org/download/ps2-redump-usa-chd-part-N/NCAA March Madness 2005 (USA).chd;2.16 GB;JOGO_EXISTE_OUTRO_LINK;Existe no banco (rom_id 376917, source 1): https://huggingface.co/datasets/luisluis123/ps2chd/resolve/main/NCAA March Madness 2005 (USA).chd
ps2_chd.html;NFL 2K2 (USA).chd;https://archive.org/download/ps2-redump-usa-chd-part-N/NFL 2K2 (USA).chd;1.32 GB;JOGO_EXISTE_OUTRO_LINK;Existe no banco (rom_id 376918, source 1): https://huggingface.co/datasets/luisluis123/ps2chd/resolve/main/NFL 2K2 (USA).chd
ps2_chd.html;NFL 2K3 (USA).chd;https://archive.org/download/ps2-redump-usa-chd-part-N/NFL 2K3 (USA).chd;1.84 GB;JOGO_EXISTE_OUTRO_LINK;Existe no banco (rom_id 376919, source 1): https://huggingface.co/datasets/luisluis123/ps2chd/resolve/main/NFL 2K3 (USA).chd
ps2_chd.html;NFL Blitz 2002 (USA).chd;https://archive.org/download/ps2-redump-usa-chd-part-N/NFL Blitz 2002 (USA).chd;1.14 GB;JOGO_EXISTE_OUTRO_LINK;Existe no banco (rom_id 376920, source 1): https://huggingface.co/datasets/luisluis123/ps2chd/resolve/main/NFL Blitz 2002 (USA).chd
ps2_chd.html;NFL Blitz 2003 (USA).chd;https://archive.org/download/ps2-redump-usa-chd-part-N/NFL Blitz 2003 (USA).chd;740.44 MB;JOGO_EXISTE_OUTRO_LINK;Existe no banco (rom_id 376921, source 1): https://huggingface.co/datasets/luisluis123/ps2chd/resolve/main/NFL Blitz 2003 (USA).chd
ps2_chd.html;NFL Blitz Pro (USA).chd;https://archive.org/download/ps2-redump-usa-chd-part-N/NFL Blitz Pro (USA).chd;1.32 GB;JOGO_EXISTE_OUTRO_LINK;Existe no banco (rom_id 376922, source 1): https://huggingface.co/datasets/luisluis123/ps2chd/resolve/main/NFL Blitz Pro (USA).chd
ps2_chd.html;NFL GameDay 2001 (USA).chd;https://archive.org/download/ps2-redump-usa-chd-part-N/NFL GameDay 2001 (USA).chd;354.79 MB;JOGO_EXISTE_OUTRO_LINK;Existe no banco (rom_id 376923, source 1): https://huggingface.co/datasets/luisluis123/ps2chd/resolve/main/NFL GameDay 2001 (USA).chd
ps2_chd.html;NFL GameDay 2002 (USA).chd;https://archive.org/download/ps2-redump-usa-chd-part-N/NFL GameDay 2002 (USA).chd;1.06 GB;JOGO_EXISTE_OUTRO_LINK;Existe no banco (rom_id 376924, source 1): https://huggingface.co/datasets/luisluis123/ps2chd/resolve/main/NFL GameDay 2002 (USA).chd
ps2_chd.html;NFL GameDay 2003 (USA).chd;https://archive.org/download/ps2-redump-usa-chd-part-N/NFL GameDay 2003 (USA).chd;1.25 GB;JOGO_EXISTE_OUTRO_LINK;Existe no banco (rom_id 376925, source 1): https://huggingface.co/datasets/luisluis123/ps2chd/resolve/main/NFL GameDay 2003 (USA).chd
ps2_chd.html;NFL GameDay 2004 (USA).chd;https://archive.org/download/ps2-redump-usa-chd-part-N/NFL GameDay 2004 (USA).chd;2.08 GB;JOGO_EXISTE_OUTRO_LINK;Existe no banco (rom_id 376926, source 1): https://huggingface.co/datasets/luisluis123/ps2chd/resolve/main/NFL GameDay 2004 (USA).chd
ps2_chd.html;NFL Head Coach (USA).chd;https://archive.org/download/ps2-redump-usa-chd-part-N/NFL Head Coach (USA).chd;2.27 GB;JOGO_EXISTE_OUTRO_LINK;Existe no banco (rom_id 376927, source 1): https://huggingface.co/datasets/luisluis123/ps2chd/resolve/main/NFL Head Coach (USA).chd
ps2_chd.html;NFL QB Club 2002 (USA).chd;https://archive.org/download/ps2-redump-usa-chd-part-N/NFL QB Club 2002 (USA).chd;370.83 MB;JOGO_EXISTE_OUTRO_LINK;Existe no banco (rom_id 376928, source 1): https://huggingface.co/datasets/luisluis123/ps2chd/resolve/main/NFL QB Club 2002 (USA).chd
ps2_chd.html;NFL Street (USA).chd;https://archive.org/download/ps2-redump-usa-chd-part-N/NFL Street (USA).chd;1.61 GB;JOGO_EXISTE_OUTRO_LINK;Existe no banco (rom_id 376929, source 1): https://huggingface.co/datasets/luisluis123/ps2chd/resolve/main/NFL Street (USA).chd
ps2_chd.html;NFL Street 2 (USA).chd;https://archive.org/download/ps2-redump-usa-chd-part-N/NFL Street 2 (USA).chd;1.31 GB;JOGO_EXISTE_OUTRO_LINK;Existe no banco (rom_id 376930, source 1): https://huggingface.co/datasets/luisluis123/ps2chd/resolve/main/NFL Street 2 (USA).chd
ps2_chd.html;NFL Street 3 (USA).chd;https://archive.org/download/ps2-redump-usa-chd-part-N/NFL Street 3 (USA).chd;779.97 MB;JOGO_EXISTE_OUTRO_LINK;Existe no banco (rom_id 376931, source 1): https://huggingface.co/datasets/luisluis123/ps2chd/resolve/main/NFL Street 3 (USA).chd
ps2_chd.html;NHL 06 (USA) (En,Fr).chd;https://archive.org/download/ps2-redump-usa-chd-part-N/NHL 06 (USA) (En,Fr).chd;1.28 GB;JOGO_EXISTE_OUTRO_LINK;Existe no banco (rom_id 376932, source 1): https://huggingface.co/datasets/luisluis123/ps2chd/resolve/main/NHL 06 (USA) (En,Fr).chd
ps2_chd.html;NHL 07 (USA).chd;https://archive.org/download/ps2-redump-usa-chd-part-N/NHL 07 (USA).chd;1.54 GB;JOGO_EXISTE_OUTRO_LINK;Existe no banco (rom_id 376933, source 1): https://huggingface.co/datasets/luisluis123/ps2chd/resolve/main/NHL 07 (USA).chd
ps2_chd.html;NHL 08 (USA).chd;https://archive.org/download/ps2-redump-usa-chd-part-N/NHL 08 (USA).chd;1.64 GB;JOGO_EXISTE_OUTRO_LINK;Existe no banco (rom_id 376934, source 1): https://huggingface.co/datasets/luisluis123/ps2chd/resolve/main/NHL 08 (USA).chd
ps2_chd.html;NHL 09 (USA) (v2.00).chd;https://archive.org/download/ps2-redump-usa-chd-part-N/NHL 09 (USA) (v2.00).chd;1.69 GB;JOGO_EXISTE_OUTRO_LINK;Existe no banco (rom_id 376935, source 1): https://huggingface.co/datasets/luisluis123/ps2chd/resolve/main/NHL 09 (USA) (v2.00).chd
ps2_chd.html;NHL 2001 (USA).chd;https://archive.org/download/ps2-redump-usa-chd-part-N/NHL 2001 (USA).chd;512.54 MB;JOGO_EXISTE_OUTRO_LINK;Existe no banco (rom_id 376936, source 1): https://huggingface.co/datasets/luisluis123/ps2chd/resolve/main/NHL 2001 (USA).chd
ps2_chd.html;NHL 2002 (USA).chd;https://archive.org/download/ps2-redump-usa-chd-part-N/NHL 2002 (USA).chd;507.64 MB;JOGO_EXISTE_OUTRO_LINK;Existe no banco (rom_id 376937, source 1): https://huggingface.co/datasets/luisluis123/ps2chd/resolve/main/NHL 2002 (USA).chd
ps2_chd.html;NHL 2003 (USA).chd;https://archive.org/download/ps2-redump-usa-chd-part-N/NHL 2003 (USA).chd;3.03 GB;JOGO_EXISTE_OUTRO_LINK;Existe no banco (rom_id 376938, source 1): https://huggingface.co/datasets/luisluis123/ps2chd/resolve/main/NHL 2003 (USA).chd
ps2_chd.html;NHL 2004 (USA).chd;https://archive.org/download/ps2-redump-usa-chd-part-N/NHL 2004 (USA).chd;2.52 GB;JOGO_EXISTE_OUTRO_LINK;Existe no banco (rom_id 376939, source 1): https://huggingface.co/datasets/luisluis123/ps2chd/resolve/main/NHL 2004 (USA).chd
ps2_chd.html;NHL 2005 (USA) (En,Fr).chd;https://archive.org/download/ps2-redump-usa-chd-part-N/NHL 2005 (USA) (En,Fr).chd;3.05 GB;JOGO_EXISTE_OUTRO_LINK;Existe no banco (rom_id 376940, source 1): https://huggingface.co/datasets/luisluis123/ps2chd/resolve/main/NHL 2005 (USA) (En,Fr).chd
ps2_chd.html;NHL 2K10 (USA).chd;https://archive.org/download/ps2-redump-usa-chd-part-N/NHL 2K10 (USA).chd;2.39 GB;JOGO_EXISTE_OUTRO_LINK;Existe no banco (rom_id 376941, source 1): https://huggingface.co/datasets/luisluis123/ps2chd/resolve/main/NHL 2K10 (USA).chd
ps2_chd.html;NHL 2K3 (USA).chd;https://archive.org/download/ps2-redump-usa-chd-part-N/NHL 2K3 (USA).chd;977.67 MB;JOGO_EXISTE_OUTRO_LINK;Existe no banco (rom_id 376942, source 1): https://huggingface.co/datasets/luisluis123/ps2chd/resolve/main/NHL 2K3 (USA).chd
ps2_chd.html;NHL 2K6 (USA).chd;https://archive.org/download/ps2-redump-usa-chd-part-N/NHL 2K6 (USA).chd;2.93 GB;JOGO_EXISTE_OUTRO_LINK;Existe no banco (rom_id 376943, source 1): https://huggingface.co/datasets/luisluis123/ps2chd/resolve/main/NHL 2K6 (USA).chd
ps2_chd.html;NHL 2K7 (USA).chd;https://archive.org/download/ps2-redump-usa-chd-part-N/NHL 2K7 (USA).chd;2.49 GB;JOGO_EXISTE_OUTRO_LINK;Existe no banco (rom_id 376944, source 1): https://huggingface.co/datasets/luisluis123/ps2chd/resolve/main/NHL 2K7 (USA).chd
ps2_chd.html;NHL 2K8 (USA).chd;https://archive.org/download/ps2-redump-usa-chd-part-N/NHL 2K8 (USA).chd;2.76 GB;JOGO_EXISTE_OUTRO_LINK;Existe no banco (rom_id 376945, source 1): https://huggingface.co/datasets/luisluis123/ps2chd/resolve/main/NHL 2K8 (USA).chd
ps2_chd.html;NHL 2K9 (USA).chd;https://archive.org/download/ps2-redump-usa-chd-part-N/NHL 2K9 (USA).chd;2.24 GB;JOGO_EXISTE_OUTRO_LINK;Existe no banco (rom_id 376946, source 1): https://huggingface.co/datasets/luisluis123/ps2chd/resolve/main/NHL 2K9 (USA).chd
ps2_chd.html;NHL FaceOff 2001 (USA).chd;https://archive.org/download/ps2-redump-usa-chd-part-N/NHL FaceOff 2001 (USA).chd;363.45 MB;JOGO_EXISTE_OUTRO_LINK;Existe no banco (rom_id 376947, source 1): https://huggingface.co/datasets/luisluis123/ps2chd/resolve/main/NHL FaceOff 2001 (USA).chd
ps2_chd.html;NHL FaceOff 2003 (USA).chd;https://archive.org/download/ps2-redump-usa-chd-part-N/NHL FaceOff 2003 (USA).chd;2.36 GB;JOGO_EXISTE_OUTRO_LINK;Existe no banco (rom_id 376948, source 1): https://huggingface.co/datasets/luisluis123/ps2chd/resolve/main/NHL FaceOff 2003 (USA).chd
ps2_chd.html;NHL Hitz 2002 (USA) (v1.01).chd;https://archive.org/download/ps2-redump-usa-chd-part-N/NHL Hitz 2002 (USA) (v1.01).chd;378.17 MB;JOGO_EXISTE_OUTRO_LINK;Existe no banco (rom_id 376949, source 1): https://huggingface.co/datasets/luisluis123/ps2chd/resolve/main/NHL Hitz 2002 (USA) (v1.01).chd
ps2_chd.html;NHL Hitz 2002 (USA) (v2.00).chd;https://archive.org/download/ps2-redump-usa-chd-part-N/NHL Hitz 2002 (USA) (v2.00).chd;377.86 MB;JOGO_EXISTE_OUTRO_LINK;Existe no banco (rom_id 376949, source 1): https://huggingface.co/datasets/luisluis123/ps2chd/resolve/main/NHL Hitz 2002 (USA) (v1.01).chd
ps2_chd.html;NHL Hitz 2003 (USA).chd;https://archive.org/download/ps2-redump-usa-chd-part-N/NHL Hitz 2003 (USA).chd;1.07 GB;JOGO_EXISTE_OUTRO_LINK;Existe no banco (rom_id 376951, source 1): https://huggingface.co/datasets/luisluis123/ps2chd/resolve/main/NHL Hitz 2003 (USA).chd
ps2_chd.html;NHL Hitz Pro (USA).chd;https://archive.org/download/ps2-redump-usa-chd-part-N/NHL Hitz Pro (USA).chd;1.40 GB;JOGO_EXISTE_OUTRO_LINK;Existe no banco (rom_id 376952, source 1): https://huggingface.co/datasets/luisluis123/ps2chd/resolve/main/NHL Hitz Pro (USA).chd
ps2_chd.html;NHRA Championship Drag Racing (USA).chd;https://archive.org/download/ps2-redump-usa-chd-part-N/NHRA Championship Drag Racing (USA).chd;780.67 MB;JOGO_EXISTE_OUTRO_LINK;Existe no banco (rom_id 376953, source 1): https://huggingface.co/datasets/luisluis123/ps2chd/resolve/main/NHRA Championship Drag Racing (USA).chd
ps2_chd.html;NHRA Drag Racing - Countdown to the Championship (USA).chd;https://archive.org/download/ps2-redump-usa-chd-part-N/NHRA Drag Racing - Countdown to the Championship (USA).chd;398.19 MB;JOGO_EXISTE_OUTRO_LINK;Existe no banco (rom_id 376954, source 1): https://huggingface.co/datasets/luisluis123/ps2chd/resolve/main/NHRA Drag Racing - Countdown to the Championship (USA).chd
ps2_chd.html;NPPL Championship Paintball 2009 (USA).chd;https://archive.org/download/ps2-redump-usa-chd-part-N/NPPL Championship Paintball 2009 (USA).chd;1.08 GB;JOGO_EXISTE_OUTRO_LINK;Existe no banco (rom_id 376955, source 1): https://huggingface.co/datasets/luisluis123/ps2chd/resolve/main/NPPL Championship Paintball 2009 (USA).chd
ps2_chd.html;NRA Gun Club (USA).chd;https://archive.org/download/ps2-redump-usa-chd-part-N/NRA Gun Club (USA).chd;234.60 MB;JOGO_EXISTE_OUTRO_LINK;Existe no banco (rom_id 376956, source 1): https://huggingface.co/datasets/luisluis123/ps2chd/resolve/main/NRA Gun Club (USA).chd
ps2_chd.html;Namco Museum (USA).chd;https://archive.org/download/ps2-redump-usa-chd-part-N/Namco Museum (USA).chd;59.65 MB;JOGO_EXISTE_OUTRO_LINK;Existe no banco (rom_id 376957, source 1): https://huggingface.co/datasets/luisluis123/ps2chd/resolve/main/Namco Museum (USA).chd
ps2_chd.html;Namco Museum 50th Anniversary (USA).chd;https://archive.org/download/ps2-redump-usa-chd-part-N/Namco Museum 50th Anniversary (USA).chd;372.73 MB;JOGO_EXISTE_OUTRO_LINK;Existe no banco (rom_id 376958, source 1): https://huggingface.co/datasets/luisluis123/ps2chd/resolve/main/Namco Museum 50th Anniversary (USA).chd
ps2_chd.html;Nanobreaker (USA).chd;https://archive.org/download/ps2-redump-usa-chd-part-N/Nanobreaker (USA).chd;2.49 GB;JOGO_EXISTE_OUTRO_LINK;Existe no banco (rom_id 376959, source 1): https://huggingface.co/datasets/luisluis123/ps2chd/resolve/main/Nanobreaker (USA).chd
ps2_chd.html;Narc (USA).chd;https://archive.org/download/ps2-redump-usa-chd-part-N/Narc (USA).chd;1.29 GB;JOGO_EXISTE_OUTRO_LINK;Existe no banco (rom_id 376960, source 1): https://huggingface.co/datasets/luisluis123/ps2chd/resolve/main/Narc (USA).chd
ps2_chd.html;Naruto - Ultimate Ninja (USA).chd;https://archive.org/download/ps2-redump-usa-chd-part-N/Naruto - Ultimate Ninja (USA).chd;1.24 GB;JOGO_EXISTE_OUTRO_LINK;Existe no banco (rom_id 376961, source 1): https://huggingface.co/datasets/luisluis123/ps2chd/resolve/main/Naruto - Ultimate Ninja (USA).chd
ps2_chd.html;Naruto - Ultimate Ninja 2 (USA).chd;https://archive.org/download/ps2-redump-usa-chd-part-N/Naruto - Ultimate Ninja 2 (USA).chd;1.13 GB;JOGO_EXISTE_OUTRO_LINK;Existe no banco (rom_id 376962, source 1): https://huggingface.co/datasets/luisluis123/ps2chd/resolve/main/Naruto - Ultimate Ninja 2 (USA).chd
ps2_chd.html;Naruto - Ultimate Ninja 3 (USA).chd;https://archive.org/download/ps2-redump-usa-chd-part-N/Naruto - Ultimate Ninja 3 (USA).chd;2.04 GB;JOGO_EXISTE_OUTRO_LINK;Existe no banco (rom_id 376963, source 1): https://huggingface.co/datasets/luisluis123/ps2chd/resolve/main/Naruto - Ultimate Ninja 3 (USA).chd
ps2_chd.html;Naruto - Uzumaki Chronicles (USA).chd;https://archive.org/download/ps2-redump-usa-chd-part-N/Naruto - Uzumaki Chronicles (USA).chd;1.08 GB;JOGO_EXISTE_OUTRO_LINK;Existe no banco (rom_id 376964, source 1): https://huggingface.co/datasets/luisluis123/ps2chd/resolve/main/Naruto - Uzumaki Chronicles (USA).chd
ps2_chd.html;Naruto - Uzumaki Chronicles 2 (USA).chd;https://archive.org/download/ps2-redump-usa-chd-part-N/Naruto - Uzumaki Chronicles 2 (USA).chd;1.01 GB;JOGO_EXISTE_OUTRO_LINK;Existe no banco (rom_id 376965, source 1): https://huggingface.co/datasets/luisluis123/ps2chd/resolve/main/Naruto - Uzumaki Chronicles 2 (USA).chd
ps2_chd.html;Naruto Shippuden - Ultimate Ninja 4 (USA) (En,Fr).chd;https://archive.org/download/ps2-redump-usa-chd-part-N/Naruto Shippuden - Ultimate Ninja 4 (USA) (En,Fr).chd;3.23 GB;JOGO_EXISTE_OUTRO_LINK;Existe no banco (rom_id 376966, source 1): https://huggingface.co/datasets/luisluis123/ps2chd/resolve/main/Naruto Shippuden - Ultimate Ninja 4 (USA) (En,Fr).chd
ps2_chd.html;Naval Ops - Commander (USA).chd;https://archive.org/download/ps2-redump-usa-chd-part-N/Naval Ops - Commander (USA).chd;834.86 MB;JOGO_EXISTE_OUTRO_LINK;Existe no banco (rom_id 376967, source 1): https://huggingface.co/datasets/luisluis123/ps2chd/resolve/main/Naval Ops - Commander (USA).chd
ps2_chd.html;Naval Ops - Warship Gunner (USA).chd;https://archive.org/download/ps2-redump-usa-chd-part-N/Naval Ops - Warship Gunner (USA).chd;750.50 MB;JOGO_EXISTE_OUTRO_LINK;Existe no banco (rom_id 376968, source 1): https://huggingface.co/datasets/luisluis123/ps2chd/resolve/main/Naval Ops - Warship Gunner (USA).chd
ps2_chd.html;Need for Speed - Carbon (USA).chd;https://archive.org/download/ps2-redump-usa-chd-part-N/Need for Speed - Carbon (USA).chd;2.83 GB;JOGO_EXISTE_OUTRO_LINK;Existe no banco (rom_id 376969, source 1): https://huggingface.co/datasets/luisluis123/ps2chd/resolve/main/Need for Speed - Carbon (USA).chd
ps2_chd.html;Need for Speed - Carbon - Collector's Edition (USA) (En,Es).chd;https://archive.org/download/ps2-redump-usa-chd-part-N/Need for Speed - Carbon - Collector's Edition (USA) (En,Es).chd;2.83 GB;JOGO_EXISTE_OUTRO_LINK;Existe no banco (rom_id 376970, source 1): https://huggingface.co/datasets/luisluis123/ps2chd/resolve/main/Need for Speed - Carbon - Collector's Edition (USA) (En,Es).chd
ps2_chd.html;Need for Speed - Hot Pursuit 2 (USA).chd;https://archive.org/download/ps2-redump-usa-chd-part-N/Need for Speed - Hot Pursuit 2 (USA).chd;2.29 GB;JOGO_EXISTE_OUTRO_LINK;Existe no banco (rom_id 376971, source 1): https://huggingface.co/datasets/luisluis123/ps2chd/resolve/main/Need for Speed - Hot Pursuit 2 (USA).chd
ps2_chd.html;Need for Speed - Most Wanted (USA) (v1.01).chd;https://archive.org/download/ps2-redump-usa-chd-part-N/Need for Speed - Most Wanted (USA) (v1.01).chd;2.82 GB;JOGO_EXISTE_OUTRO_LINK;Existe no banco (rom_id 376972, source 1): https://huggingface.co/datasets/luisluis123/ps2chd/resolve/main/Need for Speed - Most Wanted (USA) (v1.01).chd
ps2_chd.html;Need for Speed - Most Wanted (USA) (v2.00).chd;https://archive.org/download/ps2-redump-usa-chd-part-N/Need for Speed - Most Wanted (USA) (v2.00).chd;2.81 GB;JOGO_EXISTE_OUTRO_LINK;Existe no banco (rom_id 376972, source 1): https://huggingface.co/datasets/luisluis123/ps2chd/resolve/main/Need for Speed - Most Wanted (USA) (v1.01).chd
ps2_chd.html;Need for Speed - Most Wanted - Black Edition (USA).chd;https://archive.org/download/ps2-redump-usa-chd-part-N/Need for Speed - Most Wanted - Black Edition (USA).chd;2.82 GB;JOGO_EXISTE_OUTRO_LINK;Existe no banco (rom_id 376974, source 1): https://huggingface.co/datasets/luisluis123/ps2chd/resolve/main/Need for Speed - Most Wanted - Black Edition (USA).chd
ps2_chd.html;Need for Speed - ProStreet (USA).chd;https://archive.org/download/ps2-redump-usa-chd-part-N/Need for Speed - ProStreet (USA).chd;2.67 GB;JOGO_EXISTE_OUTRO_LINK;Existe no banco (rom_id 376975, source 1): https://huggingface.co/datasets/luisluis123/ps2chd/resolve/main/Need for Speed - ProStreet (USA).chd
ps2_chd.html;Need for Speed - Undercover (USA) (En,Fr,Es).chd;https://archive.org/download/ps2-redump-usa-chd-part-N/Need for Speed - Undercover (USA) (En,Fr,Es).chd;2.92 GB;JOGO_EXISTE_OUTRO_LINK;Existe no banco (rom_id 376976, source 1): https://huggingface.co/datasets/luisluis123/ps2chd/resolve/main/Need for Speed - Undercover (USA) (En,Fr,Es).chd
ps2_chd.html;Need for Speed - Underground (USA).chd;https://archive.org/download/ps2-redump-usa-chd-part-N/Need for Speed - Underground (USA).chd;1.97 GB;JOGO_EXISTE_OUTRO_LINK;Existe no banco (rom_id 376977, source 1): https://huggingface.co/datasets/luisluis123/ps2chd/resolve/main/Need for Speed - Underground (USA).chd
ps2_chd.html;Need for Speed - Underground 2 (USA).chd;https://archive.org/download/ps2-redump-usa-chd-part-N/Need for Speed - Underground 2 (USA).chd;1.47 GB;JOGO_EXISTE_OUTRO_LINK;Existe no banco (rom_id 376978, source 1): https://huggingface.co/datasets/luisluis123/ps2chd/resolve/main/Need for Speed - Underground 2 (USA).chd
ps2_chd.html;Neo Contra (USA).chd;https://archive.org/download/ps2-redump-usa-chd-part-N/Neo Contra (USA).chd;1.12 GB;JOGO_EXISTE_OUTRO_LINK;Existe no banco (rom_id 376979, source 1): https://huggingface.co/datasets/luisluis123/ps2chd/resolve/main/Neo Contra (USA).chd
ps2_chd.html;NeoGeo Battle Coliseum (USA).chd;https://archive.org/download/ps2-redump-usa-chd-part-N/NeoGeo Battle Coliseum (USA).chd;1.61 GB;JOGO_EXISTE_OUTRO_LINK;Existe no banco (rom_id 376980, source 1): https://huggingface.co/datasets/luisluis123/ps2chd/resolve/main/NeoGeo Battle Coliseum (USA).chd
ps2_chd.html;Neopets - The Darkest Faerie (USA).chd;https://archive.org/download/ps2-redump-usa-chd-part-N/Neopets - The Darkest Faerie (USA).chd;2.37 GB;JOGO_EXISTE_OUTRO_LINK;Existe no banco (rom_id 376981, source 1): https://huggingface.co/datasets/luisluis123/ps2chd/resolve/main/Neopets - The Darkest Faerie (USA).chd
ps2_chd.html;Nick Jr. Dora the Explorer - Dora Saves the Mermaids (USA).chd;https://archive.org/download/ps2-redump-usa-chd-part-N/Nick Jr. Dora the Explorer - Dora Saves the Mermaids (USA).chd;161.13 MB;JOGO_EXISTE_OUTRO_LINK;Existe no banco (rom_id 376982, source 1): https://huggingface.co/datasets/luisluis123/ps2chd/resolve/main/Nick Jr. Dora the Explorer - Dora Saves the Mermaids (USA).chd
ps2_chd.html;Nick Jr. Dora the Explorer - Journey to the Purple Planet (USA).chd;https://archive.org/download/ps2-redump-usa-chd-part-N/Nick Jr. Dora the Explorer - Journey to the Purple Planet (USA).chd;275.93 MB;JOGO_EXISTE_OUTRO_LINK;Existe no banco (rom_id 376983, source 1): https://huggingface.co/datasets/luisluis123/ps2chd/resolve/main/Nick Jr. Dora the Explorer - Journey to the Purple Planet (USA).chd
ps2_chd.html;Nick Jr. Go Diego Go! Safari Rescue (USA).chd;https://archive.org/download/ps2-redump-usa-chd-part-N/Nick Jr. Go Diego Go! Safari Rescue (USA).chd;895.76 MB;JOGO_EXISTE_OUTRO_LINK;Existe no banco (rom_id 376984, source 1): https://huggingface.co/datasets/luisluis123/ps2chd/resolve/main/Nick Jr. Go Diego Go! Safari Rescue (USA).chd
ps2_chd.html;Nickelodeon Avatar - The Last Airbender (USA).chd;https://archive.org/download/ps2-redump-usa-chd-part-N/Nickelodeon Avatar - The Last Airbender (USA).chd;582.03 MB;JOGO_EXISTE_OUTRO_LINK;Existe no banco (rom_id 376985, source 1): https://huggingface.co/datasets/luisluis123/ps2chd/resolve/main/Nickelodeon Avatar - The Last Airbender (USA).chd
ps2_chd.html;Nickelodeon Avatar - The Last Airbender - Into the Inferno (USA).chd;https://archive.org/download/ps2-redump-usa-chd-part-N/Nickelodeon Avatar - The Last Airbender - Into the Inferno (USA).chd;650.52 MB;JOGO_EXISTE_OUTRO_LINK;Existe no banco (rom_id 376986, source 1): https://huggingface.co/datasets/luisluis123/ps2chd/resolve/main/Nickelodeon Avatar - The Last Airbender - Into the Inferno (USA).chd
ps2_chd.html;Nickelodeon Avatar - The Last Airbender - The Burning Earth (USA).chd;https://archive.org/download/ps2-redump-usa-chd-part-N/Nickelodeon Avatar - The Last Airbender - The Burning Earth (USA).chd;995.35 MB;JOGO_EXISTE_OUTRO_LINK;Existe no banco (rom_id 376987, source 1): https://huggingface.co/datasets/luisluis123/ps2chd/resolve/main/Nickelodeon Avatar - The Last Airbender - The Burning Earth (USA).chd
ps2_chd.html;Nickelodeon Barnyard (USA).chd;https://archive.org/download/ps2-redump-usa-chd-part-N/Nickelodeon Barnyard (USA).chd;622.08 MB;JOGO_EXISTE_OUTRO_LINK;Existe no banco (rom_id 376988, source 1): https://huggingface.co/datasets/luisluis123/ps2chd/resolve/main/Nickelodeon Barnyard (USA).chd
ps2_chd.html;Nickelodeon Dora the Explorer - Dora Saves the Crystal Kingdom (USA).chd;https://archive.org/download/ps2-redump-usa-chd-part-N/Nickelodeon Dora the Explorer - Dora Saves the Crystal Kingdom (USA).chd;403.60 MB;JOGO_EXISTE_OUTRO_LINK;Existe no banco (rom_id 376989, source 1): https://huggingface.co/datasets/luisluis123/ps2chd/resolve/main/Nickelodeon Dora the Explorer - Dora Saves the Crystal Kingdom (USA).chd
ps2_chd.html;Nickelodeon Dora the Explorer - Dora Saves the Snow Princess (USA).chd;https://archive.org/download/ps2-redump-usa-chd-part-N/Nickelodeon Dora the Explorer - Dora Saves the Snow Princess (USA).chd;409.57 MB;JOGO_EXISTE_OUTRO_LINK;Existe no banco (rom_id 376990, source 1): https://huggingface.co/datasets/luisluis123/ps2chd/resolve/main/Nickelodeon Dora the Explorer - Dora Saves the Snow Princess (USA).chd
ps2_chd.html;Nickelodeon Dora's Big Birthday Adventure (USA).chd;https://archive.org/download/ps2-redump-usa-chd-part-N/Nickelodeon Dora's Big Birthday Adventure (USA).chd;964.63 MB;JOGO_EXISTE_OUTRO_LINK;Existe no banco (rom_id 376991, source 1): https://huggingface.co/datasets/luisluis123/ps2chd/resolve/main/Nickelodeon Dora's Big Birthday Adventure (USA).chd
ps2_chd.html;Nickelodeon El Tigre - The Adventures of Manny Rivera (USA).chd;https://archive.org/download/ps2-redump-usa-chd-part-N/Nickelodeon El Tigre - The Adventures of Manny Rivera (USA).chd;570.41 MB;JOGO_EXISTE_OUTRO_LINK;Existe no banco (rom_id 376992, source 1): https://huggingface.co/datasets/luisluis123/ps2chd/resolve/main/Nickelodeon El Tigre - The Adventures of Manny Rivera (USA).chd
ps2_chd.html;Nickelodeon Go Diego Go! Great Dinosaur Rescue (USA) (En,Fr).chd;https://archive.org/download/ps2-redump-usa-chd-part-N/Nickelodeon Go Diego Go! Great Dinosaur Rescue (USA) (En,Fr).chd;404.76 MB;JOGO_EXISTE_OUTRO_LINK;Existe no banco (rom_id 376993, source 1): https://huggingface.co/datasets/luisluis123/ps2chd/resolve/main/Nickelodeon Go Diego Go! Great Dinosaur Rescue (USA) (En,Fr).chd
ps2_chd.html;Nickelodeon Jimmy Neutron - Boy Genius (USA).chd;https://archive.org/download/ps2-redump-usa-chd-part-N/Nickelodeon Jimmy Neutron - Boy Genius (USA).chd;1.19 GB;JOGO_EXISTE_OUTRO_LINK;Existe no banco (rom_id 376994, source 1): https://huggingface.co/datasets/luisluis123/ps2chd/resolve/main/Nickelodeon Jimmy Neutron - Boy Genius (USA).chd
ps2_chd.html;Nickelodeon Jimmy Neutron - Boy Genius - Attack of the Twonkies (USA).chd;https://archive.org/download/ps2-redump-usa-chd-part-N/Nickelodeon Jimmy Neutron - Boy Genius - Attack of the Twonkies (USA).chd;730.72 MB;JOGO_EXISTE_OUTRO_LINK;Existe no banco (rom_id 376995, source 1): https://huggingface.co/datasets/luisluis123/ps2chd/resolve/main/Nickelodeon Jimmy Neutron - Boy Genius - Attack of the Twonkies (USA).chd
ps2_chd.html;Nickelodeon Jimmy Neutron - Boy Genius - Jet Fusion (USA).chd;https://archive.org/download/ps2-redump-usa-chd-part-N/Nickelodeon Jimmy Neutron - Boy Genius - Jet Fusion (USA).chd;888.96 MB;JOGO_EXISTE_OUTRO_LINK;Existe no banco (rom_id 376996, source 1): https://huggingface.co/datasets/luisluis123/ps2chd/resolve/main/Nickelodeon Jimmy Neutron - Boy Genius - Jet Fusion (USA).chd
ps2_chd.html;Nickelodeon Ni Hao, Kai-Lan - Super Game Day (USA).chd;https://archive.org/download/ps2-redump-usa-chd-part-N/Nickelodeon Ni Hao, Kai-Lan - Super Game Day (USA).chd;619.17 MB;JOGO_EXISTE_OUTRO_LINK;Existe no banco (rom_id 376997, source 1): https://huggingface.co/datasets/luisluis123/ps2chd/resolve/main/Nickelodeon Ni Hao, Kai-Lan - Super Game Day (USA).chd
ps2_chd.html;Nickelodeon Rocket Power - Beach Bandits (USA).chd;https://archive.org/download/ps2-redump-usa-chd-part-N/Nickelodeon Rocket Power - Beach Bandits (USA).chd;2.22 GB;JOGO_EXISTE_OUTRO_LINK;Existe no banco (rom_id 376998, source 1): https://huggingface.co/datasets/luisluis123/ps2chd/resolve/main/Nickelodeon Rocket Power - Beach Bandits (USA).chd
ps2_chd.html;Nickelodeon Rugrats - Royal Ransom (USA).chd;https://archive.org/download/ps2-redump-usa-chd-part-N/Nickelodeon Rugrats - Royal Ransom (USA).chd;1.74 GB;JOGO_EXISTE_OUTRO_LINK;Existe no banco (rom_id 376999, source 1): https://huggingface.co/datasets/luisluis123/ps2chd/resolve/main/Nickelodeon Rugrats - Royal Ransom (USA).chd
ps2_chd.html;Nickelodeon SpongeBob SquarePants - Battle for Bikini Bottom (USA).chd;https://archive.org/download/ps2-redump-usa-chd-part-N/Nickelodeon SpongeBob SquarePants - Battle for Bikini Bottom (USA).chd;620.65 MB;JOGO_EXISTE_OUTRO_LINK;Existe no banco (rom_id 377000, source 1): https://huggingface.co/datasets/luisluis123/ps2chd/resolve/main/Nickelodeon SpongeBob SquarePants - Battle for Bikini Bottom (USA).chd
ps2_chd.html;Nickelodeon SpongeBob SquarePants - Creature from the Krusty Krab (USA).chd;https://archive.org/download/ps2-redump-usa-chd-part-N/Nickelodeon SpongeBob SquarePants - Creature from the Krusty Krab (USA).chd;1011.03 MB;JOGO_EXISTE_OUTRO_LINK;Existe no banco (rom_id 377001, source 1): https://huggingface.co/datasets/luisluis123/ps2chd/resolve/main/Nickelodeon SpongeBob SquarePants - Creature from the Krusty Krab (USA).chd
ps2_chd.html;Nickelodeon SpongeBob SquarePants - Lights, Camera, Pants! (USA).chd;https://archive.org/download/ps2-redump-usa-chd-part-N/Nickelodeon SpongeBob SquarePants - Lights, Camera, Pants! (USA).chd;799.28 MB;JOGO_EXISTE_OUTRO_LINK;Existe no banco (rom_id 377002, source 1): https://huggingface.co/datasets/luisluis123/ps2chd/resolve/main/Nickelodeon SpongeBob SquarePants - Lights, Camera, Pants! (USA).chd
ps2_chd.html;Nickelodeon SpongeBob SquarePants - Revenge of the Flying Dutchman (USA).chd;https://archive.org/download/ps2-redump-usa-chd-part-N/Nickelodeon SpongeBob SquarePants - Revenge of the Flying Dutchman (USA).chd;444.91 MB;JOGO_EXISTE_OUTRO_LINK;Existe no banco (rom_id 377003, source 1): https://huggingface.co/datasets/luisluis123/ps2chd/resolve/main/Nickelodeon SpongeBob SquarePants - Revenge of the Flying Dutchman (USA).chd
ps2_chd.html;Nickelodeon SpongeBob SquarePants - The Movie (USA).chd;https://archive.org/download/ps2-redump-usa-chd-part-N/Nickelodeon SpongeBob SquarePants - The Movie (USA).chd;633.85 MB;JOGO_EXISTE_OUTRO_LINK;Existe no banco (rom_id 377004, source 1): https://huggingface.co/datasets/luisluis123/ps2chd/resolve/main/Nickelodeon SpongeBob SquarePants - The Movie (USA).chd
ps2_chd.html;Nickelodeon SpongeBob SquarePants featuring Nicktoons - Globs of Doom (USA).chd;https://archive.org/download/ps2-redump-usa-chd-part-N/Nickelodeon SpongeBob SquarePants featuring Nicktoons - Globs of Doom (USA).chd;839.84 MB;JOGO_EXISTE_OUTRO_LINK;Existe no banco (rom_id 377005, source 1): https://huggingface.co/datasets/luisluis123/ps2chd/resolve/main/Nickelodeon SpongeBob SquarePants featuring Nicktoons - Globs of Doom (USA).chd
ps2_chd.html;Nickelodeon SpongeBob's Atlantis SquarePantis (USA).chd;https://archive.org/download/ps2-redump-usa-chd-part-N/Nickelodeon SpongeBob's Atlantis SquarePantis (USA).chd;795.72 MB;JOGO_EXISTE_OUTRO_LINK;Existe no banco (rom_id 377006, source 1): https://huggingface.co/datasets/luisluis123/ps2chd/resolve/main/Nickelodeon SpongeBob's Atlantis SquarePantis (USA).chd
ps2_chd.html;Nickelodeon Tak - The Great Juju Challenge (USA).chd;https://archive.org/download/ps2-redump-usa-chd-part-N/Nickelodeon Tak - The Great Juju Challenge (USA).chd;1.77 GB;JOGO_EXISTE_OUTRO_LINK;Existe no banco (rom_id 377007, source 1): https://huggingface.co/datasets/luisluis123/ps2chd/resolve/main/Nickelodeon Tak - The Great Juju Challenge (USA).chd
ps2_chd.html;Nickelodeon Tak 2 - The Staff of Dreams (USA).chd;https://archive.org/download/ps2-redump-usa-chd-part-N/Nickelodeon Tak 2 - The Staff of Dreams (USA).chd;2.53 GB;JOGO_EXISTE_OUTRO_LINK;Existe no banco (rom_id 377008, source 1): https://huggingface.co/datasets/luisluis123/ps2chd/resolve/main/Nickelodeon Tak 2 - The Staff of Dreams (USA).chd
ps2_chd.html;Nickelodeon Tak and the Guardians of Gross (USA).chd;https://archive.org/download/ps2-redump-usa-chd-part-N/Nickelodeon Tak and the Guardians of Gross (USA).chd;1.40 GB;JOGO_EXISTE_OUTRO_LINK;Existe no banco (rom_id 377009, source 1): https://huggingface.co/datasets/luisluis123/ps2chd/resolve/main/Nickelodeon Tak and the Guardians of Gross (USA).chd
ps2_chd.html;Nickelodeon The Naked Brothers Band - The Video Game (USA).chd;https://archive.org/download/ps2-redump-usa-chd-part-N/Nickelodeon The Naked Brothers Band - The Video Game (USA).chd;667.58 MB;JOGO_EXISTE_OUTRO_LINK;Existe no banco (rom_id 377010, source 1): https://huggingface.co/datasets/luisluis123/ps2chd/resolve/main/Nickelodeon The Naked Brothers Band - The Video Game (USA).chd
ps2_chd.html;Nicktoons - Attack of the Toybots (USA).chd;https://archive.org/download/ps2-redump-usa-chd-part-N/Nicktoons - Attack of the Toybots (USA).chd;935.74 MB;JOGO_EXISTE_OUTRO_LINK;Existe no banco (rom_id 377011, source 1): https://huggingface.co/datasets/luisluis123/ps2chd/resolve/main/Nicktoons - Attack of the Toybots (USA).chd
ps2_chd.html;Nicktoons - Battle for Volcano Island (USA).chd;https://archive.org/download/ps2-redump-usa-chd-part-N/Nicktoons - Battle for Volcano Island (USA).chd;840.63 MB;JOGO_EXISTE_OUTRO_LINK;Existe no banco (rom_id 377012, source 1): https://huggingface.co/datasets/luisluis123/ps2chd/resolve/main/Nicktoons - Battle for Volcano Island (USA).chd
ps2_chd.html;Nicktoons Movin' (USA).chd;https://archive.org/download/ps2-redump-usa-chd-part-N/Nicktoons Movin' (USA).chd;474.27 MB;JOGO_EXISTE_OUTRO_LINK;Existe no banco (rom_id 377013, source 1): https://huggingface.co/datasets/luisluis123/ps2chd/resolve/main/Nicktoons Movin' (USA).chd
ps2_chd.html;Nicktoons Unite! (USA).chd;https://archive.org/download/ps2-redump-usa-chd-part-N/Nicktoons Unite! (USA).chd;529.04 MB;JOGO_EXISTE_OUTRO_LINK;Existe no banco (rom_id 377014, source 1): https://huggingface.co/datasets/luisluis123/ps2chd/resolve/main/Nicktoons Unite! (USA).chd
ps2_chd.html;Nightmare of Druaga, The - Fushigino Dungeon (USA).chd;https://archive.org/download/ps2-redump-usa-chd-part-N/Nightmare of Druaga, The - Fushigino Dungeon (USA).chd;426.98 MB;JOGO_EXISTE_OUTRO_LINK;Existe no banco (rom_id 377015, source 1): https://huggingface.co/datasets/luisluis123/ps2chd/resolve/main/Nightmare of Druaga, The - Fushigino Dungeon (USA).chd
ps2_chd.html;Nightshade (USA).chd;https://archive.org/download/ps2-redump-usa-chd-part-N/Nightshade (USA).chd;619.50 MB;JOGO_EXISTE_OUTRO_LINK;Existe no banco (rom_id 377016, source 1): https://huggingface.co/datasets/luisluis123/ps2chd/resolve/main/Nightshade (USA).chd
ps2_chd.html;Ninja Assault (USA).chd;https://archive.org/download/ps2-redump-usa-chd-part-N/Ninja Assault (USA).chd;293.79 MB;JOGO_EXISTE_OUTRO_LINK;Existe no banco (rom_id 377017, source 1): https://huggingface.co/datasets/luisluis123/ps2chd/resolve/main/Ninja Assault (USA).chd
ps2_chd.html;Nitrobike (USA) (En,Fr,Es).chd;https://archive.org/download/ps2-redump-usa-chd-part-N/Nitrobike (USA) (En,Fr,Es).chd;905.05 MB;JOGO_EXISTE_OUTRO_LINK;Existe no banco (rom_id 377018, source 1): https://huggingface.co/datasets/luisluis123/ps2chd/resolve/main/Nitrobike (USA) (En,Fr,Es).chd
ps2_chd.html;Nobunaga's Ambition - Iron Triangle (USA).chd;https://archive.org/download/ps2-redump-usa-chd-part-N/Nobunaga's Ambition - Iron Triangle (USA).chd;457.79 MB;JOGO_EXISTE_OUTRO_LINK;Existe no banco (rom_id 377019, source 1): https://huggingface.co/datasets/luisluis123/ps2chd/resolve/main/Nobunaga's Ambition - Iron Triangle (USA).chd
ps2_chd.html;Nobunaga's Ambition - Rise to Power (USA).chd;https://archive.org/download/ps2-redump-usa-chd-part-N/Nobunaga's Ambition - Rise to Power (USA).chd;635.48 MB;JOGO_EXISTE_OUTRO_LINK;Existe no banco (rom_id 377020, source 1): https://huggingface.co/datasets/luisluis123/ps2chd/resolve/main/Nobunaga's Ambition - Rise to Power (USA).chd
ps2_chd.html;ObsCure (USA) (En,Fr,Es).chd;https://archive.org/download/ps2-redump-usa-chd-part-O/ObsCure (USA) (En,Fr,Es).chd;2.22 GB;JOGO_EXISTE_OUTRO_LINK;Existe no banco (rom_id 377021, source 1): https://huggingface.co/datasets/luisluis123/ps2chd/resolve/main/ObsCure (USA) (En,Fr,Es).chd
ps2_chd.html;ObsCure - The Aftermath (USA) (En,Fr,Es).chd;https://archive.org/download/ps2-redump-usa-chd-part-O/ObsCure - The Aftermath (USA) (En,Fr,Es).chd;1.52 GB;JOGO_EXISTE_OUTRO_LINK;Existe no banco (rom_id 377022, source 1): https://huggingface.co/datasets/luisluis123/ps2chd/resolve/main/ObsCure - The Aftermath (USA) (En,Fr,Es).chd
ps2_chd.html;Odin Sphere (USA).chd;https://archive.org/download/ps2-redump-usa-chd-part-O/Odin Sphere (USA).chd;2.66 GB;JOGO_EXISTE_OUTRO_LINK;Existe no banco (rom_id 377023, source 1): https://huggingface.co/datasets/luisluis123/ps2chd/resolve/main/Odin Sphere (USA).chd
ps2_chd.html;Okage - Shadow King (USA).chd;https://archive.org/download/ps2-redump-usa-chd-part-O/Okage - Shadow King (USA).chd;352.77 MB;JOGO_EXISTE_OUTRO_LINK;Existe no banco (rom_id 377024, source 1): https://huggingface.co/datasets/luisluis123/ps2chd/resolve/main/Okage - Shadow King (USA).chd
ps2_chd.html;Oni (USA).chd;https://archive.org/download/ps2-redump-usa-chd-part-O/Oni (USA).chd;411.37 MB;JOGO_EXISTE_OUTRO_LINK;Existe no banco (rom_id 377025, source 1): https://huggingface.co/datasets/luisluis123/ps2chd/resolve/main/Oni (USA).chd
ps2_chd.html;Onimusha - Blade Warriors (USA).chd;https://archive.org/download/ps2-redump-usa-chd-part-O/Onimusha - Blade Warriors (USA).chd;695.45 MB;JOGO_EXISTE_OUTRO_LINK;Existe no banco (rom_id 377026, source 1): https://huggingface.co/datasets/luisluis123/ps2chd/resolve/main/Onimusha - Blade Warriors (USA).chd
ps2_chd.html;Onimusha - Dawn of Dreams (USA) (Disc 1).chd;https://archive.org/download/ps2-redump-usa-chd-part-O/Onimusha - Dawn of Dreams (USA) (Disc 1).chd;3.47 GB;JOGO_EXISTE_OUTRO_LINK;Existe no banco (rom_id 377027, source 1): https://huggingface.co/datasets/luisluis123/ps2chd/resolve/main/Onimusha - Dawn of Dreams (USA) (Disc 1).chd
ps2_chd.html;Onimusha - Dawn of Dreams (USA) (Disc 2).chd;https://archive.org/download/ps2-redump-usa-chd-part-O/Onimusha - Dawn of Dreams (USA) (Disc 2).chd;3.46 GB;JOGO_EXISTE_OUTRO_LINK;Existe no banco (rom_id 377027, source 1): https://huggingface.co/datasets/luisluis123/ps2chd/resolve/main/Onimusha - Dawn of Dreams (USA) (Disc 1).chd
ps2_chd.html;Onimusha - Warlords (USA).chd;https://archive.org/download/ps2-redump-usa-chd-part-O/Onimusha - Warlords (USA).chd;2.57 GB;JOGO_EXISTE_OUTRO_LINK;Existe no banco (rom_id 377029, source 1): https://huggingface.co/datasets/luisluis123/ps2chd/resolve/main/Onimusha - Warlords (USA).chd
ps2_chd.html;Onimusha 2 - Samurai's Destiny (USA).chd;https://archive.org/download/ps2-redump-usa-chd-part-O/Onimusha 2 - Samurai's Destiny (USA).chd;2.64 GB;JOGO_EXISTE_OUTRO_LINK;Existe no banco (rom_id 377030, source 1): https://huggingface.co/datasets/luisluis123/ps2chd/resolve/main/Onimusha 2 - Samurai's Destiny (USA).chd
ps2_chd.html;Onimusha 3 - Demon Siege (USA).chd;https://archive.org/download/ps2-redump-usa-chd-part-O/Onimusha 3 - Demon Siege (USA).chd;1.84 GB;JOGO_EXISTE_OUTRO_LINK;Existe no banco (rom_id 377031, source 1): https://huggingface.co/datasets/luisluis123/ps2chd/resolve/main/Onimusha 3 - Demon Siege (USA).chd
ps2_chd.html;Ookami (USA).chd;https://archive.org/download/ps2-redump-usa-chd-part-O/Ookami (USA).chd;3.05 GB;JOGO_EXISTE_OUTRO_LINK;Existe no banco (rom_id 377032, source 1): https://huggingface.co/datasets/luisluis123/ps2chd/resolve/main/Ookami (USA).chd
ps2_chd.html;Open Season (USA).chd;https://archive.org/download/ps2-redump-usa-chd-part-O/Open Season (USA).chd;852.60 MB;JOGO_EXISTE_OUTRO_LINK;Existe no banco (rom_id 377033, source 1): https://huggingface.co/datasets/luisluis123/ps2chd/resolve/main/Open Season (USA).chd
ps2_chd.html;Operative, The - No One Lives Forever (USA).chd;https://archive.org/download/ps2-redump-usa-chd-part-O/Operative, The - No One Lives Forever (USA).chd;1.64 GB;JOGO_EXISTE_OUTRO_LINK;Existe no banco (rom_id 377034, source 1): https://huggingface.co/datasets/luisluis123/ps2chd/resolve/main/Operative, The - No One Lives Forever (USA).chd
ps2_chd.html;Orphen - Scion of Sorcery (USA).chd;https://archive.org/download/ps2-redump-usa-chd-part-O/Orphen - Scion of Sorcery (USA).chd;1006.35 MB;JOGO_EXISTE_OUTRO_LINK;Existe no banco (rom_id 377035, source 1): https://huggingface.co/datasets/luisluis123/ps2chd/resolve/main/Orphen - Scion of Sorcery (USA).chd
ps2_chd.html;OutRun 2006 - Coast 2 Coast (USA) (En,Fr,Es).chd;https://archive.org/download/ps2-redump-usa-chd-part-O/OutRun 2006 - Coast 2 Coast (USA) (En,Fr,Es).chd;811.67 MB;JOGO_EXISTE_OUTRO_LINK;Existe no banco (rom_id 377036, source 1): https://huggingface.co/datasets/luisluis123/ps2chd/resolve/main/OutRun 2006 - Coast 2 Coast (USA) (En,Fr,Es).chd
ps2_chd.html;Outlaw Golf 2 (USA).chd;https://archive.org/download/ps2-redump-usa-chd-part-O/Outlaw Golf 2 (USA).chd;1.51 GB;JOGO_EXISTE_OUTRO_LINK;Existe no banco (rom_id 377037, source 1): https://huggingface.co/datasets/luisluis123/ps2chd/resolve/main/Outlaw Golf 2 (USA).chd
ps2_chd.html;Outlaw Tennis (USA).chd;https://archive.org/download/ps2-redump-usa-chd-part-O/Outlaw Tennis (USA).chd;1.08 GB;JOGO_EXISTE_OUTRO_LINK;Existe no banco (rom_id 377038, source 1): https://huggingface.co/datasets/luisluis123/ps2chd/resolve/main/Outlaw Tennis (USA).chd
ps2_chd.html;Outlaw Volleyball Remixed (USA).chd;https://archive.org/download/ps2-redump-usa-chd-part-O/Outlaw Volleyball Remixed (USA).chd;1.40 GB;JOGO_EXISTE_OUTRO_LINK;Existe no banco (rom_id 377039, source 1): https://huggingface.co/datasets/luisluis123/ps2chd/resolve/main/Outlaw Volleyball Remixed (USA).chd
ps2_chd.html;Pac-Man World 2 (USA) (v1.00).chd;https://archive.org/download/ps2-redump-usa-chd-part-P/Pac-Man World 2 (USA) (v1.00).chd;740.76 MB;JOGO_EXISTE_OUTRO_LINK;Existe no banco (rom_id 303399, source 2): https://archive.org/download/ps2-redump-usa-chd-part-P/Pac-Man World 2 (USA) (v2.00).chd
ps2_chd.html;R-Racing Evolution (USA).chd;https://archive.org/download/ps2-redump-usa-chd-part-R/R-Racing Evolution (USA).chd;874.00 MB;JOGO_EXISTE_OUTRO_LINK;Existe no banco (rom_id 377102, source 1): https://huggingface.co/datasets/luisluis123/ps2chd/resolve/main/R-Racing Evolution (USA).chd
ps2_chd.html;R-Type Final (USA).chd;https://archive.org/download/ps2-redump-usa-chd-part-R/R-Type Final (USA).chd;2.42 GB;JOGO_EXISTE_OUTRO_LINK;Existe no banco (rom_id 377103, source 1): https://huggingface.co/datasets/luisluis123/ps2chd/resolve/main/R-Type Final (USA).chd
ps2_chd.html;RC Revenge Pro (USA).chd;https://archive.org/download/ps2-redump-usa-chd-part-R/RC Revenge Pro (USA).chd;501.03 MB;JOGO_EXISTE_OUTRO_LINK;Existe no banco (rom_id 377104, source 1): https://huggingface.co/datasets/luisluis123/ps2chd/resolve/main/RC Revenge Pro (USA).chd
ps2_chd.html;RLH - Run Like Hell (USA).chd;https://archive.org/download/ps2-redump-usa-chd-part-R/RLH - Run Like Hell (USA).chd;3.19 GB;JOGO_EXISTE_OUTRO_LINK;Existe no banco (rom_id 377105, source 1): https://huggingface.co/datasets/luisluis123/ps2chd/resolve/main/RLH - Run Like Hell (USA).chd
ps2_chd.html;RPG Maker 3 (USA).chd;https://archive.org/download/ps2-redump-usa-chd-part-R/RPG Maker 3 (USA).chd;1.66 GB;JOGO_EXISTE_OUTRO_LINK;Existe no banco (rom_id 377106, source 1): https://huggingface.co/datasets/luisluis123/ps2chd/resolve/main/RPG Maker 3 (USA).chd
ps2_chd.html;RPG Maker II (USA).chd;https://archive.org/download/ps2-redump-usa-chd-part-R/RPG Maker II (USA).chd;118.08 MB;JOGO_EXISTE_OUTRO_LINK;Existe no banco (rom_id 377107, source 1): https://huggingface.co/datasets/luisluis123/ps2chd/resolve/main/RPG Maker II (USA).chd
ps2_chd.html;RS - Riding Spirits (USA).chd;https://archive.org/download/ps2-redump-usa-chd-part-R/RS - Riding Spirits (USA).chd;2.10 GB;JOGO_EXISTE_OUTRO_LINK;Existe no banco (rom_id 377108, source 1): https://huggingface.co/datasets/luisluis123/ps2chd/resolve/main/RS - Riding Spirits (USA).chd
ps2_chd.html;RTL Biathlon 2008 (USA) (En,Fr).chd;https://archive.org/download/ps2-redump-usa-chd-part-R/RTL Biathlon 2008 (USA) (En,Fr).chd;467.69 MB;JOGO_EXISTE_OUTRO_LINK;Existe no banco (rom_id 377109, source 1): https://huggingface.co/datasets/luisluis123/ps2chd/resolve/main/RTL Biathlon 2008 (USA) (En,Fr).chd
ps2_chd.html;RTX - Red Rock (USA).chd;https://archive.org/download/ps2-redump-usa-chd-part-R/RTX - Red Rock (USA).chd;3.14 GB;JOGO_EXISTE_OUTRO_LINK;Existe no banco (rom_id 377110, source 1): https://huggingface.co/datasets/luisluis123/ps2chd/resolve/main/RTX - Red Rock (USA).chd
ps2_chd.html;Radiata Stories (USA).chd;https://archive.org/download/ps2-redump-usa-chd-part-R/Radiata Stories (USA).chd;2.34 GB;JOGO_EXISTE_OUTRO_LINK;Existe no banco (rom_id 377111, source 1): https://huggingface.co/datasets/luisluis123/ps2chd/resolve/main/Radiata Stories (USA).chd
ps2_chd.html;Raiden III (USA).chd;https://archive.org/download/ps2-redump-usa-chd-part-R/Raiden III (USA).chd;154.48 MB;JOGO_EXISTE_OUTRO_LINK;Existe no banco (rom_id 377112, source 1): https://huggingface.co/datasets/luisluis123/ps2chd/resolve/main/Raiden III (USA).chd
ps2_chd.html;Rally Fusion - Race of Champions (USA).chd;https://archive.org/download/ps2-redump-usa-chd-part-R/Rally Fusion - Race of Champions (USA).chd;297.14 MB;JOGO_EXISTE_OUTRO_LINK;Existe no banco (rom_id 377113, source 1): https://huggingface.co/datasets/luisluis123/ps2chd/resolve/main/Rally Fusion - Race of Champions (USA).chd
ps2_chd.html;Rampage - Total Destruction (USA).chd;https://archive.org/download/ps2-redump-usa-chd-part-R/Rampage - Total Destruction (USA).chd;1.09 GB;JOGO_EXISTE_OUTRO_LINK;Existe no banco (rom_id 377114, source 1): https://huggingface.co/datasets/luisluis123/ps2chd/resolve/main/Rampage - Total Destruction (USA).chd
ps2_chd.html;Rapala Pro Bass Fishing (USA).chd;https://archive.org/download/ps2-redump-usa-chd-part-R/Rapala Pro Bass Fishing (USA).chd;656.97 MB;JOGO_EXISTE_OUTRO_LINK;Existe no banco (rom_id 377115, source 1): https://huggingface.co/datasets/luisluis123/ps2chd/resolve/main/Rapala Pro Bass Fishing (USA).chd
ps2_chd.html;Rapala Pro Fishing (USA).chd;https://archive.org/download/ps2-redump-usa-chd-part-R/Rapala Pro Fishing (USA).chd;571.10 MB;JOGO_EXISTE_OUTRO_LINK;Existe no banco (rom_id 377116, source 1): https://huggingface.co/datasets/luisluis123/ps2chd/resolve/main/Rapala Pro Fishing (USA).chd
ps2_chd.html;Ratchet & Clank (USA) (En,Fr,De,Es,It).chd;https://archive.org/download/ps2-redump-usa-chd-part-R/Ratchet & Clank (USA) (En,Fr,De,Es,It).chd;3.37 GB;JOGO_EXISTE_OUTRO_LINK;Existe no banco (rom_id 377117, source 1): https://huggingface.co/datasets/luisluis123/ps2chd/resolve/main/Ratchet & Clank (USA) (En,Fr,De,Es,It).chd
ps2_chd.html;Ratchet & Clank - Going Commando (USA) (v1.01).chd;https://archive.org/download/ps2-redump-usa-chd-part-R/Ratchet & Clank - Going Commando (USA) (v1.01).chd;2.87 GB;JOGO_EXISTE_OUTRO_LINK;Existe no banco (rom_id 377118, source 1): https://huggingface.co/datasets/luisluis123/ps2chd/resolve/main/Ratchet & Clank - Going Commando (USA) (v1.01).chd
ps2_chd.html;Ratchet & Clank - Going Commando (USA) (v2.00).chd;https://archive.org/download/ps2-redump-usa-chd-part-R/Ratchet & Clank - Going Commando (USA) (v2.00).chd;2.89 GB;JOGO_EXISTE_OUTRO_LINK;Existe no banco (rom_id 377118, source 1): https://huggingface.co/datasets/luisluis123/ps2chd/resolve/main/Ratchet & Clank - Going Commando (USA) (v1.01).chd
ps2_chd.html;Ratchet & Clank - Size Matters (USA).chd;https://archive.org/download/ps2-redump-usa-chd-part-R/Ratchet & Clank - Size Matters (USA).chd;1.34 GB;JOGO_EXISTE_OUTRO_LINK;Existe no banco (rom_id 377120, source 1): https://huggingface.co/datasets/luisluis123/ps2chd/resolve/main/Ratchet & Clank - Size Matters (USA).chd
ps2_chd.html;Ratchet & Clank - Up Your Arsenal (USA) (En,Fr,Es).chd;https://archive.org/download/ps2-redump-usa-chd-part-R/Ratchet & Clank - Up Your Arsenal (USA) (En,Fr,Es).chd;3.20 GB;JOGO_EXISTE_OUTRO_LINK;Existe no banco (rom_id 377121, source 1): https://huggingface.co/datasets/luisluis123/ps2chd/resolve/main/Ratchet & Clank - Up Your Arsenal (USA) (En,Fr,Es).chd
ps2_chd.html;Ratchet - Deadlocked (USA) (En,Fr,Es).chd;https://archive.org/download/ps2-redump-usa-chd-part-R/Ratchet - Deadlocked (USA) (En,Fr,Es).chd;3.04 GB;JOGO_EXISTE_OUTRO_LINK;Existe no banco (rom_id 377122, source 1): https://huggingface.co/datasets/luisluis123/ps2chd/resolve/main/Ratchet - Deadlocked (USA) (En,Fr,Es).chd
ps2_chd.html;Raw Danger (USA).chd;https://archive.org/download/ps2-redump-usa-chd-part-R/Raw Danger (USA).chd;857.56 MB;JOGO_EXISTE_OUTRO_LINK;Existe no banco (rom_id 377123, source 1): https://huggingface.co/datasets/luisluis123/ps2chd/resolve/main/Raw Danger (USA).chd
ps2_chd.html;Rayman - Raving Rabbids (USA) (En,Fr,Es).chd;https://archive.org/download/ps2-redump-usa-chd-part-R/Rayman - Raving Rabbids (USA) (En,Fr,Es).chd;1.19 GB;JOGO_EXISTE_OUTRO_LINK;Existe no banco (rom_id 377124, source 1): https://huggingface.co/datasets/luisluis123/ps2chd/resolve/main/Rayman - Raving Rabbids (USA) (En,Fr,Es).chd
ps2_chd.html;Rayman 2 - Revolution (USA) (En,Fr,De,Es,It).chd;https://archive.org/download/ps2-redump-usa-chd-part-R/Rayman 2 - Revolution (USA) (En,Fr,De,Es,It).chd;1.52 GB;JOGO_EXISTE_OUTRO_LINK;Existe no banco (rom_id 377125, source 1): https://huggingface.co/datasets/luisluis123/ps2chd/resolve/main/Rayman 2 - Revolution (USA) (En,Fr,De,Es,It).chd
ps2_chd.html;Rayman 3 - Hoodlum Havoc (USA) (En,Fr,De,Es,It).chd;https://archive.org/download/ps2-redump-usa-chd-part-R/Rayman 3 - Hoodlum Havoc (USA) (En,Fr,De,Es,It).chd;2.15 GB;JOGO_EXISTE_OUTRO_LINK;Existe no banco (rom_id 377126, source 1): https://huggingface.co/datasets/luisluis123/ps2chd/resolve/main/Rayman 3 - Hoodlum Havoc (USA) (En,Fr,De,Es,It).chd
ps2_chd.html;Rayman Arena (USA).chd;https://archive.org/download/ps2-redump-usa-chd-part-R/Rayman Arena (USA).chd;479.65 MB;JOGO_EXISTE_OUTRO_LINK;Existe no banco (rom_id 377127, source 1): https://huggingface.co/datasets/luisluis123/ps2chd/resolve/main/Rayman Arena (USA).chd
ps2_chd.html;Ready 2 Rumble Boxing - Round 2 (USA).chd;https://archive.org/download/ps2-redump-usa-chd-part-R/Ready 2 Rumble Boxing - Round 2 (USA).chd;482.68 MB;JOGO_EXISTE_OUTRO_LINK;Existe no banco (rom_id 377128, source 1): https://huggingface.co/datasets/luisluis123/ps2chd/resolve/main/Ready 2 Rumble Boxing - Round 2 (USA).chd
ps2_chd.html;Real Pool (USA).chd;https://archive.org/download/ps2-redump-usa-chd-part-R/Real Pool (USA).chd;324.32 MB;JOGO_EXISTE_OUTRO_LINK;Existe no banco (rom_id 377129, source 1): https://huggingface.co/datasets/luisluis123/ps2chd/resolve/main/Real Pool (USA).chd
ps2_chd.html;Real World Golf (USA).chd;https://archive.org/download/ps2-redump-usa-chd-part-R/Real World Golf (USA).chd;383.95 MB;JOGO_EXISTE_OUTRO_LINK;Existe no banco (rom_id 377130, source 1): https://huggingface.co/datasets/luisluis123/ps2chd/resolve/main/Real World Golf (USA).chd
ps2_chd.html;Rebel Raiders - Operation Nighthawk (USA).chd;https://archive.org/download/ps2-redump-usa-chd-part-R/Rebel Raiders - Operation Nighthawk (USA).chd;167.40 MB;JOGO_EXISTE_OUTRO_LINK;Existe no banco (rom_id 377131, source 1): https://huggingface.co/datasets/luisluis123/ps2chd/resolve/main/Rebel Raiders - Operation Nighthawk (USA).chd
ps2_chd.html;Red Dead Revolver (USA).chd;https://archive.org/download/ps2-redump-usa-chd-part-R/Red Dead Revolver (USA).chd;1.65 GB;JOGO_EXISTE_OUTRO_LINK;Existe no banco (rom_id 377132, source 1): https://huggingface.co/datasets/luisluis123/ps2chd/resolve/main/Red Dead Revolver (USA).chd
ps2_chd.html;Red Faction (USA) (v1.01).chd;https://archive.org/download/ps2-redump-usa-chd-part-R/Red Faction (USA) (v1.01).chd;1.01 GB;JOGO_EXISTE_OUTRO_LINK;Existe no banco (rom_id 377133, source 1): https://huggingface.co/datasets/luisluis123/ps2chd/resolve/main/Red Faction (USA) (v1.01).chd
ps2_chd.html;Red Faction (USA) (v2.00).chd;https://archive.org/download/ps2-redump-usa-chd-part-R/Red Faction (USA) (v2.00).chd;1.15 GB;JOGO_EXISTE_OUTRO_LINK;Existe no banco (rom_id 377133, source 1): https://huggingface.co/datasets/luisluis123/ps2chd/resolve/main/Red Faction (USA) (v1.01).chd
ps2_chd.html;Red Faction II (USA).chd;https://archive.org/download/ps2-redump-usa-chd-part-R/Red Faction II (USA).chd;1.57 GB;JOGO_EXISTE_OUTRO_LINK;Existe no banco (rom_id 377135, source 1): https://huggingface.co/datasets/luisluis123/ps2chd/resolve/main/Red Faction II (USA).chd
ps2_chd.html;Red Ninja - End of Honor (USA).chd;https://archive.org/download/ps2-redump-usa-chd-part-R/Red Ninja - End of Honor (USA).chd;1.73 GB;JOGO_EXISTE_OUTRO_LINK;Existe no banco (rom_id 377136, source 1): https://huggingface.co/datasets/luisluis123/ps2chd/resolve/main/Red Ninja - End of Honor (USA).chd
ps2_chd.html;Red Star, The (USA).chd;https://archive.org/download/ps2-redump-usa-chd-part-R/Red Star, The (USA).chd;540.05 MB;JOGO_EXISTE_OUTRO_LINK;Existe no banco (rom_id 377137, source 1): https://huggingface.co/datasets/luisluis123/ps2chd/resolve/main/Red Star, The (USA).chd
ps2_chd.html;RedCard 20-03 (USA) (En,Fr,De,Es,It).chd;https://archive.org/download/ps2-redump-usa-chd-part-R/RedCard 20-03 (USA) (En,Fr,De,Es,It).chd;1.71 GB;JOGO_EXISTE_OUTRO_LINK;Existe no banco (rom_id 377138, source 1): https://huggingface.co/datasets/luisluis123/ps2chd/resolve/main/RedCard 20-03 (USA) (En,Fr,De,Es,It).chd
ps2_chd.html;Reel Fishing III (USA).chd;https://archive.org/download/ps2-redump-usa-chd-part-R/Reel Fishing III (USA).chd;395.88 MB;JOGO_EXISTE_OUTRO_LINK;Existe no banco (rom_id 377139, source 1): https://huggingface.co/datasets/luisluis123/ps2chd/resolve/main/Reel Fishing III (USA).chd
ps2_chd.html;Reign of Fire (USA).chd;https://archive.org/download/ps2-redump-usa-chd-part-R/Reign of Fire (USA).chd;1.17 GB;JOGO_EXISTE_OUTRO_LINK;Existe no banco (rom_id 377140, source 1): https://huggingface.co/datasets/luisluis123/ps2chd/resolve/main/Reign of Fire (USA).chd
ps2_chd.html;Reservoir Dogs (USA) (En,Fr,Es).chd;https://archive.org/download/ps2-redump-usa-chd-part-R/Reservoir Dogs (USA) (En,Fr,Es).chd;1.92 GB;JOGO_EXISTE_OUTRO_LINK;Existe no banco (rom_id 377141, source 1): https://huggingface.co/datasets/luisluis123/ps2chd/resolve/main/Reservoir Dogs (USA) (En,Fr,Es).chd
ps2_chd.html;Resident Evil - Code - Veronica X (USA).chd;https://archive.org/download/ps2-redump-usa-chd-part-R/Resident Evil - Code - Veronica X (USA).chd;1.49 GB;JOGO_EXISTE_OUTRO_LINK;Existe no banco (rom_id 377142, source 1): https://huggingface.co/datasets/luisluis123/ps2chd/resolve/main/Resident Evil - Code - Veronica X (USA).chd
ps2_chd.html;Resident Evil - Dead Aim (USA).chd;https://archive.org/download/ps2-redump-usa-chd-part-R/Resident Evil - Dead Aim (USA).chd;1.86 GB;JOGO_EXISTE_OUTRO_LINK;Existe no banco (rom_id 377143, source 1): https://huggingface.co/datasets/luisluis123/ps2chd/resolve/main/Resident Evil - Dead Aim (USA).chd
ps2_chd.html;Resident Evil - Outbreak (USA) (v1.01).chd;https://archive.org/download/ps2-redump-usa-chd-part-R/Resident Evil - Outbreak (USA) (v1.01).chd;3.19 GB;JOGO_EXISTE_OUTRO_LINK;Existe no banco (rom_id 377144, source 1): https://huggingface.co/datasets/luisluis123/ps2chd/resolve/main/Resident Evil - Outbreak (USA) (v1.01).chd
ps2_chd.html;Resident Evil - Outbreak (USA) (v2.00).chd;https://archive.org/download/ps2-redump-usa-chd-part-R/Resident Evil - Outbreak (USA) (v2.00).chd;3.19 GB;JOGO_EXISTE_OUTRO_LINK;Existe no banco (rom_id 377144, source 1): https://huggingface.co/datasets/luisluis123/ps2chd/resolve/main/Resident Evil - Outbreak (USA) (v1.01).chd
ps2_chd.html;Resident Evil - Outbreak - File 2 (USA).chd;https://archive.org/download/ps2-redump-usa-chd-part-R/Resident Evil - Outbreak - File 2 (USA).chd;3.25 GB;JOGO_EXISTE_OUTRO_LINK;Existe no banco (rom_id 377146, source 1): https://huggingface.co/datasets/luisluis123/ps2chd/resolve/main/Resident Evil - Outbreak - File 2 (USA).chd
ps2_chd.html;Resident Evil 4 (USA).chd;https://archive.org/download/ps2-redump-usa-chd-part-R/Resident Evil 4 (USA).chd;3.24 GB;JOGO_EXISTE_OUTRO_LINK;Existe no banco (rom_id 377147, source 1): https://huggingface.co/datasets/luisluis123/ps2chd/resolve/main/Resident Evil 4 (USA).chd
ps2_chd.html;Return to Castle Wolfenstein - Operation Resurrection (USA).chd;https://archive.org/download/ps2-redump-usa-chd-part-R/Return to Castle Wolfenstein - Operation Resurrection (USA).chd;1.87 GB;JOGO_EXISTE_OUTRO_LINK;Existe no banco (rom_id 377148, source 1): https://huggingface.co/datasets/luisluis123/ps2chd/resolve/main/Return to Castle Wolfenstein - Operation Resurrection (USA).chd
ps2_chd.html;Rez (USA) (En,Fr,De,Es,It).chd;https://archive.org/download/ps2-redump-usa-chd-part-R/Rez (USA) (En,Fr,De,Es,It).chd;118.25 MB;JOGO_EXISTE_OUTRO_LINK;Existe no banco (rom_id 377149, source 1): https://huggingface.co/datasets/luisluis123/ps2chd/resolve/main/Rez (USA) (En,Fr,De,Es,It).chd
ps2_chd.html;Ribbit King (USA) (En,Es).chd;https://archive.org/download/ps2-redump-usa-chd-part-R/Ribbit King (USA) (En,Es).chd;1.08 GB;JOGO_EXISTE_OUTRO_LINK;Existe no banco (rom_id 377150, source 1): https://huggingface.co/datasets/luisluis123/ps2chd/resolve/main/Ribbit King (USA) (En,Es).chd
ps2_chd.html;Ridge Racer V (USA).chd;https://archive.org/download/ps2-redump-usa-chd-part-R/Ridge Racer V (USA).chd;520.44 MB;JOGO_EXISTE_OUTRO_LINK;Existe no banco (rom_id 377151, source 1): https://huggingface.co/datasets/luisluis123/ps2chd/resolve/main/Ridge Racer V (USA).chd
ps2_chd.html;Riding Star (USA) (En,Fr,Es).chd;https://archive.org/download/ps2-redump-usa-chd-part-R/Riding Star (USA) (En,Fr,Es).chd;394.07 MB;JOGO_EXISTE_OUTRO_LINK;Existe no banco (rom_id 377152, source 1): https://huggingface.co/datasets/luisluis123/ps2chd/resolve/main/Riding Star (USA) (En,Fr,Es).chd
ps2_chd.html;Ring of Red (USA).chd;https://archive.org/download/ps2-redump-usa-chd-part-R/Ring of Red (USA).chd;325.56 MB;JOGO_EXISTE_OUTRO_LINK;Existe no banco (rom_id 377153, source 1): https://huggingface.co/datasets/luisluis123/ps2chd/resolve/main/Ring of Red (USA).chd
ps2_chd.html;Rise of the Kasai (USA).chd;https://archive.org/download/ps2-redump-usa-chd-part-R/Rise of the Kasai (USA).chd;2.44 GB;JOGO_EXISTE_OUTRO_LINK;Existe no banco (rom_id 377154, source 1): https://huggingface.co/datasets/luisluis123/ps2chd/resolve/main/Rise of the Kasai (USA).chd
ps2_chd.html;Risk - Global Domination (USA).chd;https://archive.org/download/ps2-redump-usa-chd-part-R/Risk - Global Domination (USA).chd;230.53 MB;JOGO_EXISTE_OUTRO_LINK;Existe no banco (rom_id 377155, source 1): https://huggingface.co/datasets/luisluis123/ps2chd/resolve/main/Risk - Global Domination (USA).chd
ps2_chd.html;River King - A Wonderful Journey (USA).chd;https://archive.org/download/ps2-redump-usa-chd-part-R/River King - A Wonderful Journey (USA).chd;497.90 MB;JOGO_EXISTE_OUTRO_LINK;Existe no banco (rom_id 377156, source 1): https://huggingface.co/datasets/luisluis123/ps2chd/resolve/main/River King - A Wonderful Journey (USA).chd
ps2_chd.html;Road Trip (USA).chd;https://archive.org/download/ps2-redump-usa-chd-part-R/Road Trip (USA).chd;208.11 MB;JOGO_EXISTE_OUTRO_LINK;Existe no banco (rom_id 377157, source 1): https://huggingface.co/datasets/luisluis123/ps2chd/resolve/main/Road Trip (USA).chd
ps2_chd.html;RoadKill (USA).chd;https://archive.org/download/ps2-redump-usa-chd-part-R/RoadKill (USA).chd;1.23 GB;JOGO_EXISTE_OUTRO_LINK;Existe no banco (rom_id 377158, source 1): https://huggingface.co/datasets/luisluis123/ps2chd/resolve/main/RoadKill (USA).chd
ps2_chd.html;Robin Hood - Defender of the Crown (USA).chd;https://archive.org/download/ps2-redump-usa-chd-part-R/Robin Hood - Defender of the Crown (USA).chd;1.03 GB;JOGO_EXISTE_OUTRO_LINK;Existe no banco (rom_id 377159, source 1): https://huggingface.co/datasets/luisluis123/ps2chd/resolve/main/Robin Hood - Defender of the Crown (USA).chd
ps2_chd.html;Robot Alchemic Drive (USA).chd;https://archive.org/download/ps2-redump-usa-chd-part-R/Robot Alchemic Drive (USA).chd;330.90 MB;JOGO_EXISTE_OUTRO_LINK;Existe no banco (rom_id 377160, source 1): https://huggingface.co/datasets/luisluis123/ps2chd/resolve/main/Robot Alchemic Drive (USA).chd
ps2_chd.html;Robotech - Battlecry (USA).chd;https://archive.org/download/ps2-redump-usa-chd-part-R/Robotech - Battlecry (USA).chd;1.64 GB;JOGO_EXISTE_OUTRO_LINK;Existe no banco (rom_id 377161, source 1): https://huggingface.co/datasets/luisluis123/ps2chd/resolve/main/Robotech - Battlecry (USA).chd
ps2_chd.html;Robotech - Invasion (USA).chd;https://archive.org/download/ps2-redump-usa-chd-part-R/Robotech - Invasion (USA).chd;949.71 MB;JOGO_EXISTE_OUTRO_LINK;Existe no banco (rom_id 377162, source 1): https://huggingface.co/datasets/luisluis123/ps2chd/resolve/main/Robotech - Invasion (USA).chd
ps2_chd.html;Robots (USA).chd;https://archive.org/download/ps2-redump-usa-chd-part-R/Robots (USA).chd;1.20 GB;JOGO_EXISTE_OUTRO_LINK;Existe no banco (rom_id 377163, source 1): https://huggingface.co/datasets/luisluis123/ps2chd/resolve/main/Robots (USA).chd
ps2_chd.html;Rock Band (USA).chd;https://archive.org/download/ps2-redump-usa-chd-part-R/Rock Band (USA).chd;7.41 GB;JOGO_EXISTE_OUTRO_LINK;Existe no banco (rom_id 377164, source 1): https://huggingface.co/datasets/luisluis123/ps2chd/resolve/main/Rock Band (USA).chd
ps2_chd.html;Rock Band - Country Track Pack (USA).chd;https://archive.org/download/ps2-redump-usa-chd-part-R/Rock Band - Country Track Pack (USA).chd;3.27 GB;JOGO_EXISTE_OUTRO_LINK;Existe no banco (rom_id 377165, source 1): https://huggingface.co/datasets/luisluis123/ps2chd/resolve/main/Rock Band - Country Track Pack (USA).chd
ps2_chd.html;Rock Band - Metal Track Pack (USA).chd;https://archive.org/download/ps2-redump-usa-chd-part-R/Rock Band - Metal Track Pack (USA).chd;3.24 GB;JOGO_EXISTE_OUTRO_LINK;Existe no banco (rom_id 377166, source 1): https://huggingface.co/datasets/luisluis123/ps2chd/resolve/main/Rock Band - Metal Track Pack (USA).chd
ps2_chd.html;Rock Band - Track Pack Volume 1 (USA).chd;https://archive.org/download/ps2-redump-usa-chd-part-R/Rock Band - Track Pack Volume 1 (USA).chd;2.60 GB;JOGO_EXISTE_OUTRO_LINK;Existe no banco (rom_id 377167, source 1): https://huggingface.co/datasets/luisluis123/ps2chd/resolve/main/Rock Band - Track Pack Volume 1 (USA).chd
ps2_chd.html;Rock Band - Track Pack Volume 2 (USA).chd;https://archive.org/download/ps2-redump-usa-chd-part-R/Rock Band - Track Pack Volume 2 (USA).chd;3.05 GB;JOGO_EXISTE_OUTRO_LINK;Existe no banco (rom_id 377168, source 1): https://huggingface.co/datasets/luisluis123/ps2chd/resolve/main/Rock Band - Track Pack Volume 2 (USA).chd
ps2_chd.html;Rock Band 2 (USA).chd;https://archive.org/download/ps2-redump-usa-chd-part-R/Rock Band 2 (USA).chd;7.57 GB;JOGO_EXISTE_OUTRO_LINK;Existe no banco (rom_id 377169, source 1): https://huggingface.co/datasets/luisluis123/ps2chd/resolve/main/Rock Band 2 (USA).chd
ps2_chd.html;Rock Band Track Pack - Classic Rock (USA).chd;https://archive.org/download/ps2-redump-usa-chd-part-R/Rock Band Track Pack - Classic Rock (USA).chd;2.80 GB;JOGO_EXISTE_OUTRO_LINK;Existe no banco (rom_id 377170, source 1): https://huggingface.co/datasets/luisluis123/ps2chd/resolve/main/Rock Band Track Pack - Classic Rock (USA).chd
ps2_chd.html;Rocky (USA).chd;https://archive.org/download/ps2-redump-usa-chd-part-R/Rocky (USA).chd;965.76 MB;JOGO_EXISTE_OUTRO_LINK;Existe no banco (rom_id 377171, source 1): https://huggingface.co/datasets/luisluis123/ps2chd/resolve/main/Rocky (USA).chd
ps2_chd.html;Rocky Legends (USA).chd;https://archive.org/download/ps2-redump-usa-chd-part-R/Rocky Legends (USA).chd;1.80 GB;JOGO_EXISTE_OUTRO_LINK;Existe no banco (rom_id 377172, source 1): https://huggingface.co/datasets/luisluis123/ps2chd/resolve/main/Rocky Legends (USA).chd
ps2_chd.html;Rogue Galaxy (USA).chd;https://archive.org/download/ps2-redump-usa-chd-part-R/Rogue Galaxy (USA).chd;4.05 GB;JOGO_EXISTE_OUTRO_LINK;Existe no banco (rom_id 377173, source 1): https://huggingface.co/datasets/luisluis123/ps2chd/resolve/main/Rogue Galaxy (USA).chd
ps2_chd.html;Rogue Ops (USA).chd;https://archive.org/download/ps2-redump-usa-chd-part-R/Rogue Ops (USA).chd;1.39 GB;JOGO_EXISTE_OUTRO_LINK;Existe no banco (rom_id 377174, source 1): https://huggingface.co/datasets/luisluis123/ps2chd/resolve/main/Rogue Ops (USA).chd
ps2_chd.html;Rogue Trooper (USA).chd;https://archive.org/download/ps2-redump-usa-chd-part-R/Rogue Trooper (USA).chd;1.55 GB;JOGO_EXISTE_OUTRO_LINK;Existe no banco (rom_id 377175, source 1): https://huggingface.co/datasets/luisluis123/ps2chd/resolve/main/Rogue Trooper (USA).chd
ps2_chd.html;Romance of the Three Kingdoms IX (USA).chd;https://archive.org/download/ps2-redump-usa-chd-part-R/Romance of the Three Kingdoms IX (USA).chd;1.13 GB;JOGO_EXISTE_OUTRO_LINK;Existe no banco (rom_id 377176, source 1): https://huggingface.co/datasets/luisluis123/ps2chd/resolve/main/Romance of the Three Kingdoms IX (USA).chd
ps2_chd.html;Romance of the Three Kingdoms VII (USA).chd;https://archive.org/download/ps2-redump-usa-chd-part-R/Romance of the Three Kingdoms VII (USA).chd;241.70 MB;JOGO_EXISTE_OUTRO_LINK;Existe no banco (rom_id 377177, source 1): https://huggingface.co/datasets/luisluis123/ps2chd/resolve/main/Romance of the Three Kingdoms VII (USA).chd
ps2_chd.html;Romance of the Three Kingdoms VIII (USA).chd;https://archive.org/download/ps2-redump-usa-chd-part-R/Romance of the Three Kingdoms VIII (USA).chd;254.99 MB;JOGO_EXISTE_OUTRO_LINK;Existe no banco (rom_id 377178, source 1): https://huggingface.co/datasets/luisluis123/ps2chd/resolve/main/Romance of the Three Kingdoms VIII (USA).chd
ps2_chd.html;Romance of the Three Kingdoms X (USA).chd;https://archive.org/download/ps2-redump-usa-chd-part-R/Romance of the Three Kingdoms X (USA).chd;556.55 MB;JOGO_EXISTE_OUTRO_LINK;Existe no banco (rom_id 377179, source 1): https://huggingface.co/datasets/luisluis123/ps2chd/resolve/main/Romance of the Three Kingdoms X (USA).chd
ps2_chd.html;Romance of the Three Kingdoms XI (USA).chd;https://archive.org/download/ps2-redump-usa-chd-part-R/Romance of the Three Kingdoms XI (USA).chd;1.37 GB;JOGO_EXISTE_OUTRO_LINK;Existe no banco (rom_id 377180, source 1): https://huggingface.co/datasets/luisluis123/ps2chd/resolve/main/Romance of the Three Kingdoms XI (USA).chd
ps2_chd.html;Romancing SaGa (USA).chd;https://archive.org/download/ps2-redump-usa-chd-part-R/Romancing SaGa (USA).chd;2.42 GB;JOGO_EXISTE_OUTRO_LINK;Existe no banco (rom_id 377181, source 1): https://huggingface.co/datasets/luisluis123/ps2chd/resolve/main/Romancing SaGa (USA).chd
ps2_chd.html;Ruff Trigger - The Vanocore Conspiracy (USA).chd;https://archive.org/download/ps2-redump-usa-chd-part-R/Ruff Trigger - The Vanocore Conspiracy (USA).chd;1.44 GB;JOGO_EXISTE_OUTRO_LINK;Existe no banco (rom_id 377182, source 1): https://huggingface.co/datasets/luisluis123/ps2chd/resolve/main/Ruff Trigger - The Vanocore Conspiracy (USA).chd
ps2_chd.html;Rugby (USA).chd;https://archive.org/download/ps2-redump-usa-chd-part-R/Rugby (USA).chd;321.91 MB;JOGO_EXISTE_OUTRO_LINK;Existe no banco (rom_id 377183, source 1): https://huggingface.co/datasets/luisluis123/ps2chd/resolve/main/Rugby (USA).chd
ps2_chd.html;Rugby 06 (USA).chd;https://archive.org/download/ps2-redump-usa-chd-part-R/Rugby 06 (USA).chd;963.23 MB;JOGO_EXISTE_OUTRO_LINK;Existe no banco (rom_id 377184, source 1): https://huggingface.co/datasets/luisluis123/ps2chd/resolve/main/Rugby 06 (USA).chd
ps2_chd.html;Rugby 08 (USA).chd;https://archive.org/download/ps2-redump-usa-chd-part-R/Rugby 08 (USA).chd;1.02 GB;JOGO_EXISTE_OUTRO_LINK;Existe no banco (rom_id 377185, source 1): https://huggingface.co/datasets/luisluis123/ps2chd/resolve/main/Rugby 08 (USA).chd
ps2_chd.html;Rugby 2004 (USA).chd;https://archive.org/download/ps2-redump-usa-chd-part-R/Rugby 2004 (USA).chd;1014.68 MB;JOGO_EXISTE_OUTRO_LINK;Existe no banco (rom_id 377186, source 1): https://huggingface.co/datasets/luisluis123/ps2chd/resolve/main/Rugby 2004 (USA).chd
ps2_chd.html;Rugby 2005 (USA).chd;https://archive.org/download/ps2-redump-usa-chd-part-R/Rugby 2005 (USA).chd;3.09 GB;JOGO_EXISTE_OUTRO_LINK;Existe no banco (rom_id 377187, source 1): https://huggingface.co/datasets/luisluis123/ps2chd/resolve/main/Rugby 2005 (USA).chd
ps2_chd.html;Rule of Rose (USA).chd;https://archive.org/download/ps2-redump-usa-chd-part-R/Rule of Rose (USA).chd;2.10 GB;JOGO_EXISTE_OUTRO_LINK;Existe no banco (rom_id 377188, source 1): https://huggingface.co/datasets/luisluis123/ps2chd/resolve/main/Rule of Rose (USA).chd
ps2_chd.html;Rumble Racing (USA).chd;https://archive.org/download/ps2-redump-usa-chd-part-R/Rumble Racing (USA).chd;391.59 MB;JOGO_EXISTE_OUTRO_LINK;Existe no banco (rom_id 377189, source 1): https://huggingface.co/datasets/luisluis123/ps2chd/resolve/main/Rumble Racing (USA).chd
ps2_chd.html;Rumble Roses (USA).chd;https://archive.org/download/ps2-redump-usa-chd-part-R/Rumble Roses (USA).chd;904.01 MB;JOGO_EXISTE_OUTRO_LINK;Existe no banco (rom_id 377190, source 1): https://huggingface.co/datasets/luisluis123/ps2chd/resolve/main/Rumble Roses (USA).chd
ps2_chd.html;Rune - Viking Warlord (USA).chd;https://archive.org/download/ps2-redump-usa-chd-part-R/Rune - Viking Warlord (USA).chd;348.28 MB;JOGO_EXISTE_OUTRO_LINK;Existe no banco (rom_id 377191, source 1): https://huggingface.co/datasets/luisluis123/ps2chd/resolve/main/Rune - Viking Warlord (USA).chd
ps2_chd.html;Rygar - The Legendary Adventure (USA).chd;https://archive.org/download/ps2-redump-usa-chd-part-R/Rygar - The Legendary Adventure (USA).chd;1.07 GB;JOGO_EXISTE_OUTRO_LINK;Existe no banco (rom_id 377192, source 1): https://huggingface.co/datasets/luisluis123/ps2chd/resolve/main/Rygar - The Legendary Adventure (USA).chd
ps2_chd.html;S.L.A.I. - Steel Lancer Arena International (USA).chd;https://archive.org/download/ps2-redump-usa-chd-part-S/S.L.A.I. - Steel Lancer Arena International (USA).chd;1.49 GB;JOGO_EXISTE_OUTRO_LINK;Existe no banco (rom_id 377193, source 1): https://huggingface.co/datasets/luisluis123/ps2chd/resolve/main/S.L.A.I. - Steel Lancer Arena International (USA).chd
ps2_chd.html;SBK - Superbike World Championship (USA).chd;https://archive.org/download/ps2-redump-usa-chd-part-S/SBK - Superbike World Championship (USA).chd;771.44 MB;JOGO_EXISTE_OUTRO_LINK;Existe no banco (rom_id 377194, source 1): https://huggingface.co/datasets/luisluis123/ps2chd/resolve/main/SBK - Superbike World Championship (USA).chd
ps2_chd.html;SD Gundam Force - Showdown! (USA).chd;https://archive.org/download/ps2-redump-usa-chd-part-S/SD Gundam Force - Showdown! (USA).chd;699.64 MB;JOGO_EXISTE_OUTRO_LINK;Existe no banco (rom_id 377195, source 1): https://huggingface.co/datasets/luisluis123/ps2chd/resolve/main/SD Gundam Force - Showdown! (USA).chd
ps2_chd.html;SNK Arcade Classics Vol. 1 (USA).chd;https://archive.org/download/ps2-redump-usa-chd-part-S/SNK Arcade Classics Vol. 1 (USA).chd;719.17 MB;JOGO_EXISTE_OUTRO_LINK;Existe no banco (rom_id 377196, source 1): https://huggingface.co/datasets/luisluis123/ps2chd/resolve/main/SNK Arcade Classics Vol. 1 (USA).chd
ps2_chd.html;SOCOM - U.S. Navy SEALs (USA) (v1.00).chd;https://archive.org/download/ps2-redump-usa-chd-part-S/SOCOM - U.S. Navy SEALs (USA) (v1.00).chd;2.79 GB;JOGO_EXISTE_OUTRO_LINK;Existe no banco (rom_id 377197, source 1): https://huggingface.co/datasets/luisluis123/ps2chd/resolve/main/SOCOM - U.S. Navy SEALs (USA) (v1.00).chd
ps2_chd.html;SOCOM - U.S. Navy SEALs (USA) (v2.01).chd;https://archive.org/download/ps2-redump-usa-chd-part-S/SOCOM - U.S. Navy SEALs (USA) (v2.01).chd;2.80 GB;JOGO_EXISTE_OUTRO_LINK;Existe no banco (rom_id 377197, source 1): https://huggingface.co/datasets/luisluis123/ps2chd/resolve/main/SOCOM - U.S. Navy SEALs (USA) (v1.00).chd
ps2_chd.html;SOCOM - U.S. Navy SEALs (USA) (v3.00).chd;https://archive.org/download/ps2-redump-usa-chd-part-S/SOCOM - U.S. Navy SEALs (USA) (v3.00).chd;2.80 GB;JOGO_EXISTE_OUTRO_LINK;Existe no banco (rom_id 377197, source 1): https://huggingface.co/datasets/luisluis123/ps2chd/resolve/main/SOCOM - U.S. Navy SEALs (USA) (v1.00).chd
ps2_chd.html;SOCOM - U.S. Navy SEALs - Combined Assault (USA).chd;https://archive.org/download/ps2-redump-usa-chd-part-S/SOCOM - U.S. Navy SEALs - Combined Assault (USA).chd;2.88 GB;JOGO_EXISTE_OUTRO_LINK;Existe no banco (rom_id 377200, source 1): https://huggingface.co/datasets/luisluis123/ps2chd/resolve/main/SOCOM - U.S. Navy SEALs - Combined Assault (USA).chd
ps2_chd.html;SOCOM 3 - U.S. Navy SEALs (USA).chd;https://archive.org/download/ps2-redump-usa-chd-part-S/SOCOM 3 - U.S. Navy SEALs (USA).chd;2.96 GB;JOGO_EXISTE_OUTRO_LINK;Existe no banco (rom_id 377201, source 1): https://huggingface.co/datasets/luisluis123/ps2chd/resolve/main/SOCOM 3 - U.S. Navy SEALs (USA).chd
ps2_chd.html;SOCOM II - U.S. Navy SEALs (USA).chd;https://archive.org/download/ps2-redump-usa-chd-part-S/SOCOM II - U.S. Navy SEALs (USA).chd;3.48 GB;JOGO_EXISTE_OUTRO_LINK;Existe no banco (rom_id 377202, source 1): https://huggingface.co/datasets/luisluis123/ps2chd/resolve/main/SOCOM II - U.S. Navy SEALs (USA).chd
ps2_chd.html;SRS - Street Racing Syndicate (USA) (v1.03).chd;https://archive.org/download/ps2-redump-usa-chd-part-S/SRS - Street Racing Syndicate (USA) (v1.03).chd;1.97 GB;JOGO_EXISTE_OUTRO_LINK;Existe no banco (rom_id 377203, source 1): https://huggingface.co/datasets/luisluis123/ps2chd/resolve/main/SRS - Street Racing Syndicate (USA) (v1.03).chd
ps2_chd.html;SRS - Street Racing Syndicate (USA) (v2.00).chd;https://archive.org/download/ps2-redump-usa-chd-part-S/SRS - Street Racing Syndicate (USA) (v2.00).chd;1.97 GB;JOGO_EXISTE_OUTRO_LINK;Existe no banco (rom_id 377203, source 1): https://huggingface.co/datasets/luisluis123/ps2chd/resolve/main/SRS - Street Racing Syndicate (USA) (v1.03).chd
ps2_chd.html;SSX (USA).chd;https://archive.org/download/ps2-redump-usa-chd-part-S/SSX (USA).chd;458.25 MB;JOGO_EXISTE_OUTRO_LINK;Existe no banco (rom_id 377205, source 1): https://huggingface.co/datasets/luisluis123/ps2chd/resolve/main/SSX (USA).chd
ps2_chd.html;SSX 3 (USA).chd;https://archive.org/download/ps2-redump-usa-chd-part-S/SSX 3 (USA).chd;1.95 GB;JOGO_EXISTE_OUTRO_LINK;Existe no banco (rom_id 377206, source 1): https://huggingface.co/datasets/luisluis123/ps2chd/resolve/main/SSX 3 (USA).chd
ps2_chd.html;SSX On Tour (USA).chd;https://archive.org/download/ps2-redump-usa-chd-part-S/SSX On Tour (USA).chd;1.09 GB;JOGO_EXISTE_OUTRO_LINK;Existe no banco (rom_id 377207, source 1): https://huggingface.co/datasets/luisluis123/ps2chd/resolve/main/SSX On Tour (USA).chd
ps2_chd.html;SSX Tricky (USA).chd;https://archive.org/download/ps2-redump-usa-chd-part-S/SSX Tricky (USA).chd;2.31 GB;JOGO_EXISTE_OUTRO_LINK;Existe no banco (rom_id 377208, source 1): https://huggingface.co/datasets/luisluis123/ps2chd/resolve/main/SSX Tricky (USA).chd
ps2_chd.html;SWAT - Global Strike Team (USA).chd;https://archive.org/download/ps2-redump-usa-chd-part-S/SWAT - Global Strike Team (USA).chd;1.70 GB;JOGO_EXISTE_OUTRO_LINK;Existe no banco (rom_id 377209, source 1): https://huggingface.co/datasets/luisluis123/ps2chd/resolve/main/SWAT - Global Strike Team (USA).chd
ps2_chd.html;Sakura Wars - So Long, My Love (USA) (Disc 1) (English Voice Over).chd;https://archive.org/download/ps2-redump-usa-chd-part-S/Sakura Wars - So Long, My Love (USA) (Disc 1) (English Voice Over).chd;4.76 GB;JOGO_EXISTE_OUTRO_LINK;Existe no banco (rom_id 377210, source 1): https://huggingface.co/datasets/luisluis123/ps2chd/resolve/main/Sakura Wars - So Long, My Love (USA) (Disc 1) (English Voice Over).chd
ps2_chd.html;Sakura Wars - So Long, My Love (USA) (Disc 2) (Japanese Voice Over).chd;https://archive.org/download/ps2-redump-usa-chd-part-S/Sakura Wars - So Long, My Love (USA) (Disc 2) (Japanese Voice Over).chd;4.84 GB;JOGO_EXISTE_OUTRO_LINK;Existe no banco (rom_id 377210, source 1): https://huggingface.co/datasets/luisluis123/ps2chd/resolve/main/Sakura Wars - So Long, My Love (USA) (Disc 1) (English Voice Over).chd
ps2_chd.html;Salt Lake 2002 (USA).chd;https://archive.org/download/ps2-redump-usa-chd-part-S/Salt Lake 2002 (USA).chd;491.49 MB;JOGO_EXISTE_OUTRO_LINK;Existe no banco (rom_id 377212, source 1): https://huggingface.co/datasets/luisluis123/ps2chd/resolve/main/Salt Lake 2002 (USA).chd
ps2_chd.html;Samurai Champloo - Sidetracked (USA).chd;https://archive.org/download/ps2-redump-usa-chd-part-S/Samurai Champloo - Sidetracked (USA).chd;1.80 GB;JOGO_EXISTE_OUTRO_LINK;Existe no banco (rom_id 377213, source 1): https://huggingface.co/datasets/luisluis123/ps2chd/resolve/main/Samurai Champloo - Sidetracked (USA).chd
ps2_chd.html;Samurai Jack - The Shadow of Aku (USA).chd;https://archive.org/download/ps2-redump-usa-chd-part-S/Samurai Jack - The Shadow of Aku (USA).chd;981.00 MB;JOGO_EXISTE_OUTRO_LINK;Existe no banco (rom_id 377214, source 1): https://huggingface.co/datasets/luisluis123/ps2chd/resolve/main/Samurai Jack - The Shadow of Aku (USA).chd
ps2_chd.html;Samurai Shodown Anthology (USA).chd;https://archive.org/download/ps2-redump-usa-chd-part-S/Samurai Shodown Anthology (USA).chd;1.36 GB;JOGO_EXISTE_OUTRO_LINK;Existe no banco (rom_id 377215, source 1): https://huggingface.co/datasets/luisluis123/ps2chd/resolve/main/Samurai Shodown Anthology (USA).chd
ps2_chd.html;Samurai Warriors (USA).chd;https://archive.org/download/ps2-redump-usa-chd-part-S/Samurai Warriors (USA).chd;2.07 GB;JOGO_EXISTE_OUTRO_LINK;Existe no banco (rom_id 377216, source 1): https://huggingface.co/datasets/luisluis123/ps2chd/resolve/main/Samurai Warriors (USA).chd
ps2_chd.html;Samurai Warriors - Xtreme Legends (USA).chd;https://archive.org/download/ps2-redump-usa-chd-part-S/Samurai Warriors - Xtreme Legends (USA).chd;3.33 GB;JOGO_EXISTE_OUTRO_LINK;Existe no banco (rom_id 377217, source 1): https://huggingface.co/datasets/luisluis123/ps2chd/resolve/main/Samurai Warriors - Xtreme Legends (USA).chd
ps2_chd.html;Samurai Warriors 2 (USA).chd;https://archive.org/download/ps2-redump-usa-chd-part-S/Samurai Warriors 2 (USA).chd;3.46 GB;JOGO_EXISTE_OUTRO_LINK;Existe no banco (rom_id 377218, source 1): https://huggingface.co/datasets/luisluis123/ps2chd/resolve/main/Samurai Warriors 2 (USA).chd
ps2_chd.html;Samurai Warriors 2 - Empires (USA).chd;https://archive.org/download/ps2-redump-usa-chd-part-S/Samurai Warriors 2 - Empires (USA).chd;1.51 GB;JOGO_EXISTE_OUTRO_LINK;Existe no banco (rom_id 377219, source 1): https://huggingface.co/datasets/luisluis123/ps2chd/resolve/main/Samurai Warriors 2 - Empires (USA).chd
ps2_chd.html;Samurai Warriors 2 - Xtreme Legends (USA).chd;https://archive.org/download/ps2-redump-usa-chd-part-S/Samurai Warriors 2 - Xtreme Legends (USA).chd;4.64 GB;JOGO_EXISTE_OUTRO_LINK;Existe no banco (rom_id 377220, source 1): https://huggingface.co/datasets/luisluis123/ps2chd/resolve/main/Samurai Warriors 2 - Xtreme Legends (USA).chd
ps2_chd.html;Samurai Western (USA).chd;https://archive.org/download/ps2-redump-usa-chd-part-S/Samurai Western (USA).chd;672.54 MB;JOGO_EXISTE_OUTRO_LINK;Existe no banco (rom_id 377221, source 1): https://huggingface.co/datasets/luisluis123/ps2chd/resolve/main/Samurai Western (USA).chd
ps2_chd.html;Saturday Night Speedway (USA).chd;https://archive.org/download/ps2-redump-usa-chd-part-S/Saturday Night Speedway (USA).chd;255.20 MB;JOGO_EXISTE_OUTRO_LINK;Existe no banco (rom_id 377222, source 1): https://huggingface.co/datasets/luisluis123/ps2chd/resolve/main/Saturday Night Speedway (USA).chd
ps2_chd.html;Savage Skies (USA).chd;https://archive.org/download/ps2-redump-usa-chd-part-S/Savage Skies (USA).chd;1.23 GB;JOGO_EXISTE_OUTRO_LINK;Existe no banco (rom_id 377223, source 1): https://huggingface.co/datasets/luisluis123/ps2chd/resolve/main/Savage Skies (USA).chd
ps2_chd.html;Scaler (USA) (En,Fr).chd;https://archive.org/download/ps2-redump-usa-chd-part-S/Scaler (USA) (En,Fr).chd;786.82 MB;JOGO_EXISTE_OUTRO_LINK;Existe no banco (rom_id 377224, source 1): https://huggingface.co/datasets/luisluis123/ps2chd/resolve/main/Scaler (USA) (En,Fr).chd
ps2_chd.html;Scarface - The World Is Yours (USA).chd;https://archive.org/download/ps2-redump-usa-chd-part-S/Scarface - The World Is Yours (USA).chd;2.59 GB;JOGO_EXISTE_OUTRO_LINK;Existe no banco (rom_id 377225, source 1): https://huggingface.co/datasets/luisluis123/ps2chd/resolve/main/Scarface - The World Is Yours (USA).chd
ps2_chd.html;Scooby-Doo! First Frights (USA) (En,Fr,Es).chd;https://archive.org/download/ps2-redump-usa-chd-part-S/Scooby-Doo! First Frights (USA) (En,Fr,Es).chd;1.16 GB;JOGO_EXISTE_OUTRO_LINK;Existe no banco (rom_id 377226, source 1): https://huggingface.co/datasets/luisluis123/ps2chd/resolve/main/Scooby-Doo! First Frights (USA) (En,Fr,Es).chd
ps2_chd.html;Scooby-Doo! Mystery Mayhem (USA) (En,Fr).chd;https://archive.org/download/ps2-redump-usa-chd-part-S/Scooby-Doo! Mystery Mayhem (USA) (En,Fr).chd;2.41 GB;JOGO_EXISTE_OUTRO_LINK;Existe no banco (rom_id 377227, source 1): https://huggingface.co/datasets/luisluis123/ps2chd/resolve/main/Scooby-Doo! Mystery Mayhem (USA) (En,Fr).chd
ps2_chd.html;Scooby-Doo! Night of 100 Frights (USA).chd;https://archive.org/download/ps2-redump-usa-chd-part-S/Scooby-Doo! Night of 100 Frights (USA).chd;1.92 GB;JOGO_EXISTE_OUTRO_LINK;Existe no banco (rom_id 377228, source 1): https://huggingface.co/datasets/luisluis123/ps2chd/resolve/main/Scooby-Doo! Night of 100 Frights (USA).chd
ps2_chd.html;Scooby-Doo! Unmasked (USA) (En,Fr).chd;https://archive.org/download/ps2-redump-usa-chd-part-S/Scooby-Doo! Unmasked (USA) (En,Fr).chd;438.28 MB;JOGO_EXISTE_OUTRO_LINK;Existe no banco (rom_id 377229, source 1): https://huggingface.co/datasets/luisluis123/ps2chd/resolve/main/Scooby-Doo! Unmasked (USA) (En,Fr).chd
ps2_chd.html;Scooby-Doo! and the Spooky Swamp (USA) (En,Fr,Es).chd;https://archive.org/download/ps2-redump-usa-chd-part-S/Scooby-Doo! and the Spooky Swamp (USA) (En,Fr,Es).chd;618.77 MB;JOGO_EXISTE_OUTRO_LINK;Existe no banco (rom_id 377230, source 1): https://huggingface.co/datasets/luisluis123/ps2chd/resolve/main/Scooby-Doo! and the Spooky Swamp (USA) (En,Fr,Es).chd
ps2_chd.html;Score International Baja 1000 - The Official Game (USA).chd;https://archive.org/download/ps2-redump-usa-chd-part-S/Score International Baja 1000 - The Official Game (USA).chd;1.45 GB;JOGO_EXISTE_OUTRO_LINK;Existe no banco (rom_id 377231, source 1): https://huggingface.co/datasets/luisluis123/ps2chd/resolve/main/Score International Baja 1000 - The Official Game (USA).chd
ps2_chd.html;Scorpion King, The - Rise of the Akkadian (USA).chd;https://archive.org/download/ps2-redump-usa-chd-part-S/Scorpion King, The - Rise of the Akkadian (USA).chd;833.47 MB;JOGO_EXISTE_OUTRO_LINK;Existe no banco (rom_id 377232, source 1): https://huggingface.co/datasets/luisluis123/ps2chd/resolve/main/Scorpion King, The - Rise of the Akkadian (USA).chd
ps2_chd.html;Sea Monsters - A Prehistoric Adventure (USA).chd;https://archive.org/download/ps2-redump-usa-chd-part-S/Sea Monsters - A Prehistoric Adventure (USA).chd;267.95 MB;JOGO_EXISTE_OUTRO_LINK;Existe no banco (rom_id 377233, source 1): https://huggingface.co/datasets/luisluis123/ps2chd/resolve/main/Sea Monsters - A Prehistoric Adventure (USA).chd
ps2_chd.html;SeaWorld Adventure Parks - Shamu's Deep Sea Adventures (USA).chd;https://archive.org/download/ps2-redump-usa-chd-part-S/SeaWorld Adventure Parks - Shamu's Deep Sea Adventures (USA).chd;813.09 MB;JOGO_EXISTE_OUTRO_LINK;Existe no banco (rom_id 377234, source 1): https://huggingface.co/datasets/luisluis123/ps2chd/resolve/main/SeaWorld Adventure Parks - Shamu's Deep Sea Adventures (USA).chd
ps2_chd.html;Second Sight (USA).chd;https://archive.org/download/ps2-redump-usa-chd-part-S/Second Sight (USA).chd;787.28 MB;JOGO_EXISTE_OUTRO_LINK;Existe no banco (rom_id 377235, source 1): https://huggingface.co/datasets/luisluis123/ps2chd/resolve/main/Second Sight (USA).chd
ps2_chd.html;Secret Agent Clank (USA) (En,Fr,De,Es,It).chd;https://archive.org/download/ps2-redump-usa-chd-part-S/Secret Agent Clank (USA) (En,Fr,De,Es,It).chd;3.44 GB;JOGO_EXISTE_OUTRO_LINK;Existe no banco (rom_id 377236, source 1): https://huggingface.co/datasets/luisluis123/ps2chd/resolve/main/Secret Agent Clank (USA) (En,Fr,De,Es,It).chd
ps2_chd.html;Secret Saturdays, The - Beasts of the 5th Sun (USA) (En,Fr,De,Es,It).chd;https://archive.org/download/ps2-redump-usa-chd-part-S/Secret Saturdays, The - Beasts of the 5th Sun (USA) (En,Fr,De,Es,It).chd;1.21 GB;JOGO_EXISTE_OUTRO_LINK;Existe no banco (rom_id 377237, source 1): https://huggingface.co/datasets/luisluis123/ps2chd/resolve/main/Secret Saturdays, The - Beasts of the 5th Sun (USA) (En,Fr,De,Es,It).chd
ps2_chd.html;Secret Service (USA).chd;https://archive.org/download/ps2-redump-usa-chd-part-S/Secret Service (USA).chd;846.31 MB;JOGO_EXISTE_OUTRO_LINK;Existe no banco (rom_id 377238, source 1): https://huggingface.co/datasets/luisluis123/ps2chd/resolve/main/Secret Service (USA).chd
ps2_chd.html;Secret Weapons over Normandy (USA).chd;https://archive.org/download/ps2-redump-usa-chd-part-S/Secret Weapons over Normandy (USA).chd;3.17 GB;JOGO_EXISTE_OUTRO_LINK;Existe no banco (rom_id 377239, source 1): https://huggingface.co/datasets/luisluis123/ps2chd/resolve/main/Secret Weapons over Normandy (USA).chd
ps2_chd.html;Seek and Destroy (USA).chd;https://archive.org/download/ps2-redump-usa-chd-part-S/Seek and Destroy (USA).chd;625.33 MB;JOGO_EXISTE_OUTRO_LINK;Existe no banco (rom_id 377240, source 1): https://huggingface.co/datasets/luisluis123/ps2chd/resolve/main/Seek and Destroy (USA).chd
ps2_chd.html;Sega Bass Fishing Duel (USA).chd;https://archive.org/download/ps2-redump-usa-chd-part-S/Sega Bass Fishing Duel (USA).chd;312.05 MB;JOGO_EXISTE_OUTRO_LINK;Existe no banco (rom_id 377241, source 1): https://huggingface.co/datasets/luisluis123/ps2chd/resolve/main/Sega Bass Fishing Duel (USA).chd
ps2_chd.html;Sega Classics Collection (USA).chd;https://archive.org/download/ps2-redump-usa-chd-part-S/Sega Classics Collection (USA).chd;900.52 MB;JOGO_EXISTE_OUTRO_LINK;Existe no banco (rom_id 377242, source 1): https://huggingface.co/datasets/luisluis123/ps2chd/resolve/main/Sega Classics Collection (USA).chd
ps2_chd.html;Sega Genesis Collection (USA).chd;https://archive.org/download/ps2-redump-usa-chd-part-S/Sega Genesis Collection (USA).chd;2.52 GB;JOGO_EXISTE_OUTRO_LINK;Existe no banco (rom_id 377243, source 1): https://huggingface.co/datasets/luisluis123/ps2chd/resolve/main/Sega Genesis Collection (USA).chd
ps2_chd.html;Sega Soccer Slam (USA).chd;https://archive.org/download/ps2-redump-usa-chd-part-S/Sega Soccer Slam (USA).chd;827.87 MB;JOGO_EXISTE_OUTRO_LINK;Existe no banco (rom_id 377244, source 1): https://huggingface.co/datasets/luisluis123/ps2chd/resolve/main/Sega Soccer Slam (USA).chd
ps2_chd.html;Sega Sports Tennis (USA).chd;https://archive.org/download/ps2-redump-usa-chd-part-S/Sega Sports Tennis (USA).chd;168.85 MB;JOGO_EXISTE_OUTRO_LINK;Existe no banco (rom_id 377245, source 1): https://huggingface.co/datasets/luisluis123/ps2chd/resolve/main/Sega Sports Tennis (USA).chd
ps2_chd.html;Sega Superstars (USA).chd;https://archive.org/download/ps2-redump-usa-chd-part-S/Sega Superstars (USA).chd;410.07 MB;JOGO_EXISTE_OUTRO_LINK;Existe no banco (rom_id 377246, source 1): https://huggingface.co/datasets/luisluis123/ps2chd/resolve/main/Sega Superstars (USA).chd
ps2_chd.html;Sega Superstars Tennis (USA) (En,Fr,De,Es,It).chd;https://archive.org/download/ps2-redump-usa-chd-part-S/Sega Superstars Tennis (USA) (En,Fr,De,Es,It).chd;749.90 MB;JOGO_EXISTE_OUTRO_LINK;Existe no banco (rom_id 377247, source 1): https://huggingface.co/datasets/luisluis123/ps2chd/resolve/main/Sega Superstars Tennis (USA) (En,Fr,De,Es,It).chd
ps2_chd.html;Serious Sam - Next Encounter (USA).chd;https://archive.org/download/ps2-redump-usa-chd-part-S/Serious Sam - Next Encounter (USA).chd;755.94 MB;JOGO_EXISTE_OUTRO_LINK;Existe no banco (rom_id 377248, source 1): https://huggingface.co/datasets/luisluis123/ps2chd/resolve/main/Serious Sam - Next Encounter (USA).chd
ps2_chd.html;Seven Samurai 20XX (USA).chd;https://archive.org/download/ps2-redump-usa-chd-part-S/Seven Samurai 20XX (USA).chd;2.55 GB;JOGO_EXISTE_OUTRO_LINK;Existe no banco (rom_id 377249, source 1): https://huggingface.co/datasets/luisluis123/ps2chd/resolve/main/Seven Samurai 20XX (USA).chd
ps2_chd.html;Shadow Hearts (USA).chd;https://archive.org/download/ps2-redump-usa-chd-part-S/Shadow Hearts (USA).chd;2.08 GB;JOGO_EXISTE_OUTRO_LINK;Existe no banco (rom_id 377250, source 1): https://huggingface.co/datasets/luisluis123/ps2chd/resolve/main/Shadow Hearts (USA).chd
ps2_chd.html;Shadow Hearts - Covenant (USA) (Disc 1).chd;https://archive.org/download/ps2-redump-usa-chd-part-S/Shadow Hearts - Covenant (USA) (Disc 1).chd;2.08 GB;JOGO_EXISTE_OUTRO_LINK;Existe no banco (rom_id 377251, source 1): https://huggingface.co/datasets/luisluis123/ps2chd/resolve/main/Shadow Hearts - Covenant (USA) (Disc 1).chd
ps2_chd.html;Shadow Hearts - Covenant (USA) (Disc 2).chd;https://archive.org/download/ps2-redump-usa-chd-part-S/Shadow Hearts - Covenant (USA) (Disc 2).chd;2.68 GB;JOGO_EXISTE_OUTRO_LINK;Existe no banco (rom_id 377251, source 1): https://huggingface.co/datasets/luisluis123/ps2chd/resolve/main/Shadow Hearts - Covenant (USA) (Disc 1).chd
ps2_chd.html;Shadow Hearts - From the New World (USA).chd;https://archive.org/download/ps2-redump-usa-chd-part-S/Shadow Hearts - From the New World (USA).chd;3.42 GB;JOGO_EXISTE_OUTRO_LINK;Existe no banco (rom_id 377253, source 1): https://huggingface.co/datasets/luisluis123/ps2chd/resolve/main/Shadow Hearts - From the New World (USA).chd
ps2_chd.html;Shadow Man - 2econd Coming (USA).chd;https://archive.org/download/ps2-redump-usa-chd-part-S/Shadow Man - 2econd Coming (USA).chd;351.87 MB;JOGO_EXISTE_OUTRO_LINK;Existe no banco (rom_id 377254, source 1): https://huggingface.co/datasets/luisluis123/ps2chd/resolve/main/Shadow Man - 2econd Coming (USA).chd
ps2_chd.html;Shadow of Destiny (USA).chd;https://archive.org/download/ps2-redump-usa-chd-part-S/Shadow of Destiny (USA).chd;1.74 GB;JOGO_EXISTE_OUTRO_LINK;Existe no banco (rom_id 377255, source 1): https://huggingface.co/datasets/luisluis123/ps2chd/resolve/main/Shadow of Destiny (USA).chd
ps2_chd.html;Shadow of Rome (USA).chd;https://archive.org/download/ps2-redump-usa-chd-part-S/Shadow of Rome (USA).chd;4.13 GB;JOGO_EXISTE_OUTRO_LINK;Existe no banco (rom_id 377256, source 1): https://huggingface.co/datasets/luisluis123/ps2chd/resolve/main/Shadow of Rome (USA).chd
ps2_chd.html;Shadow of the Colossus (USA).chd;https://archive.org/download/ps2-redump-usa-chd-part-S/Shadow of the Colossus (USA).chd;1.03 GB;JOGO_EXISTE_OUTRO_LINK;Existe no banco (rom_id 377257, source 1): https://huggingface.co/datasets/luisluis123/ps2chd/resolve/main/Shadow of the Colossus (USA).chd
ps2_chd.html;Shadow the Hedgehog (USA) (En,Ja,Fr,De,Es,It).chd;https://archive.org/download/ps2-redump-usa-chd-part-S/Shadow the Hedgehog (USA) (En,Ja,Fr,De,Es,It).chd;1.66 GB;JOGO_EXISTE_OUTRO_LINK;Existe no banco (rom_id 377258, source 1): https://huggingface.co/datasets/luisluis123/ps2chd/resolve/main/Shadow the Hedgehog (USA) (En,Ja,Fr,De,Es,It).chd
ps2_chd.html;Shaun Palmer's Pro Snowboarder (USA).chd;https://archive.org/download/ps2-redump-usa-chd-part-S/Shaun Palmer's Pro Snowboarder (USA).chd;2.12 GB;JOGO_EXISTE_OUTRO_LINK;Existe no banco (rom_id 377259, source 1): https://huggingface.co/datasets/luisluis123/ps2chd/resolve/main/Shaun Palmer's Pro Snowboarder (USA).chd
ps2_chd.html;Shaun White Snowboarding (USA).chd;https://archive.org/download/ps2-redump-usa-chd-part-S/Shaun White Snowboarding (USA).chd;1023.24 MB;JOGO_EXISTE_OUTRO_LINK;Existe no banco (rom_id 377260, source 1): https://huggingface.co/datasets/luisluis123/ps2chd/resolve/main/Shaun White Snowboarding (USA).chd
ps2_chd.html;ShellShock - Nam '67 (USA).chd;https://archive.org/download/ps2-redump-usa-chd-part-S/ShellShock - Nam '67 (USA).chd;2.03 GB;JOGO_EXISTE_OUTRO_LINK;Existe no banco (rom_id 377261, source 1): https://huggingface.co/datasets/luisluis123/ps2chd/resolve/main/ShellShock - Nam '67 (USA).chd
ps2_chd.html;Shepherd's Crossing (USA).chd;https://archive.org/download/ps2-redump-usa-chd-part-S/Shepherd's Crossing (USA).chd;546.21 MB;JOGO_EXISTE_OUTRO_LINK;Existe no banco (rom_id 377262, source 1): https://huggingface.co/datasets/luisluis123/ps2chd/resolve/main/Shepherd's Crossing (USA).chd
ps2_chd.html;Shield, The - The Game (USA).chd;https://archive.org/download/ps2-redump-usa-chd-part-S/Shield, The - The Game (USA).chd;1.14 GB;JOGO_EXISTE_OUTRO_LINK;Existe no banco (rom_id 377263, source 1): https://huggingface.co/datasets/luisluis123/ps2chd/resolve/main/Shield, The - The Game (USA).chd
ps2_chd.html;Shifters (USA).chd;https://archive.org/download/ps2-redump-usa-chd-part-S/Shifters (USA).chd;579.94 MB;JOGO_EXISTE_OUTRO_LINK;Existe no banco (rom_id 377264, source 1): https://huggingface.co/datasets/luisluis123/ps2chd/resolve/main/Shifters (USA).chd
ps2_chd.html;Shin Megami Tensei - Devil Summoner - Raidou Kuzunoha vs. the Soulless Army (USA).chd;https://archive.org/download/ps2-redump-usa-chd-part-S/Shin Megami Tensei - Devil Summoner - Raidou Kuzunoha vs. the Soulless Army (USA).chd;2.30 GB;JOGO_EXISTE_OUTRO_LINK;Existe no banco (rom_id 377265, source 1): https://huggingface.co/datasets/luisluis123/ps2chd/resolve/main/Shin Megami Tensei - Devil Summoner - Raidou Kuzunoha vs. the Soulless Army (USA).chd
ps2_chd.html;Shin Megami Tensei - Devil Summoner 2 - Raidou Kuzunoha vs. King Abaddon (USA).chd;https://archive.org/download/ps2-redump-usa-chd-part-S/Shin Megami Tensei - Devil Summoner 2 - Raidou Kuzunoha vs. King Abaddon (USA).chd;2.76 GB;JOGO_EXISTE_OUTRO_LINK;Existe no banco (rom_id 377266, source 1): https://huggingface.co/datasets/luisluis123/ps2chd/resolve/main/Shin Megami Tensei - Devil Summoner 2 - Raidou Kuzunoha vs. King Abaddon (USA).chd
ps2_chd.html;Shin Megami Tensei - Digital Devil Saga (USA).chd;https://archive.org/download/ps2-redump-usa-chd-part-S/Shin Megami Tensei - Digital Devil Saga (USA).chd;3.46 GB;JOGO_EXISTE_OUTRO_LINK;Existe no banco (rom_id 377267, source 1): https://huggingface.co/datasets/luisluis123/ps2chd/resolve/main/Shin Megami Tensei - Digital Devil Saga (USA).chd
ps2_chd.html;Shin Megami Tensei - Digital Devil Saga 2 (USA).chd;https://archive.org/download/ps2-redump-usa-chd-part-S/Shin Megami Tensei - Digital Devil Saga 2 (USA).chd;3.62 GB;JOGO_EXISTE_OUTRO_LINK;Existe no banco (rom_id 377268, source 1): https://huggingface.co/datasets/luisluis123/ps2chd/resolve/main/Shin Megami Tensei - Digital Devil Saga 2 (USA).chd
ps2_chd.html;Shin Megami Tensei - Nocturne (USA).chd;https://archive.org/download/ps2-redump-usa-chd-part-S/Shin Megami Tensei - Nocturne (USA).chd;2.04 GB;JOGO_EXISTE_OUTRO_LINK;Existe no banco (rom_id 377269, source 1): https://huggingface.co/datasets/luisluis123/ps2chd/resolve/main/Shin Megami Tensei - Nocturne (USA).chd
ps2_chd.html;Shin Megami Tensei - Persona 3 (USA).chd;https://archive.org/download/ps2-redump-usa-chd-part-S/Shin Megami Tensei - Persona 3 (USA).chd;2.91 GB;JOGO_EXISTE_OUTRO_LINK;Existe no banco (rom_id 377270, source 1): https://huggingface.co/datasets/luisluis123/ps2chd/resolve/main/Shin Megami Tensei - Persona 3 (USA).chd
ps2_chd.html;Shin Megami Tensei - Persona 3 FES (USA).chd;https://archive.org/download/ps2-redump-usa-chd-part-S/Shin Megami Tensei - Persona 3 FES (USA).chd;2.93 GB;JOGO_EXISTE_OUTRO_LINK;Existe no banco (rom_id 377271, source 1): https://huggingface.co/datasets/luisluis123/ps2chd/resolve/main/Shin Megami Tensei - Persona 3 FES (USA).chd
ps2_chd.html;Shin Megami Tensei - Persona 4 (USA).chd;https://archive.org/download/ps2-redump-usa-chd-part-S/Shin Megami Tensei - Persona 4 (USA).chd;2.45 GB;JOGO_EXISTE_OUTRO_LINK;Existe no banco (rom_id 377272, source 1): https://huggingface.co/datasets/luisluis123/ps2chd/resolve/main/Shin Megami Tensei - Persona 4 (USA).chd
ps2_chd.html;Shining Force EXA (USA).chd;https://archive.org/download/ps2-redump-usa-chd-part-S/Shining Force EXA (USA).chd;2.16 GB;JOGO_EXISTE_OUTRO_LINK;Existe no banco (rom_id 377273, source 1): https://huggingface.co/datasets/luisluis123/ps2chd/resolve/main/Shining Force EXA (USA).chd
ps2_chd.html;Shining Force Neo (USA).chd;https://archive.org/download/ps2-redump-usa-chd-part-S/Shining Force Neo (USA).chd;1.96 GB;JOGO_EXISTE_OUTRO_LINK;Existe no banco (rom_id 377274, source 1): https://huggingface.co/datasets/luisluis123/ps2chd/resolve/main/Shining Force Neo (USA).chd
ps2_chd.html;Shining Tears (USA).chd;https://archive.org/download/ps2-redump-usa-chd-part-S/Shining Tears (USA).chd;1.22 GB;JOGO_EXISTE_OUTRO_LINK;Existe no banco (rom_id 377275, source 1): https://huggingface.co/datasets/luisluis123/ps2chd/resolve/main/Shining Tears (USA).chd
ps2_chd.html;Shinobi (USA) (En,Ja).chd;https://archive.org/download/ps2-redump-usa-chd-part-S/Shinobi (USA) (En,Ja).chd;1007.82 MB;JOGO_EXISTE_OUTRO_LINK;Existe no banco (rom_id 377276, source 1): https://huggingface.co/datasets/luisluis123/ps2chd/resolve/main/Shinobi (USA) (En,Ja).chd
ps2_chd.html;Shonen Jump's One Piece - Grand Adventure (USA).chd;https://archive.org/download/ps2-redump-usa-chd-part-S/Shonen Jump's One Piece - Grand Adventure (USA).chd;803.06 MB;JOGO_EXISTE_OUTRO_LINK;Existe no banco (rom_id 377277, source 1): https://huggingface.co/datasets/luisluis123/ps2chd/resolve/main/Shonen Jump's One Piece - Grand Adventure (USA).chd
ps2_chd.html;Shonen Jump's One Piece - Grand Battle (USA).chd;https://archive.org/download/ps2-redump-usa-chd-part-S/Shonen Jump's One Piece - Grand Battle (USA).chd;984.93 MB;JOGO_EXISTE_OUTRO_LINK;Existe no banco (rom_id 377278, source 1): https://huggingface.co/datasets/luisluis123/ps2chd/resolve/main/Shonen Jump's One Piece - Grand Battle (USA).chd
ps2_chd.html;Shonen Jump's One Piece - Pirates' Carnival (USA).chd;https://archive.org/download/ps2-redump-usa-chd-part-S/Shonen Jump's One Piece - Pirates' Carnival (USA).chd;1.58 GB;JOGO_EXISTE_OUTRO_LINK;Existe no banco (rom_id 377279, source 1): https://huggingface.co/datasets/luisluis123/ps2chd/resolve/main/Shonen Jump's One Piece - Pirates' Carnival (USA).chd
ps2_chd.html;Shonen Jump's Shaman King - Power of Spirit (USA).chd;https://archive.org/download/ps2-redump-usa-chd-part-S/Shonen Jump's Shaman King - Power of Spirit (USA).chd;693.07 MB;JOGO_EXISTE_OUTRO_LINK;Existe no banco (rom_id 377280, source 1): https://huggingface.co/datasets/luisluis123/ps2chd/resolve/main/Shonen Jump's Shaman King - Power of Spirit (USA).chd
ps2_chd.html;Short Track Racing - Trading Paint (USA).chd;https://archive.org/download/ps2-redump-usa-chd-part-S/Short Track Racing - Trading Paint (USA).chd;165.95 MB;JOGO_EXISTE_OUTRO_LINK;Existe no banco (rom_id 377281, source 1): https://huggingface.co/datasets/luisluis123/ps2chd/resolve/main/Short Track Racing - Trading Paint (USA).chd
ps2_chd.html;Showdown - Legends of Wrestling (USA).chd;https://archive.org/download/ps2-redump-usa-chd-part-S/Showdown - Legends of Wrestling (USA).chd;2.51 GB;JOGO_EXISTE_OUTRO_LINK;Existe no banco (rom_id 377282, source 1): https://huggingface.co/datasets/luisluis123/ps2chd/resolve/main/Showdown - Legends of Wrestling (USA).chd
ps2_chd.html;Shox (USA) (En,Fr,Es).chd;https://archive.org/download/ps2-redump-usa-chd-part-S/Shox (USA) (En,Fr,Es).chd;204.14 MB;JOGO_EXISTE_OUTRO_LINK;Existe no banco (rom_id 377283, source 1): https://huggingface.co/datasets/luisluis123/ps2chd/resolve/main/Shox (USA) (En,Fr,Es).chd
ps2_chd.html;Shrek 2 (USA).chd;https://archive.org/download/ps2-redump-usa-chd-part-S/Shrek 2 (USA).chd;731.23 MB;JOGO_EXISTE_OUTRO_LINK;Existe no banco (rom_id 377284, source 1): https://huggingface.co/datasets/luisluis123/ps2chd/resolve/main/Shrek 2 (USA).chd
ps2_chd.html;Shrek Super Party (USA).chd;https://archive.org/download/ps2-redump-usa-chd-part-S/Shrek Super Party (USA).chd;266.50 MB;JOGO_EXISTE_OUTRO_LINK;Existe no banco (rom_id 377285, source 1): https://huggingface.co/datasets/luisluis123/ps2chd/resolve/main/Shrek Super Party (USA).chd
ps2_chd.html;Silent Hill - Shattered Memories (USA) (En,Fr,Es).chd;https://archive.org/download/ps2-redump-usa-chd-part-S/Silent Hill - Shattered Memories (USA) (En,Fr,Es).chd;1.08 GB;JOGO_EXISTE_OUTRO_LINK;Existe no banco (rom_id 377286, source 1): https://huggingface.co/datasets/luisluis123/ps2chd/resolve/main/Silent Hill - Shattered Memories (USA) (En,Fr,Es).chd
ps2_chd.html;Silent Hill 2 (USA) (En,Ja) (v1.20).chd;https://archive.org/download/ps2-redump-usa-chd-part-S/Silent Hill 2 (USA) (En,Ja) (v1.20).chd;2.03 GB;JOGO_EXISTE_OUTRO_LINK;Existe no banco (rom_id 377287, source 1): https://huggingface.co/datasets/luisluis123/ps2chd/resolve/main/Silent Hill 2 (USA) (En,Ja) (v1.20).chd
ps2_chd.html;Silent Hill 2 (USA) (En,Ja,Fr,De,Es,It) (v2.01).chd;https://archive.org/download/ps2-redump-usa-chd-part-S/Silent Hill 2 (USA) (En,Ja,Fr,De,Es,It) (v2.01).chd;2.21 GB;JOGO_EXISTE_OUTRO_LINK;Existe no banco (rom_id 377287, source 1): https://huggingface.co/datasets/luisluis123/ps2chd/resolve/main/Silent Hill 2 (USA) (En,Ja) (v1.20).chd
ps2_chd.html;Silent Hill 3 (USA) (En,Ja,Fr,De,Es,It,Ko).chd;https://archive.org/download/ps2-redump-usa-chd-part-S/Silent Hill 3 (USA) (En,Ja,Fr,De,Es,It,Ko).chd;2.04 GB;JOGO_EXISTE_OUTRO_LINK;Existe no banco (rom_id 377289, source 1): https://huggingface.co/datasets/luisluis123/ps2chd/resolve/main/Silent Hill 3 (USA) (En,Ja,Fr,De,Es,It,Ko).chd
ps2_chd.html;Silent Hill 4 - The Room (USA) (En,Ja).chd;https://archive.org/download/ps2-redump-usa-chd-part-S/Silent Hill 4 - The Room (USA) (En,Ja).chd;2.18 GB;JOGO_EXISTE_OUTRO_LINK;Existe no banco (rom_id 377290, source 1): https://huggingface.co/datasets/luisluis123/ps2chd/resolve/main/Silent Hill 4 - The Room (USA) (En,Ja).chd
ps2_chd.html;Silent Hill Origins (USA) (En,Fr,De,Es,It).chd;https://archive.org/download/ps2-redump-usa-chd-part-S/Silent Hill Origins (USA) (En,Fr,De,Es,It).chd;2.55 GB;JOGO_EXISTE_OUTRO_LINK;Existe no banco (rom_id 377291, source 1): https://huggingface.co/datasets/luisluis123/ps2chd/resolve/main/Silent Hill Origins (USA) (En,Fr,De,Es,It).chd
ps2_chd.html;Silent Line - Armored Core (USA).chd;https://archive.org/download/ps2-redump-usa-chd-part-S/Silent Line - Armored Core (USA).chd;1.02 GB;JOGO_EXISTE_OUTRO_LINK;Existe no banco (rom_id 377292, source 1): https://huggingface.co/datasets/luisluis123/ps2chd/resolve/main/Silent Line - Armored Core (USA).chd
ps2_chd.html;Silent Scope (USA).chd;https://archive.org/download/ps2-redump-usa-chd-part-S/Silent Scope (USA).chd;135.96 MB;JOGO_EXISTE_OUTRO_LINK;Existe no banco (rom_id 377293, source 1): https://huggingface.co/datasets/luisluis123/ps2chd/resolve/main/Silent Scope (USA).chd
ps2_chd.html;Silent Scope 2 - Dark Silhouette (USA) (En,Ja,Es).chd;https://archive.org/download/ps2-redump-usa-chd-part-S/Silent Scope 2 - Dark Silhouette (USA) (En,Ja,Es).chd;95.98 MB;JOGO_EXISTE_OUTRO_LINK;Existe no banco (rom_id 377294, source 1): https://huggingface.co/datasets/luisluis123/ps2chd/resolve/main/Silent Scope 2 - Dark Silhouette (USA) (En,Ja,Es).chd
ps2_chd.html;Silent Scope 3 (USA) (En,Ja,Es).chd;https://archive.org/download/ps2-redump-usa-chd-part-S/Silent Scope 3 (USA) (En,Ja,Es).chd;170.29 MB;JOGO_EXISTE_OUTRO_LINK;Existe no banco (rom_id 377295, source 1): https://huggingface.co/datasets/luisluis123/ps2chd/resolve/main/Silent Scope 3 (USA) (En,Ja,Es).chd
ps2_chd.html;Silpheed - The Lost Planet (USA).chd;https://archive.org/download/ps2-redump-usa-chd-part-S/Silpheed - The Lost Planet (USA).chd;450.88 MB;JOGO_EXISTE_OUTRO_LINK;Existe no banco (rom_id 377296, source 1): https://huggingface.co/datasets/luisluis123/ps2chd/resolve/main/Silpheed - The Lost Planet (USA).chd
ps2_chd.html;Simpsons Game, The (USA).chd;https://archive.org/download/ps2-redump-usa-chd-part-S/Simpsons Game, The (USA).chd;2.92 GB;JOGO_EXISTE_OUTRO_LINK;Existe no banco (rom_id 377297, source 1): https://huggingface.co/datasets/luisluis123/ps2chd/resolve/main/Simpsons Game, The (USA).chd
ps2_chd.html;Simpsons Skateboarding, The (USA).chd;https://archive.org/download/ps2-redump-usa-chd-part-S/Simpsons Skateboarding, The (USA).chd;499.97 MB;JOGO_EXISTE_OUTRO_LINK;Existe no banco (rom_id 377298, source 1): https://huggingface.co/datasets/luisluis123/ps2chd/resolve/main/Simpsons Skateboarding, The (USA).chd
ps2_chd.html;Simpsons, The - Hit & Run (USA).chd;https://archive.org/download/ps2-redump-usa-chd-part-S/Simpsons, The - Hit & Run (USA).chd;839.95 MB;JOGO_EXISTE_OUTRO_LINK;Existe no banco (rom_id 377299, source 1): https://huggingface.co/datasets/luisluis123/ps2chd/resolve/main/Simpsons, The - Hit & Run (USA).chd
ps2_chd.html;Simpsons, The - Road Rage (USA).chd;https://archive.org/download/ps2-redump-usa-chd-part-S/Simpsons, The - Road Rage (USA).chd;249.98 MB;JOGO_EXISTE_OUTRO_LINK;Existe no banco (rom_id 377300, source 1): https://huggingface.co/datasets/luisluis123/ps2chd/resolve/main/Simpsons, The - Road Rage (USA).chd
ps2_chd.html;Sims 2, The (USA).chd;https://archive.org/download/ps2-redump-usa-chd-part-S/Sims 2, The (USA).chd;890.80 MB;JOGO_EXISTE_OUTRO_LINK;Existe no banco (rom_id 377301, source 1): https://huggingface.co/datasets/luisluis123/ps2chd/resolve/main/Sims 2, The (USA).chd
ps2_chd.html;Sims 2, The - Castaway (USA).chd;https://archive.org/download/ps2-redump-usa-chd-part-S/Sims 2, The - Castaway (USA).chd;1.07 GB;JOGO_EXISTE_OUTRO_LINK;Existe no banco (rom_id 377302, source 1): https://huggingface.co/datasets/luisluis123/ps2chd/resolve/main/Sims 2, The - Castaway (USA).chd
ps2_chd.html;Sims 2, The - Pets (USA).chd;https://archive.org/download/ps2-redump-usa-chd-part-S/Sims 2, The - Pets (USA).chd;608.89 MB;JOGO_EXISTE_OUTRO_LINK;Existe no banco (rom_id 377303, source 1): https://huggingface.co/datasets/luisluis123/ps2chd/resolve/main/Sims 2, The - Pets (USA).chd
ps2_chd.html;Sims, The (USA).chd;https://archive.org/download/ps2-redump-usa-chd-part-S/Sims, The (USA).chd;347.32 MB;JOGO_EXISTE_OUTRO_LINK;Existe no banco (rom_id 377304, source 1): https://huggingface.co/datasets/luisluis123/ps2chd/resolve/main/Sims, The (USA).chd
ps2_chd.html;Sims, The - Bustin' Out (USA).chd;https://archive.org/download/ps2-redump-usa-chd-part-S/Sims, The - Bustin' Out (USA).chd;1.66 GB;JOGO_EXISTE_OUTRO_LINK;Existe no banco (rom_id 377305, source 1): https://huggingface.co/datasets/luisluis123/ps2chd/resolve/main/Sims, The - Bustin' Out (USA).chd
ps2_chd.html;SingStar '80s (USA).chd;https://archive.org/download/ps2-redump-usa-chd-part-S/SingStar '80s (USA).chd;3.80 GB;JOGO_EXISTE_OUTRO_LINK;Existe no banco (rom_id 377306, source 1): https://huggingface.co/datasets/luisluis123/ps2chd/resolve/main/SingStar '80s (USA).chd
ps2_chd.html;SingStar '90s (USA).chd;https://archive.org/download/ps2-redump-usa-chd-part-S/SingStar '90s (USA).chd;3.76 GB;JOGO_EXISTE_OUTRO_LINK;Existe no banco (rom_id 377307, source 1): https://huggingface.co/datasets/luisluis123/ps2chd/resolve/main/SingStar '90s (USA).chd
ps2_chd.html;SingStar ABBA (USA).chd;https://archive.org/download/ps2-redump-usa-chd-part-S/SingStar ABBA (USA).chd;2.62 GB;JOGO_EXISTE_OUTRO_LINK;Existe no banco (rom_id 377308, source 1): https://huggingface.co/datasets/luisluis123/ps2chd/resolve/main/SingStar ABBA (USA).chd
ps2_chd.html;SingStar Amped (USA).chd;https://archive.org/download/ps2-redump-usa-chd-part-S/SingStar Amped (USA).chd;3.57 GB;JOGO_EXISTE_OUTRO_LINK;Existe no banco (rom_id 377309, source 1): https://huggingface.co/datasets/luisluis123/ps2chd/resolve/main/SingStar Amped (USA).chd
ps2_chd.html;SingStar Country (USA).chd;https://archive.org/download/ps2-redump-usa-chd-part-S/SingStar Country (USA).chd;3.88 GB;JOGO_EXISTE_OUTRO_LINK;Existe no banco (rom_id 377310, source 1): https://huggingface.co/datasets/luisluis123/ps2chd/resolve/main/SingStar Country (USA).chd
ps2_chd.html;SingStar Latino (USA).chd;https://archive.org/download/ps2-redump-usa-chd-part-S/SingStar Latino (USA).chd;3.80 GB;JOGO_EXISTE_OUTRO_LINK;Existe no banco (rom_id 377311, source 1): https://huggingface.co/datasets/luisluis123/ps2chd/resolve/main/SingStar Latino (USA).chd
ps2_chd.html;SingStar Legends (USA).chd;https://archive.org/download/ps2-redump-usa-chd-part-S/SingStar Legends (USA).chd;3.06 GB;JOGO_EXISTE_OUTRO_LINK;Existe no banco (rom_id 377312, source 1): https://huggingface.co/datasets/luisluis123/ps2chd/resolve/main/SingStar Legends (USA).chd
ps2_chd.html;SingStar Pop (USA).chd;https://archive.org/download/ps2-redump-usa-chd-part-S/SingStar Pop (USA).chd;3.66 GB;JOGO_EXISTE_OUTRO_LINK;Existe no banco (rom_id 377313, source 1): https://huggingface.co/datasets/luisluis123/ps2chd/resolve/main/SingStar Pop (USA).chd
ps2_chd.html;SingStar Pop Vol. 2 (USA).chd;https://archive.org/download/ps2-redump-usa-chd-part-S/SingStar Pop Vol. 2 (USA).chd;3.45 GB;JOGO_EXISTE_OUTRO_LINK;Existe no banco (rom_id 377314, source 1): https://huggingface.co/datasets/luisluis123/ps2chd/resolve/main/SingStar Pop Vol. 2 (USA).chd
ps2_chd.html;SingStar Queen (USA).chd;https://archive.org/download/ps2-redump-usa-chd-part-S/SingStar Queen (USA).chd;2.62 GB;JOGO_EXISTE_OUTRO_LINK;Existe no banco (rom_id 377315, source 1): https://huggingface.co/datasets/luisluis123/ps2chd/resolve/main/SingStar Queen (USA).chd
ps2_chd.html;SingStar Rocks! (USA).chd;https://archive.org/download/ps2-redump-usa-chd-part-S/SingStar Rocks! (USA).chd;3.34 GB;JOGO_EXISTE_OUTRO_LINK;Existe no banco (rom_id 377316, source 1): https://huggingface.co/datasets/luisluis123/ps2chd/resolve/main/SingStar Rocks! (USA).chd
ps2_chd.html;Siren (USA).chd;https://archive.org/download/ps2-redump-usa-chd-part-S/Siren (USA).chd;2.82 GB;JOGO_EXISTE_OUTRO_LINK;Existe no banco (rom_id 377317, source 1): https://huggingface.co/datasets/luisluis123/ps2chd/resolve/main/Siren (USA).chd
ps2_chd.html;Sitting Ducks (USA).chd;https://archive.org/download/ps2-redump-usa-chd-part-S/Sitting Ducks (USA).chd;335.64 MB;JOGO_EXISTE_OUTRO_LINK;Existe no banco (rom_id 377318, source 1): https://huggingface.co/datasets/luisluis123/ps2chd/resolve/main/Sitting Ducks (USA).chd
ps2_chd.html;Ski and Shoot (USA) (En,Fr).chd;https://archive.org/download/ps2-redump-usa-chd-part-S/Ski and Shoot (USA) (En,Fr).chd;251.26 MB;JOGO_EXISTE_OUTRO_LINK;Existe no banco (rom_id 377319, source 1): https://huggingface.co/datasets/luisluis123/ps2chd/resolve/main/Ski and Shoot (USA) (En,Fr).chd
ps2_chd.html;Ski-Doo Snow X Racing (USA).chd;https://archive.org/download/ps2-redump-usa-chd-part-S/Ski-Doo Snow X Racing (USA).chd;164.41 MB;JOGO_EXISTE_OUTRO_LINK;Existe no banco (rom_id 377320, source 1): https://huggingface.co/datasets/luisluis123/ps2chd/resolve/main/Ski-Doo Snow X Racing (USA).chd
ps2_chd.html;Sky Odyssey (USA).chd;https://archive.org/download/ps2-redump-usa-chd-part-S/Sky Odyssey (USA).chd;527.94 MB;JOGO_EXISTE_OUTRO_LINK;Existe no banco (rom_id 377321, source 1): https://huggingface.co/datasets/luisluis123/ps2chd/resolve/main/Sky Odyssey (USA).chd
ps2_chd.html;SkyGunner (USA).chd;https://archive.org/download/ps2-redump-usa-chd-part-S/SkyGunner (USA).chd;405.93 MB;JOGO_EXISTE_OUTRO_LINK;Existe no banco (rom_id 377322, source 1): https://huggingface.co/datasets/luisluis123/ps2chd/resolve/main/SkyGunner (USA).chd
ps2_chd.html;Sled Storm (USA).chd;https://archive.org/download/ps2-redump-usa-chd-part-S/Sled Storm (USA).chd;368.59 MB;JOGO_EXISTE_OUTRO_LINK;Existe no banco (rom_id 377323, source 1): https://huggingface.co/datasets/luisluis123/ps2chd/resolve/main/Sled Storm (USA).chd
ps2_chd.html;Sly 2 - Band of Thieves (USA).chd;https://archive.org/download/ps2-redump-usa-chd-part-S/Sly 2 - Band of Thieves (USA).chd;2.15 GB;JOGO_EXISTE_OUTRO_LINK;Existe no banco (rom_id 377324, source 1): https://huggingface.co/datasets/luisluis123/ps2chd/resolve/main/Sly 2 - Band of Thieves (USA).chd
ps2_chd.html;Sly 3 - Honor Among Thieves (USA).chd;https://archive.org/download/ps2-redump-usa-chd-part-S/Sly 3 - Honor Among Thieves (USA).chd;2.49 GB;JOGO_EXISTE_OUTRO_LINK;Existe no banco (rom_id 377325, source 1): https://huggingface.co/datasets/luisluis123/ps2chd/resolve/main/Sly 3 - Honor Among Thieves (USA).chd
ps2_chd.html;Sly Cooper and the Thievius Raccoonus (USA).chd;https://archive.org/download/ps2-redump-usa-chd-part-S/Sly Cooper and the Thievius Raccoonus (USA).chd;2.23 GB;JOGO_EXISTE_OUTRO_LINK;Existe no banco (rom_id 377326, source 1): https://huggingface.co/datasets/luisluis123/ps2chd/resolve/main/Sly Cooper and the Thievius Raccoonus (USA).chd
ps2_chd.html;Smash Cars (USA).chd;https://archive.org/download/ps2-redump-usa-chd-part-S/Smash Cars (USA).chd;414.04 MB;JOGO_EXISTE_OUTRO_LINK;Existe no banco (rom_id 377327, source 1): https://huggingface.co/datasets/luisluis123/ps2chd/resolve/main/Smash Cars (USA).chd
ps2_chd.html;Smash Court Tennis - Pro Tournament (USA).chd;https://archive.org/download/ps2-redump-usa-chd-part-S/Smash Court Tennis - Pro Tournament (USA).chd;242.70 MB;JOGO_EXISTE_OUTRO_LINK;Existe no banco (rom_id 377328, source 1): https://huggingface.co/datasets/luisluis123/ps2chd/resolve/main/Smash Court Tennis - Pro Tournament (USA).chd
ps2_chd.html;Smash Court Tennis - Pro Tournament 2 (USA).chd;https://archive.org/download/ps2-redump-usa-chd-part-S/Smash Court Tennis - Pro Tournament 2 (USA).chd;634.89 MB;JOGO_EXISTE_OUTRO_LINK;Existe no banco (rom_id 377329, source 1): https://huggingface.co/datasets/luisluis123/ps2chd/resolve/main/Smash Court Tennis - Pro Tournament 2 (USA).chd
ps2_chd.html;Smuggler's Run (USA).chd;https://archive.org/download/ps2-redump-usa-chd-part-S/Smuggler's Run (USA).chd;498.42 MB;JOGO_EXISTE_OUTRO_LINK;Existe no banco (rom_id 377330, source 1): https://huggingface.co/datasets/luisluis123/ps2chd/resolve/main/Smuggler's Run (USA).chd
ps2_chd.html;Smuggler's Run 2 - Hostile Territory (USA).chd;https://archive.org/download/ps2-redump-usa-chd-part-S/Smuggler's Run 2 - Hostile Territory (USA).chd;1.30 GB;JOGO_EXISTE_OUTRO_LINK;Existe no banco (rom_id 377331, source 1): https://huggingface.co/datasets/luisluis123/ps2chd/resolve/main/Smuggler's Run 2 - Hostile Territory (USA).chd
ps2_chd.html;Sniper Elite (USA).chd;https://archive.org/download/ps2-redump-usa-chd-part-S/Sniper Elite (USA).chd;884.24 MB;JOGO_EXISTE_OUTRO_LINK;Existe no banco (rom_id 377332, source 1): https://huggingface.co/datasets/luisluis123/ps2chd/resolve/main/Sniper Elite (USA).chd
ps2_chd.html;SnoCross 2 featuring Blair Morgan (USA).chd;https://archive.org/download/ps2-redump-usa-chd-part-S/SnoCross 2 featuring Blair Morgan (USA).chd;358.05 MB;JOGO_EXISTE_OUTRO_LINK;Existe no banco (rom_id 377333, source 1): https://huggingface.co/datasets/luisluis123/ps2chd/resolve/main/SnoCross 2 featuring Blair Morgan (USA).chd
ps2_chd.html;Snoopy vs. the Red Baron (USA).chd;https://archive.org/download/ps2-redump-usa-chd-part-S/Snoopy vs. the Red Baron (USA).chd;575.05 MB;JOGO_EXISTE_OUTRO_LINK;Existe no banco (rom_id 377334, source 1): https://huggingface.co/datasets/luisluis123/ps2chd/resolve/main/Snoopy vs. the Red Baron (USA).chd
ps2_chd.html;Soccer America - International Cup (USA) (En,Es).chd;https://archive.org/download/ps2-redump-usa-chd-part-S/Soccer America - International Cup (USA) (En,Es).chd;327.37 MB;JOGO_EXISTE_OUTRO_LINK;Existe no banco (rom_id 377335, source 1): https://huggingface.co/datasets/luisluis123/ps2chd/resolve/main/Soccer America - International Cup (USA) (En,Es).chd
ps2_chd.html;Soccer Mania (USA).chd;https://archive.org/download/ps2-redump-usa-chd-part-S/Soccer Mania (USA).chd;296.29 MB;JOGO_EXISTE_OUTRO_LINK;Existe no banco (rom_id 377336, source 1): https://huggingface.co/datasets/luisluis123/ps2chd/resolve/main/Soccer Mania (USA).chd
ps2_chd.html;Soldier of Fortune - Gold Edition (USA).chd;https://archive.org/download/ps2-redump-usa-chd-part-S/Soldier of Fortune - Gold Edition (USA).chd;532.91 MB;JOGO_EXISTE_OUTRO_LINK;Existe no banco (rom_id 377337, source 1): https://huggingface.co/datasets/luisluis123/ps2chd/resolve/main/Soldier of Fortune - Gold Edition (USA).chd
ps2_chd.html;Sonic Heroes (USA) (En,Ja,Fr,De,Es,It).chd;https://archive.org/download/ps2-redump-usa-chd-part-S/Sonic Heroes (USA) (En,Ja,Fr,De,Es,It).chd;1.62 GB;JOGO_EXISTE_OUTRO_LINK;Existe no banco (rom_id 377338, source 1): https://huggingface.co/datasets/luisluis123/ps2chd/resolve/main/Sonic Heroes (USA) (En,Ja,Fr,De,Es,It).chd
ps2_chd.html;Sonic Mega Collection Plus (USA).chd;https://archive.org/download/ps2-redump-usa-chd-part-S/Sonic Mega Collection Plus (USA).chd;1.49 GB;JOGO_EXISTE_OUTRO_LINK;Existe no banco (rom_id 377339, source 1): https://huggingface.co/datasets/luisluis123/ps2chd/resolve/main/Sonic Mega Collection Plus (USA).chd
ps2_chd.html;Sonic Riders (USA) (En,Ja,Fr,De,Es,It).chd;https://archive.org/download/ps2-redump-usa-chd-part-S/Sonic Riders (USA) (En,Ja,Fr,De,Es,It).chd;1.54 GB;JOGO_EXISTE_OUTRO_LINK;Existe no banco (rom_id 377340, source 1): https://huggingface.co/datasets/luisluis123/ps2chd/resolve/main/Sonic Riders (USA) (En,Ja,Fr,De,Es,It).chd
ps2_chd.html;Sonic Riders - Zero Gravity (USA) (En,Ja,Fr,De,Es,It).chd;https://archive.org/download/ps2-redump-usa-chd-part-S/Sonic Riders - Zero Gravity (USA) (En,Ja,Fr,De,Es,It).chd;2.41 GB;JOGO_EXISTE_OUTRO_LINK;Existe no banco (rom_id 377341, source 1): https://huggingface.co/datasets/luisluis123/ps2chd/resolve/main/Sonic Riders - Zero Gravity (USA) (En,Ja,Fr,De,Es,It).chd
ps2_chd.html;Sonic Unleashed (USA) (En,Ja,Fr,De,Es,It).chd;https://archive.org/download/ps2-redump-usa-chd-part-S/Sonic Unleashed (USA) (En,Ja,Fr,De,Es,It).chd;2.25 GB;JOGO_EXISTE_OUTRO_LINK;Existe no banco (rom_id 377342, source 1): https://huggingface.co/datasets/luisluis123/ps2chd/resolve/main/Sonic Unleashed (USA) (En,Ja,Fr,De,Es,It).chd
ps2_chd.html;Sopranos, The - Road to Respect (USA).chd;https://archive.org/download/ps2-redump-usa-chd-part-S/Sopranos, The - Road to Respect (USA).chd;1.90 GB;JOGO_EXISTE_OUTRO_LINK;Existe no banco (rom_id 377343, source 1): https://huggingface.co/datasets/luisluis123/ps2chd/resolve/main/Sopranos, The - Road to Respect (USA).chd
ps2_chd.html;Soul Nomad & the World Eaters (USA).chd;https://archive.org/download/ps2-redump-usa-chd-part-S/Soul Nomad & the World Eaters (USA).chd;1.39 GB;JOGO_EXISTE_OUTRO_LINK;Existe no banco (rom_id 377344, source 1): https://huggingface.co/datasets/luisluis123/ps2chd/resolve/main/Soul Nomad & the World Eaters (USA).chd
ps2_chd.html;Soulcalibur II (USA).chd;https://archive.org/download/ps2-redump-usa-chd-part-S/Soulcalibur II (USA).chd;716.38 MB;JOGO_EXISTE_OUTRO_LINK;Existe no banco (rom_id 377345, source 1): https://huggingface.co/datasets/luisluis123/ps2chd/resolve/main/Soulcalibur II (USA).chd
ps2_chd.html;Soulcalibur III (USA).chd;https://archive.org/download/ps2-redump-usa-chd-part-S/Soulcalibur III (USA).chd;1.94 GB;JOGO_EXISTE_OUTRO_LINK;Existe no banco (rom_id 377346, source 1): https://huggingface.co/datasets/luisluis123/ps2chd/resolve/main/Soulcalibur III (USA).chd
ps2_chd.html;Space Channel 5 - Special Edition (USA) (Disc 1).chd;https://archive.org/download/ps2-redump-usa-chd-part-S/Space Channel 5 - Special Edition (USA) (Disc 1).chd;743.04 MB;JOGO_EXISTE_OUTRO_LINK;Existe no banco (rom_id 377347, source 1): https://huggingface.co/datasets/luisluis123/ps2chd/resolve/main/Space Channel 5 - Special Edition (USA) (Disc 1).chd
ps2_chd.html;Space Channel 5 - Special Edition (USA) (Disc 2).chd;https://archive.org/download/ps2-redump-usa-chd-part-S/Space Channel 5 - Special Edition (USA) (Disc 2).chd;628.28 MB;JOGO_EXISTE_OUTRO_LINK;Existe no banco (rom_id 377347, source 1): https://huggingface.co/datasets/luisluis123/ps2chd/resolve/main/Space Channel 5 - Special Edition (USA) (Disc 1).chd
ps2_chd.html;Space Chimps (USA).chd;https://archive.org/download/ps2-redump-usa-chd-part-S/Space Chimps (USA).chd;863.02 MB;JOGO_EXISTE_OUTRO_LINK;Existe no banco (rom_id 377349, source 1): https://huggingface.co/datasets/luisluis123/ps2chd/resolve/main/Space Chimps (USA).chd
ps2_chd.html;Spartan - Total Warrior (USA).chd;https://archive.org/download/ps2-redump-usa-chd-part-S/Spartan - Total Warrior (USA).chd;1.35 GB;JOGO_EXISTE_OUTRO_LINK;Existe no banco (rom_id 377350, source 1): https://huggingface.co/datasets/luisluis123/ps2chd/resolve/main/Spartan - Total Warrior (USA).chd
ps2_chd.html;Spawn - Armageddon (USA).chd;https://archive.org/download/ps2-redump-usa-chd-part-S/Spawn - Armageddon (USA).chd;831.71 MB;JOGO_EXISTE_OUTRO_LINK;Existe no banco (rom_id 377351, source 1): https://huggingface.co/datasets/luisluis123/ps2chd/resolve/main/Spawn - Armageddon (USA).chd
ps2_chd.html;Speed Kings (USA).chd;https://archive.org/download/ps2-redump-usa-chd-part-S/Speed Kings (USA).chd;338.70 MB;JOGO_EXISTE_OUTRO_LINK;Existe no banco (rom_id 377352, source 1): https://huggingface.co/datasets/luisluis123/ps2chd/resolve/main/Speed Kings (USA).chd
ps2_chd.html;Speed Racer (USA) (En,Fr,Es,Pt).chd;https://archive.org/download/ps2-redump-usa-chd-part-S/Speed Racer (USA) (En,Fr,Es,Pt).chd;1.13 GB;JOGO_EXISTE_OUTRO_LINK;Existe no banco (rom_id 377353, source 1): https://huggingface.co/datasets/luisluis123/ps2chd/resolve/main/Speed Racer (USA) (En,Fr,Es,Pt).chd
ps2_chd.html;Sphinx and the Cursed Mummy (USA).chd;https://archive.org/download/ps2-redump-usa-chd-part-S/Sphinx and the Cursed Mummy (USA).chd;827.01 MB;JOGO_EXISTE_OUTRO_LINK;Existe no banco (rom_id 377354, source 1): https://huggingface.co/datasets/luisluis123/ps2chd/resolve/main/Sphinx and the Cursed Mummy (USA).chd
ps2_chd.html;Spider-Man (USA) (v1.00).chd;https://archive.org/download/ps2-redump-usa-chd-part-S/Spider-Man (USA) (v1.00).chd;2.39 GB;JOGO_EXISTE_OUTRO_LINK;Existe no banco (rom_id 377355, source 1): https://huggingface.co/datasets/luisluis123/ps2chd/resolve/main/Spider-Man (USA) (v1.00).chd
ps2_chd.html;Spider-Man (USA) (v2.01).chd;https://archive.org/download/ps2-redump-usa-chd-part-S/Spider-Man (USA) (v2.01).chd;2.41 GB;JOGO_EXISTE_OUTRO_LINK;Existe no banco (rom_id 377355, source 1): https://huggingface.co/datasets/luisluis123/ps2chd/resolve/main/Spider-Man (USA) (v1.00).chd
ps2_chd.html;Spider-Man - Friend or Foe (USA).chd;https://archive.org/download/ps2-redump-usa-chd-part-S/Spider-Man - Friend or Foe (USA).chd;1.94 GB;JOGO_EXISTE_OUTRO_LINK;Existe no banco (rom_id 377357, source 1): https://huggingface.co/datasets/luisluis123/ps2chd/resolve/main/Spider-Man - Friend or Foe (USA).chd
ps2_chd.html;Spider-Man - Web of Shadows - Amazing Allies Edition (USA).chd;https://archive.org/download/ps2-redump-usa-chd-part-S/Spider-Man - Web of Shadows - Amazing Allies Edition (USA).chd;335.85 MB;JOGO_EXISTE_OUTRO_LINK;Existe no banco (rom_id 377358, source 1): https://huggingface.co/datasets/luisluis123/ps2chd/resolve/main/Spider-Man - Web of Shadows - Amazing Allies Edition (USA).chd
ps2_chd.html;Spider-Man 2 (USA).chd;https://archive.org/download/ps2-redump-usa-chd-part-S/Spider-Man 2 (USA).chd;1.22 GB;JOGO_EXISTE_OUTRO_LINK;Existe no banco (rom_id 377359, source 1): https://huggingface.co/datasets/luisluis123/ps2chd/resolve/main/Spider-Man 2 (USA).chd
ps2_chd.html;Spider-Man 3 (USA) (v1.02).chd;https://archive.org/download/ps2-redump-usa-chd-part-S/Spider-Man 3 (USA) (v1.02).chd;2.00 GB;JOGO_EXISTE_OUTRO_LINK;Existe no banco (rom_id 377360, source 1): https://huggingface.co/datasets/luisluis123/ps2chd/resolve/main/Spider-Man 3 (USA) (v1.02).chd
ps2_chd.html;Spider-Man 3 (USA) (v2.00).chd;https://archive.org/download/ps2-redump-usa-chd-part-S/Spider-Man 3 (USA) (v2.00).chd;2.00 GB;JOGO_EXISTE_OUTRO_LINK;Existe no banco (rom_id 377360, source 1): https://huggingface.co/datasets/luisluis123/ps2chd/resolve/main/Spider-Man 3 (USA) (v1.02).chd
ps2_chd.html;Spiderwick Chronicles, The (USA).chd;https://archive.org/download/ps2-redump-usa-chd-part-S/Spiderwick Chronicles, The (USA).chd;1.01 GB;JOGO_EXISTE_OUTRO_LINK;Existe no banco (rom_id 377362, source 1): https://huggingface.co/datasets/luisluis123/ps2chd/resolve/main/Spiderwick Chronicles, The (USA).chd
ps2_chd.html;Splashdown (USA) (v1.00).chd;https://archive.org/download/ps2-redump-usa-chd-part-S/Splashdown (USA) (v1.00).chd;1.86 GB;JOGO_EXISTE_OUTRO_LINK;Existe no banco (rom_id 377363, source 1): https://huggingface.co/datasets/luisluis123/ps2chd/resolve/main/Splashdown (USA) (v1.00).chd
ps2_chd.html;Splashdown (USA) (v2.01).chd;https://archive.org/download/ps2-redump-usa-chd-part-S/Splashdown (USA) (v2.01).chd;1.86 GB;JOGO_EXISTE_OUTRO_LINK;Existe no banco (rom_id 377363, source 1): https://huggingface.co/datasets/luisluis123/ps2chd/resolve/main/Splashdown (USA) (v1.00).chd
ps2_chd.html;Splashdown - Rides Gone Wild (USA).chd;https://archive.org/download/ps2-redump-usa-chd-part-S/Splashdown - Rides Gone Wild (USA).chd;912.84 MB;JOGO_EXISTE_OUTRO_LINK;Existe no banco (rom_id 377365, source 1): https://huggingface.co/datasets/luisluis123/ps2chd/resolve/main/Splashdown - Rides Gone Wild (USA).chd
ps2_chd.html;Sprint Cars - Road to Knoxville (USA).chd;https://archive.org/download/ps2-redump-usa-chd-part-S/Sprint Cars - Road to Knoxville (USA).chd;315.00 MB;JOGO_EXISTE_OUTRO_LINK;Existe no banco (rom_id 377366, source 1): https://huggingface.co/datasets/luisluis123/ps2chd/resolve/main/Sprint Cars - Road to Knoxville (USA).chd
ps2_chd.html;Sprint Cars 2 - Showdown at Eldora (USA).chd;https://archive.org/download/ps2-redump-usa-chd-part-S/Sprint Cars 2 - Showdown at Eldora (USA).chd;308.96 MB;JOGO_EXISTE_OUTRO_LINK;Existe no banco (rom_id 377367, source 1): https://huggingface.co/datasets/luisluis123/ps2chd/resolve/main/Sprint Cars 2 - Showdown at Eldora (USA).chd
ps2_chd.html;Spy Fiction (USA).chd;https://archive.org/download/ps2-redump-usa-chd-part-S/Spy Fiction (USA).chd;1.98 GB;JOGO_EXISTE_OUTRO_LINK;Existe no banco (rom_id 377368, source 1): https://huggingface.co/datasets/luisluis123/ps2chd/resolve/main/Spy Fiction (USA).chd
ps2_chd.html;SpyHunter (USA).chd;https://archive.org/download/ps2-redump-usa-chd-part-S/SpyHunter (USA).chd;1.45 GB;JOGO_EXISTE_OUTRO_LINK;Existe no banco (rom_id 377369, source 1): https://huggingface.co/datasets/luisluis123/ps2chd/resolve/main/SpyHunter (USA).chd
ps2_chd.html;SpyHunter - Nowhere to Run (USA).chd;https://archive.org/download/ps2-redump-usa-chd-part-S/SpyHunter - Nowhere to Run (USA).chd;1.22 GB;JOGO_EXISTE_OUTRO_LINK;Existe no banco (rom_id 377370, source 1): https://huggingface.co/datasets/luisluis123/ps2chd/resolve/main/SpyHunter - Nowhere to Run (USA).chd
ps2_chd.html;SpyHunter 2 (USA).chd;https://archive.org/download/ps2-redump-usa-chd-part-S/SpyHunter 2 (USA).chd;1.36 GB;JOGO_EXISTE_OUTRO_LINK;Existe no banco (rom_id 377371, source 1): https://huggingface.co/datasets/luisluis123/ps2chd/resolve/main/SpyHunter 2 (USA).chd
ps2_chd.html;Spyro - A Hero's Tail (USA).chd;https://archive.org/download/ps2-redump-usa-chd-part-S/Spyro - A Hero's Tail (USA).chd;495.40 MB;JOGO_EXISTE_OUTRO_LINK;Existe no banco (rom_id 377372, source 1): https://huggingface.co/datasets/luisluis123/ps2chd/resolve/main/Spyro - A Hero's Tail (USA).chd
ps2_chd.html;Spyro - Enter the Dragonfly (USA).chd;https://archive.org/download/ps2-redump-usa-chd-part-S/Spyro - Enter the Dragonfly (USA).chd;695.83 MB;JOGO_EXISTE_OUTRO_LINK;Existe no banco (rom_id 377373, source 1): https://huggingface.co/datasets/luisluis123/ps2chd/resolve/main/Spyro - Enter the Dragonfly (USA).chd
ps2_chd.html;Stacked with Daniel Negreanu (USA).chd;https://archive.org/download/ps2-redump-usa-chd-part-S/Stacked with Daniel Negreanu (USA).chd;906.15 MB;JOGO_EXISTE_OUTRO_LINK;Existe no banco (rom_id 377374, source 1): https://huggingface.co/datasets/luisluis123/ps2chd/resolve/main/Stacked with Daniel Negreanu (USA).chd
ps2_chd.html;Star Ocean - Till the End of Time (USA) (Disc 1).chd;https://archive.org/download/ps2-redump-usa-chd-part-S/Star Ocean - Till the End of Time (USA) (Disc 1).chd;3.66 GB;JOGO_EXISTE_OUTRO_LINK;Existe no banco (rom_id 377375, source 1): https://huggingface.co/datasets/luisluis123/ps2chd/resolve/main/Star Ocean - Till the End of Time (USA) (Disc 1).chd
ps2_chd.html;Star Ocean - Till the End of Time (USA) (Disc 2).chd;https://archive.org/download/ps2-redump-usa-chd-part-S/Star Ocean - Till the End of Time (USA) (Disc 2).chd;3.68 GB;JOGO_EXISTE_OUTRO_LINK;Existe no banco (rom_id 377375, source 1): https://huggingface.co/datasets/luisluis123/ps2chd/resolve/main/Star Ocean - Till the End of Time (USA) (Disc 1).chd
ps2_chd.html;Star Trek - Conquest (USA).chd;https://archive.org/download/ps2-redump-usa-chd-part-S/Star Trek - Conquest (USA).chd;605.78 MB;JOGO_EXISTE_OUTRO_LINK;Existe no banco (rom_id 377377, source 1): https://huggingface.co/datasets/luisluis123/ps2chd/resolve/main/Star Trek - Conquest (USA).chd
ps2_chd.html;Star Trek - Encounters (USA).chd;https://archive.org/download/ps2-redump-usa-chd-part-S/Star Trek - Encounters (USA).chd;267.73 MB;JOGO_EXISTE_OUTRO_LINK;Existe no banco (rom_id 377378, source 1): https://huggingface.co/datasets/luisluis123/ps2chd/resolve/main/Star Trek - Encounters (USA).chd
ps2_chd.html;Star Trek - Shattered Universe (USA).chd;https://archive.org/download/ps2-redump-usa-chd-part-S/Star Trek - Shattered Universe (USA).chd;1.61 GB;JOGO_EXISTE_OUTRO_LINK;Existe no banco (rom_id 377379, source 1): https://huggingface.co/datasets/luisluis123/ps2chd/resolve/main/Star Trek - Shattered Universe (USA).chd
ps2_chd.html;Star Trek - Voyager - Elite Force (USA).chd;https://archive.org/download/ps2-redump-usa-chd-part-S/Star Trek - Voyager - Elite Force (USA).chd;1.12 GB;JOGO_EXISTE_OUTRO_LINK;Existe no banco (rom_id 377380, source 1): https://huggingface.co/datasets/luisluis123/ps2chd/resolve/main/Star Trek - Voyager - Elite Force (USA).chd
ps2_chd.html;Star Wars - Battlefront (USA).chd;https://archive.org/download/ps2-redump-usa-chd-part-S/Star Wars - Battlefront (USA).chd;1.44 GB;JOGO_EXISTE_OUTRO_LINK;Existe no banco (rom_id 377381, source 1): https://huggingface.co/datasets/luisluis123/ps2chd/resolve/main/Star Wars - Battlefront (USA).chd
ps2_chd.html;Star Wars - Battlefront II (USA) (v1.01).chd;https://archive.org/download/ps2-redump-usa-chd-part-S/Star Wars - Battlefront II (USA) (v1.01).chd;1.81 GB;JOGO_EXISTE_OUTRO_LINK;Existe no banco (rom_id 377382, source 1): https://huggingface.co/datasets/luisluis123/ps2chd/resolve/main/Star Wars - Battlefront II (USA) (v1.01).chd
ps2_chd.html;Star Wars - Battlefront II (USA) (v2.00).chd;https://archive.org/download/ps2-redump-usa-chd-part-S/Star Wars - Battlefront II (USA) (v2.00).chd;2.02 GB;JOGO_EXISTE_OUTRO_LINK;Existe no banco (rom_id 377382, source 1): https://huggingface.co/datasets/luisluis123/ps2chd/resolve/main/Star Wars - Battlefront II (USA) (v1.01).chd
ps2_chd.html;Star Wars - Battlefront II (USA) (v2.01).chd;https://archive.org/download/ps2-redump-usa-chd-part-S/Star Wars - Battlefront II (USA) (v2.01).chd;1.98 GB;JOGO_EXISTE_OUTRO_LINK;Existe no banco (rom_id 377382, source 1): https://huggingface.co/datasets/luisluis123/ps2chd/resolve/main/Star Wars - Battlefront II (USA) (v1.01).chd
ps2_chd.html;Star Wars - Bounty Hunter (USA).chd;https://archive.org/download/ps2-redump-usa-chd-part-S/Star Wars - Bounty Hunter (USA).chd;1.97 GB;JOGO_EXISTE_OUTRO_LINK;Existe no banco (rom_id 377385, source 1): https://huggingface.co/datasets/luisluis123/ps2chd/resolve/main/Star Wars - Bounty Hunter (USA).chd
ps2_chd.html;Star Wars - Episode III - Revenge of the Sith (USA).chd;https://archive.org/download/ps2-redump-usa-chd-part-S/Star Wars - Episode III - Revenge of the Sith (USA).chd;1.52 GB;JOGO_EXISTE_OUTRO_LINK;Existe no banco (rom_id 377386, source 1): https://huggingface.co/datasets/luisluis123/ps2chd/resolve/main/Star Wars - Episode III - Revenge of the Sith (USA).chd
ps2_chd.html;Star Wars - Jedi Starfighter (USA).chd;https://archive.org/download/ps2-redump-usa-chd-part-S/Star Wars - Jedi Starfighter (USA).chd;1.53 GB;JOGO_EXISTE_OUTRO_LINK;Existe no banco (rom_id 377387, source 1): https://huggingface.co/datasets/luisluis123/ps2chd/resolve/main/Star Wars - Jedi Starfighter (USA).chd
ps2_chd.html;Star Wars - Racer Revenge (USA).chd;https://archive.org/download/ps2-redump-usa-chd-part-S/Star Wars - Racer Revenge (USA).chd;422.80 MB;JOGO_EXISTE_OUTRO_LINK;Existe no banco (rom_id 377388, source 1): https://huggingface.co/datasets/luisluis123/ps2chd/resolve/main/Star Wars - Racer Revenge (USA).chd
ps2_chd.html;Star Wars - Starfighter (USA) (Rev 1).chd;https://archive.org/download/ps2-redump-usa-chd-part-S/Star Wars - Starfighter (USA) (Rev 1).chd;467.97 MB;JOGO_EXISTE_OUTRO_LINK;Existe no banco (rom_id 377389, source 1): https://huggingface.co/datasets/luisluis123/ps2chd/resolve/main/Star Wars - Starfighter (USA) (Rev 1).chd
ps2_chd.html;Star Wars - Starfighter (USA).chd;https://archive.org/download/ps2-redump-usa-chd-part-S/Star Wars - Starfighter (USA).chd;466.89 MB;JOGO_EXISTE_OUTRO_LINK;Existe no banco (rom_id 377389, source 1): https://huggingface.co/datasets/luisluis123/ps2chd/resolve/main/Star Wars - Starfighter (USA) (Rev 1).chd
ps2_chd.html;Star Wars - Super Bombad Racing (USA) (En,Fr,De,Es,It).chd;https://archive.org/download/ps2-redump-usa-chd-part-S/Star Wars - Super Bombad Racing (USA) (En,Fr,De,Es,It).chd;125.30 MB;JOGO_EXISTE_OUTRO_LINK;Existe no banco (rom_id 377391, source 1): https://huggingface.co/datasets/luisluis123/ps2chd/resolve/main/Star Wars - Super Bombad Racing (USA) (En,Fr,De,Es,It).chd
ps2_chd.html;Star Wars - The Clone Wars (USA).chd;https://archive.org/download/ps2-redump-usa-chd-part-S/Star Wars - The Clone Wars (USA).chd;1.05 GB;JOGO_EXISTE_OUTRO_LINK;Existe no banco (rom_id 377392, source 1): https://huggingface.co/datasets/luisluis123/ps2chd/resolve/main/Star Wars - The Clone Wars (USA).chd
ps2_chd.html;Star Wars - The Clone Wars - Republic Heroes (USA).chd;https://archive.org/download/ps2-redump-usa-chd-part-S/Star Wars - The Clone Wars - Republic Heroes (USA).chd;2.10 GB;JOGO_EXISTE_OUTRO_LINK;Existe no banco (rom_id 377393, source 1): https://huggingface.co/datasets/luisluis123/ps2chd/resolve/main/Star Wars - The Clone Wars - Republic Heroes (USA).chd
ps2_chd.html;Star Wars - The Force Unleashed (USA) (En,Fr).chd;https://archive.org/download/ps2-redump-usa-chd-part-S/Star Wars - The Force Unleashed (USA) (En,Fr).chd;1.15 GB;JOGO_EXISTE_OUTRO_LINK;Existe no banco (rom_id 377394, source 1): https://huggingface.co/datasets/luisluis123/ps2chd/resolve/main/Star Wars - The Force Unleashed (USA) (En,Fr).chd
ps2_chd.html;Starsky & Hutch (USA).chd;https://archive.org/download/ps2-redump-usa-chd-part-S/Starsky & Hutch (USA).chd;1017.90 MB;JOGO_EXISTE_OUTRO_LINK;Existe no banco (rom_id 377395, source 1): https://huggingface.co/datasets/luisluis123/ps2chd/resolve/main/Starsky & Hutch (USA).chd
ps2_chd.html;State of Emergency (USA).chd;https://archive.org/download/ps2-redump-usa-chd-part-S/State of Emergency (USA).chd;462.72 MB;JOGO_EXISTE_OUTRO_LINK;Existe no banco (rom_id 377396, source 1): https://huggingface.co/datasets/luisluis123/ps2chd/resolve/main/State of Emergency (USA).chd
ps2_chd.html;State of Emergency 2 (USA).chd;https://archive.org/download/ps2-redump-usa-chd-part-S/State of Emergency 2 (USA).chd;1.40 GB;JOGO_EXISTE_OUTRO_LINK;Existe no banco (rom_id 377397, source 1): https://huggingface.co/datasets/luisluis123/ps2chd/resolve/main/State of Emergency 2 (USA).chd
ps2_chd.html;Steambot Chronicles (USA).chd;https://archive.org/download/ps2-redump-usa-chd-part-S/Steambot Chronicles (USA).chd;1.63 GB;JOGO_EXISTE_OUTRO_LINK;Existe no banco (rom_id 377398, source 1): https://huggingface.co/datasets/luisluis123/ps2chd/resolve/main/Steambot Chronicles (USA).chd
ps2_chd.html;Stella Deus - The Gate of Eternity (USA).chd;https://archive.org/download/ps2-redump-usa-chd-part-S/Stella Deus - The Gate of Eternity (USA).chd;1.51 GB;JOGO_EXISTE_OUTRO_LINK;Existe no banco (rom_id 377399, source 1): https://huggingface.co/datasets/luisluis123/ps2chd/resolve/main/Stella Deus - The Gate of Eternity (USA).chd
ps2_chd.html;Stolen (USA) (En,Fr,Es).chd;https://archive.org/download/ps2-redump-usa-chd-part-S/Stolen (USA) (En,Fr,Es).chd;1.37 GB;JOGO_EXISTE_OUTRO_LINK;Existe no banco (rom_id 377400, source 1): https://huggingface.co/datasets/luisluis123/ps2chd/resolve/main/Stolen (USA) (En,Fr,Es).chd
ps2_chd.html;Strawberry Shortcake - The Sweet Dreams Game (USA).chd;https://archive.org/download/ps2-redump-usa-chd-part-S/Strawberry Shortcake - The Sweet Dreams Game (USA).chd;281.09 MB;JOGO_EXISTE_OUTRO_LINK;Existe no banco (rom_id 377401, source 1): https://huggingface.co/datasets/luisluis123/ps2chd/resolve/main/Strawberry Shortcake - The Sweet Dreams Game (USA).chd
ps2_chd.html;Street Fighter Alpha Anthology (USA).chd;https://archive.org/download/ps2-redump-usa-chd-part-S/Street Fighter Alpha Anthology (USA).chd;1.55 GB;JOGO_EXISTE_OUTRO_LINK;Existe no banco (rom_id 377402, source 1): https://huggingface.co/datasets/luisluis123/ps2chd/resolve/main/Street Fighter Alpha Anthology (USA).chd
ps2_chd.html;Street Fighter Anniversary Collection (USA).chd;https://archive.org/download/ps2-redump-usa-chd-part-S/Street Fighter Anniversary Collection (USA).chd;2.97 GB;JOGO_EXISTE_OUTRO_LINK;Existe no banco (rom_id 377403, source 1): https://huggingface.co/datasets/luisluis123/ps2chd/resolve/main/Street Fighter Anniversary Collection (USA).chd
ps2_chd.html;Street Fighter EX3 (USA).chd;https://archive.org/download/ps2-redump-usa-chd-part-S/Street Fighter EX3 (USA).chd;378.62 MB;JOGO_EXISTE_OUTRO_LINK;Existe no banco (rom_id 377404, source 1): https://huggingface.co/datasets/luisluis123/ps2chd/resolve/main/Street Fighter EX3 (USA).chd
ps2_chd.html;Street Hoops (USA).chd;https://archive.org/download/ps2-redump-usa-chd-part-S/Street Hoops (USA).chd;3.62 GB;JOGO_EXISTE_OUTRO_LINK;Existe no banco (rom_id 377405, source 1): https://huggingface.co/datasets/luisluis123/ps2chd/resolve/main/Street Hoops (USA).chd
ps2_chd.html;Stretch Panic (USA).chd;https://archive.org/download/ps2-redump-usa-chd-part-S/Stretch Panic (USA).chd;98.89 MB;JOGO_EXISTE_OUTRO_LINK;Existe no banco (rom_id 377406, source 1): https://huggingface.co/datasets/luisluis123/ps2chd/resolve/main/Stretch Panic (USA).chd
ps2_chd.html;Strike Force Bowling (USA).chd;https://archive.org/download/ps2-redump-usa-chd-part-S/Strike Force Bowling (USA).chd;153.86 MB;JOGO_EXISTE_OUTRO_LINK;Existe no banco (rom_id 377407, source 1): https://huggingface.co/datasets/luisluis123/ps2chd/resolve/main/Strike Force Bowling (USA).chd
ps2_chd.html;Stuart Little 3 - Big Photo Adventure (USA).chd;https://archive.org/download/ps2-redump-usa-chd-part-S/Stuart Little 3 - Big Photo Adventure (USA).chd;1.10 GB;JOGO_EXISTE_OUTRO_LINK;Existe no banco (rom_id 377408, source 1): https://huggingface.co/datasets/luisluis123/ps2chd/resolve/main/Stuart Little 3 - Big Photo Adventure (USA).chd
ps2_chd.html;Stunt GP (USA).chd;https://archive.org/download/ps2-redump-usa-chd-part-S/Stunt GP (USA).chd;89.14 MB;JOGO_EXISTE_OUTRO_LINK;Existe no banco (rom_id 377409, source 1): https://huggingface.co/datasets/luisluis123/ps2chd/resolve/main/Stunt GP (USA).chd
ps2_chd.html;Stuntman (USA).chd;https://archive.org/download/ps2-redump-usa-chd-part-S/Stuntman (USA).chd;3.60 GB;JOGO_EXISTE_OUTRO_LINK;Existe no banco (rom_id 377410, source 1): https://huggingface.co/datasets/luisluis123/ps2chd/resolve/main/Stuntman (USA).chd
ps2_chd.html;Stuntman - Ignition (USA).chd;https://archive.org/download/ps2-redump-usa-chd-part-S/Stuntman - Ignition (USA).chd;1.54 GB;JOGO_EXISTE_OUTRO_LINK;Existe no banco (rom_id 377411, source 1): https://huggingface.co/datasets/luisluis123/ps2chd/resolve/main/Stuntman - Ignition (USA).chd
ps2_chd.html;Sub Rebellion (USA).chd;https://archive.org/download/ps2-redump-usa-chd-part-S/Sub Rebellion (USA).chd;372.42 MB;JOGO_EXISTE_OUTRO_LINK;Existe no banco (rom_id 377412, source 1): https://huggingface.co/datasets/luisluis123/ps2chd/resolve/main/Sub Rebellion (USA).chd
ps2_chd.html;Suffering, The (USA).chd;https://archive.org/download/ps2-redump-usa-chd-part-S/Suffering, The (USA).chd;2.88 GB;JOGO_EXISTE_OUTRO_LINK;Existe no banco (rom_id 377413, source 1): https://huggingface.co/datasets/luisluis123/ps2chd/resolve/main/Suffering, The (USA).chd
ps2_chd.html;Suffering, The - Ties That Bind (USA).chd;https://archive.org/download/ps2-redump-usa-chd-part-S/Suffering, The - Ties That Bind (USA).chd;2.07 GB;JOGO_EXISTE_OUTRO_LINK;Existe no banco (rom_id 377414, source 1): https://huggingface.co/datasets/luisluis123/ps2chd/resolve/main/Suffering, The - Ties That Bind (USA).chd
ps2_chd.html;Suikoden III (USA).chd;https://archive.org/download/ps2-redump-usa-chd-part-S/Suikoden III (USA).chd;1.53 GB;JOGO_EXISTE_OUTRO_LINK;Existe no banco (rom_id 377415, source 1): https://huggingface.co/datasets/luisluis123/ps2chd/resolve/main/Suikoden III (USA).chd
ps2_chd.html;Suikoden IV (USA).chd;https://archive.org/download/ps2-redump-usa-chd-part-S/Suikoden IV (USA).chd;2.55 GB;JOGO_EXISTE_OUTRO_LINK;Existe no banco (rom_id 377416, source 1): https://huggingface.co/datasets/luisluis123/ps2chd/resolve/main/Suikoden IV (USA).chd
ps2_chd.html;Suikoden Tactics (USA).chd;https://archive.org/download/ps2-redump-usa-chd-part-S/Suikoden Tactics (USA).chd;869.68 MB;JOGO_EXISTE_OUTRO_LINK;Existe no banco (rom_id 377417, source 1): https://huggingface.co/datasets/luisluis123/ps2chd/resolve/main/Suikoden Tactics (USA).chd
ps2_chd.html;Suikoden V (USA).chd;https://archive.org/download/ps2-redump-usa-chd-part-S/Suikoden V (USA).chd;3.74 GB;JOGO_EXISTE_OUTRO_LINK;Existe no banco (rom_id 377418, source 1): https://huggingface.co/datasets/luisluis123/ps2chd/resolve/main/Suikoden V (USA).chd
ps2_chd.html;Summer Athletics - The Ultimate Challenge (USA).chd;https://archive.org/download/ps2-redump-usa-chd-part-S/Summer Athletics - The Ultimate Challenge (USA).chd;2.04 GB;JOGO_EXISTE_OUTRO_LINK;Existe no banco (rom_id 377419, source 1): https://huggingface.co/datasets/luisluis123/ps2chd/resolve/main/Summer Athletics - The Ultimate Challenge (USA).chd
ps2_chd.html;Summer Heat Beach Volleyball (USA).chd;https://archive.org/download/ps2-redump-usa-chd-part-S/Summer Heat Beach Volleyball (USA).chd;1.50 GB;JOGO_EXISTE_OUTRO_LINK;Existe no banco (rom_id 377420, source 1): https://huggingface.co/datasets/luisluis123/ps2chd/resolve/main/Summer Heat Beach Volleyball (USA).chd
ps2_chd.html;Summoner (USA).chd;https://archive.org/download/ps2-redump-usa-chd-part-S/Summoner (USA).chd;776.04 MB;JOGO_EXISTE_OUTRO_LINK;Existe no banco (rom_id 377421, source 1): https://huggingface.co/datasets/luisluis123/ps2chd/resolve/main/Summoner (USA).chd
ps2_chd.html;Summoner 2 (USA).chd;https://archive.org/download/ps2-redump-usa-chd-part-S/Summoner 2 (USA).chd;2.52 GB;JOGO_EXISTE_OUTRO_LINK;Existe no banco (rom_id 377422, source 1): https://huggingface.co/datasets/luisluis123/ps2chd/resolve/main/Summoner 2 (USA).chd
ps2_chd.html;Sunny Garcia Surfing (USA).chd;https://archive.org/download/ps2-redump-usa-chd-part-S/Sunny Garcia Surfing (USA).chd;332.83 MB;JOGO_EXISTE_OUTRO_LINK;Existe no banco (rom_id 377423, source 1): https://huggingface.co/datasets/luisluis123/ps2chd/resolve/main/Sunny Garcia Surfing (USA).chd
ps2_chd.html;Super Bust-A-Move (USA).chd;https://archive.org/download/ps2-redump-usa-chd-part-S/Super Bust-A-Move (USA).chd;23.05 MB;JOGO_EXISTE_OUTRO_LINK;Existe no banco (rom_id 377424, source 1): https://huggingface.co/datasets/luisluis123/ps2chd/resolve/main/Super Bust-A-Move (USA).chd
ps2_chd.html;Super Bust-A-Move 2 (USA).chd;https://archive.org/download/ps2-redump-usa-chd-part-S/Super Bust-A-Move 2 (USA).chd;437.74 MB;JOGO_EXISTE_OUTRO_LINK;Existe no banco (rom_id 377425, source 1): https://huggingface.co/datasets/luisluis123/ps2chd/resolve/main/Super Bust-A-Move 2 (USA).chd
ps2_chd.html;Super Dragon Ball Z (USA).chd;https://archive.org/download/ps2-redump-usa-chd-part-S/Super Dragon Ball Z (USA).chd;323.54 MB;JOGO_EXISTE_OUTRO_LINK;Existe no banco (rom_id 377426, source 1): https://huggingface.co/datasets/luisluis123/ps2chd/resolve/main/Super Dragon Ball Z (USA).chd
ps2_chd.html;Super Monkey Ball Adventure (USA).chd;https://archive.org/download/ps2-redump-usa-chd-part-S/Super Monkey Ball Adventure (USA).chd;449.33 MB;JOGO_EXISTE_OUTRO_LINK;Existe no banco (rom_id 377427, source 1): https://huggingface.co/datasets/luisluis123/ps2chd/resolve/main/Super Monkey Ball Adventure (USA).chd
ps2_chd.html;Super Monkey Ball Deluxe (USA).chd;https://archive.org/download/ps2-redump-usa-chd-part-S/Super Monkey Ball Deluxe (USA).chd;1.59 GB;JOGO_EXISTE_OUTRO_LINK;Existe no banco (rom_id 377428, source 1): https://huggingface.co/datasets/luisluis123/ps2chd/resolve/main/Super Monkey Ball Deluxe (USA).chd
ps2_chd.html;Super PickUps (USA).chd;https://archive.org/download/ps2-redump-usa-chd-part-S/Super PickUps (USA).chd;189.69 MB;JOGO_EXISTE_OUTRO_LINK;Existe no banco (rom_id 377429, source 1): https://huggingface.co/datasets/luisluis123/ps2chd/resolve/main/Super PickUps (USA).chd
ps2_chd.html;Super Trucks Racing (USA).chd;https://archive.org/download/ps2-redump-usa-chd-part-S/Super Trucks Racing (USA).chd;502.47 MB;JOGO_EXISTE_OUTRO_LINK;Existe no banco (rom_id 377430, source 1): https://huggingface.co/datasets/luisluis123/ps2chd/resolve/main/Super Trucks Racing (USA).chd
ps2_chd.html;Supercar Street Challenge (USA).chd;https://archive.org/download/ps2-redump-usa-chd-part-S/Supercar Street Challenge (USA).chd;385.05 MB;JOGO_EXISTE_OUTRO_LINK;Existe no banco (rom_id 377431, source 1): https://huggingface.co/datasets/luisluis123/ps2chd/resolve/main/Supercar Street Challenge (USA).chd
ps2_chd.html;Superman - Shadow of Apokolips (USA).chd;https://archive.org/download/ps2-redump-usa-chd-part-S/Superman - Shadow of Apokolips (USA).chd;982.99 MB;JOGO_EXISTE_OUTRO_LINK;Existe no banco (rom_id 377432, source 1): https://huggingface.co/datasets/luisluis123/ps2chd/resolve/main/Superman - Shadow of Apokolips (USA).chd
ps2_chd.html;Superman Returns (USA).chd;https://archive.org/download/ps2-redump-usa-chd-part-S/Superman Returns (USA).chd;857.19 MB;JOGO_EXISTE_OUTRO_LINK;Existe no banco (rom_id 377433, source 1): https://huggingface.co/datasets/luisluis123/ps2chd/resolve/main/Superman Returns (USA).chd
ps2_chd.html;Surf's Up (USA).chd;https://archive.org/download/ps2-redump-usa-chd-part-S/Surf's Up (USA).chd;1.04 GB;JOGO_EXISTE_OUTRO_LINK;Existe no banco (rom_id 377434, source 1): https://huggingface.co/datasets/luisluis123/ps2chd/resolve/main/Surf's Up (USA).chd
ps2_chd.html;Surfing H3O (USA).chd;https://archive.org/download/ps2-redump-usa-chd-part-S/Surfing H3O (USA).chd;268.92 MB;JOGO_EXISTE_OUTRO_LINK;Existe no banco (rom_id 377435, source 1): https://huggingface.co/datasets/luisluis123/ps2chd/resolve/main/Surfing H3O (USA).chd
ps2_chd.html;Suzuki Super-Bikes II - Riding Challenge (USA) (En,Fr,Es).chd;https://archive.org/download/ps2-redump-usa-chd-part-S/Suzuki Super-Bikes II - Riding Challenge (USA) (En,Fr,Es).chd;545.45 MB;JOGO_EXISTE_OUTRO_LINK;Existe no banco (rom_id 377436, source 1): https://huggingface.co/datasets/luisluis123/ps2chd/resolve/main/Suzuki Super-Bikes II - Riding Challenge (USA) (En,Fr,Es).chd
ps2_chd.html;Suzuki TT Superbikes - Real Road Racing (USA).chd;https://archive.org/download/ps2-redump-usa-chd-part-S/Suzuki TT Superbikes - Real Road Racing (USA).chd;1.30 GB;JOGO_EXISTE_OUTRO_LINK;Existe no banco (rom_id 377437, source 1): https://huggingface.co/datasets/luisluis123/ps2chd/resolve/main/Suzuki TT Superbikes - Real Road Racing (USA).chd
ps2_chd.html;Suzuki TT Superbikes - Real Road Racing Championship (USA).chd;https://archive.org/download/ps2-redump-usa-chd-part-S/Suzuki TT Superbikes - Real Road Racing Championship (USA).chd;778.76 MB;JOGO_EXISTE_OUTRO_LINK;Existe no banco (rom_id 377438, source 1): https://huggingface.co/datasets/luisluis123/ps2chd/resolve/main/Suzuki TT Superbikes - Real Road Racing Championship (USA).chd
ps2_chd.html;Swashbucklers - Blue vs. Grey (USA).chd;https://archive.org/download/ps2-redump-usa-chd-part-S/Swashbucklers - Blue vs. Grey (USA).chd;758.25 MB;JOGO_EXISTE_OUTRO_LINK;Existe no banco (rom_id 377439, source 1): https://huggingface.co/datasets/luisluis123/ps2chd/resolve/main/Swashbucklers - Blue vs. Grey (USA).chd
ps2_chd.html;Swing Away Golf (USA).chd;https://archive.org/download/ps2-redump-usa-chd-part-S/Swing Away Golf (USA).chd;499.84 MB;JOGO_EXISTE_OUTRO_LINK;Existe no banco (rom_id 377440, source 1): https://huggingface.co/datasets/luisluis123/ps2chd/resolve/main/Swing Away Golf (USA).chd
ps2_chd.html;Syphon Filter - Dark Mirror (USA).chd;https://archive.org/download/ps2-redump-usa-chd-part-S/Syphon Filter - Dark Mirror (USA).chd;3.11 GB;JOGO_EXISTE_OUTRO_LINK;Existe no banco (rom_id 377441, source 1): https://huggingface.co/datasets/luisluis123/ps2chd/resolve/main/Syphon Filter - Dark Mirror (USA).chd
ps2_chd.html;Syphon Filter - Logan's Shadow (USA).chd;https://archive.org/download/ps2-redump-usa-chd-part-S/Syphon Filter - Logan's Shadow (USA).chd;3.06 GB;JOGO_EXISTE_OUTRO_LINK;Existe no banco (rom_id 377442, source 1): https://huggingface.co/datasets/luisluis123/ps2chd/resolve/main/Syphon Filter - Logan's Shadow (USA).chd
ps2_chd.html;Syphon Filter - The Omega Strain (USA).chd;https://archive.org/download/ps2-redump-usa-chd-part-S/Syphon Filter - The Omega Strain (USA).chd;2.54 GB;JOGO_EXISTE_OUTRO_LINK;Existe no banco (rom_id 377443, source 1): https://huggingface.co/datasets/luisluis123/ps2chd/resolve/main/Syphon Filter - The Omega Strain (USA).chd
ps2_chd.html;TMNT (USA) (En,Fr,Es).chd;https://archive.org/download/ps2-redump-usa-chd-part-T/TMNT (USA) (En,Fr,Es).chd;1.07 GB;JOGO_EXISTE_OUTRO_LINK;Existe no banco (rom_id 377444, source 1): https://huggingface.co/datasets/luisluis123/ps2chd/resolve/main/TMNT (USA) (En,Fr,Es).chd
ps2_chd.html;TNA Impact! Total Nonstop Action Wrestling (USA).chd;https://archive.org/download/ps2-redump-usa-chd-part-T/TNA Impact! Total Nonstop Action Wrestling (USA).chd;3.32 GB;JOGO_EXISTE_OUTRO_LINK;Existe no banco (rom_id 377445, source 1): https://huggingface.co/datasets/luisluis123/ps2chd/resolve/main/TNA Impact! Total Nonstop Action Wrestling (USA).chd
ps2_chd.html;TOCA Race Driver 2 (USA).chd;https://archive.org/download/ps2-redump-usa-chd-part-T/TOCA Race Driver 2 (USA).chd;2.57 GB;JOGO_EXISTE_OUTRO_LINK;Existe no banco (rom_id 377446, source 1): https://huggingface.co/datasets/luisluis123/ps2chd/resolve/main/TOCA Race Driver 2 (USA).chd
ps2_chd.html;TOCA Race Driver 3 - The Ultimate Racing Simulator (USA).chd;https://archive.org/download/ps2-redump-usa-chd-part-T/TOCA Race Driver 3 - The Ultimate Racing Simulator (USA).chd;2.41 GB;JOGO_EXISTE_OUTRO_LINK;Existe no banco (rom_id 377447, source 1): https://huggingface.co/datasets/luisluis123/ps2chd/resolve/main/TOCA Race Driver 3 - The Ultimate Racing Simulator (USA).chd
ps2_chd.html;TY the Tasmanian Tiger (USA) (En,Fr,De,Es).chd;https://archive.org/download/ps2-redump-usa-chd-part-T/TY the Tasmanian Tiger (USA) (En,Fr,De,Es).chd;1.17 GB;JOGO_EXISTE_OUTRO_LINK;Existe no banco (rom_id 377448, source 1): https://huggingface.co/datasets/luisluis123/ps2chd/resolve/main/TY the Tasmanian Tiger (USA) (En,Fr,De,Es).chd
ps2_chd.html;TY the Tasmanian Tiger - Night of the Quinkan (USA).chd;https://archive.org/download/ps2-redump-usa-chd-part-T/TY the Tasmanian Tiger - Night of the Quinkan (USA).chd;1.02 GB;JOGO_EXISTE_OUTRO_LINK;Existe no banco (rom_id 377449, source 1): https://huggingface.co/datasets/luisluis123/ps2chd/resolve/main/TY the Tasmanian Tiger - Night of the Quinkan (USA).chd
ps2_chd.html;TY the Tasmanian Tiger 2 - Bush Rescue (USA).chd;https://archive.org/download/ps2-redump-usa-chd-part-T/TY the Tasmanian Tiger 2 - Bush Rescue (USA).chd;1.45 GB;JOGO_EXISTE_OUTRO_LINK;Existe no banco (rom_id 377450, source 1): https://huggingface.co/datasets/luisluis123/ps2chd/resolve/main/TY the Tasmanian Tiger 2 - Bush Rescue (USA).chd
ps2_chd.html;Taiko Drum Master (USA).chd;https://archive.org/download/ps2-redump-usa-chd-part-T/Taiko Drum Master (USA).chd;328.37 MB;JOGO_EXISTE_OUTRO_LINK;Existe no banco (rom_id 377451, source 1): https://huggingface.co/datasets/luisluis123/ps2chd/resolve/main/Taiko Drum Master (USA).chd
ps2_chd.html;Taito Legends (USA).chd;https://archive.org/download/ps2-redump-usa-chd-part-T/Taito Legends (USA).chd;242.93 MB;JOGO_EXISTE_OUTRO_LINK;Existe no banco (rom_id 377452, source 1): https://huggingface.co/datasets/luisluis123/ps2chd/resolve/main/Taito Legends (USA).chd
ps2_chd.html;Taito Legends 2 (USA).chd;https://archive.org/download/ps2-redump-usa-chd-part-T/Taito Legends 2 (USA).chd;2.64 GB;JOGO_EXISTE_OUTRO_LINK;Existe no banco (rom_id 377453, source 1): https://huggingface.co/datasets/luisluis123/ps2chd/resolve/main/Taito Legends 2 (USA).chd
ps2_chd.html;Tak and the Power of Juju (USA).chd;https://archive.org/download/ps2-redump-usa-chd-part-T/Tak and the Power of Juju (USA).chd;2.14 GB;JOGO_EXISTE_OUTRO_LINK;Existe no banco (rom_id 377454, source 1): https://huggingface.co/datasets/luisluis123/ps2chd/resolve/main/Tak and the Power of Juju (USA).chd
ps2_chd.html;Tale of Despereaux, The (USA) (En,Fr).chd;https://archive.org/download/ps2-redump-usa-chd-part-T/Tale of Despereaux, The (USA) (En,Fr).chd;968.32 MB;JOGO_EXISTE_OUTRO_LINK;Existe no banco (rom_id 377455, source 1): https://huggingface.co/datasets/luisluis123/ps2chd/resolve/main/Tale of Despereaux, The (USA) (En,Fr).chd
ps2_chd.html;Tales of Legendia (USA).chd;https://archive.org/download/ps2-redump-usa-chd-part-T/Tales of Legendia (USA).chd;2.41 GB;JOGO_EXISTE_OUTRO_LINK;Existe no banco (rom_id 377456, source 1): https://huggingface.co/datasets/luisluis123/ps2chd/resolve/main/Tales of Legendia (USA).chd
ps2_chd.html;Tales of the Abyss (USA).chd;https://archive.org/download/ps2-redump-usa-chd-part-T/Tales of the Abyss (USA).chd;2.96 GB;JOGO_EXISTE_OUTRO_LINK;Existe no banco (rom_id 377457, source 1): https://huggingface.co/datasets/luisluis123/ps2chd/resolve/main/Tales of the Abyss (USA).chd
ps2_chd.html;Taz - Wanted (USA) (En,Fr,De,Es,It).chd;https://archive.org/download/ps2-redump-usa-chd-part-T/Taz - Wanted (USA) (En,Fr,De,Es,It).chd;321.97 MB;JOGO_EXISTE_OUTRO_LINK;Existe no banco (rom_id 377458, source 1): https://huggingface.co/datasets/luisluis123/ps2chd/resolve/main/Taz - Wanted (USA) (En,Fr,De,Es,It).chd
ps2_chd.html;Technic Beat (USA).chd;https://archive.org/download/ps2-redump-usa-chd-part-T/Technic Beat (USA).chd;581.61 MB;JOGO_EXISTE_OUTRO_LINK;Existe no banco (rom_id 377459, source 1): https://huggingface.co/datasets/luisluis123/ps2chd/resolve/main/Technic Beat (USA).chd
ps2_chd.html;Teen Titans (USA).chd;https://archive.org/download/ps2-redump-usa-chd-part-T/Teen Titans (USA).chd;531.00 MB;JOGO_EXISTE_OUTRO_LINK;Existe no banco (rom_id 377460, source 1): https://huggingface.co/datasets/luisluis123/ps2chd/resolve/main/Teen Titans (USA).chd
ps2_chd.html;Teenage Mutant Ninja Turtles (USA).chd;https://archive.org/download/ps2-redump-usa-chd-part-T/Teenage Mutant Ninja Turtles (USA).chd;981.38 MB;JOGO_EXISTE_OUTRO_LINK;Existe no banco (rom_id 377461, source 1): https://huggingface.co/datasets/luisluis123/ps2chd/resolve/main/Teenage Mutant Ninja Turtles (USA).chd
ps2_chd.html;Teenage Mutant Ninja Turtles - Smash-Up (USA) (En,Fr,Es).chd;https://archive.org/download/ps2-redump-usa-chd-part-T/Teenage Mutant Ninja Turtles - Smash-Up (USA) (En,Fr,Es).chd;1.09 GB;JOGO_EXISTE_OUTRO_LINK;Existe no banco (rom_id 377462, source 1): https://huggingface.co/datasets/luisluis123/ps2chd/resolve/main/Teenage Mutant Ninja Turtles - Smash-Up (USA) (En,Fr,Es).chd
ps2_chd.html;Teenage Mutant Ninja Turtles 2 - Battle Nexus (USA).chd;https://archive.org/download/ps2-redump-usa-chd-part-T/Teenage Mutant Ninja Turtles 2 - Battle Nexus (USA).chd;2.05 GB;JOGO_EXISTE_OUTRO_LINK;Existe no banco (rom_id 377463, source 1): https://huggingface.co/datasets/luisluis123/ps2chd/resolve/main/Teenage Mutant Ninja Turtles 2 - Battle Nexus (USA).chd
ps2_chd.html;Teenage Mutant Ninja Turtles 3 - Mutant Nightmare (USA).chd;https://archive.org/download/ps2-redump-usa-chd-part-T/Teenage Mutant Ninja Turtles 3 - Mutant Nightmare (USA).chd;1.96 GB;JOGO_EXISTE_OUTRO_LINK;Existe no banco (rom_id 377464, source 1): https://huggingface.co/datasets/luisluis123/ps2chd/resolve/main/Teenage Mutant Ninja Turtles 3 - Mutant Nightmare (USA).chd
ps2_chd.html;Tekken 4 (USA).chd;https://archive.org/download/ps2-redump-usa-chd-part-T/Tekken 4 (USA).chd;1.98 GB;JOGO_EXISTE_OUTRO_LINK;Existe no banco (rom_id 377465, source 1): https://huggingface.co/datasets/luisluis123/ps2chd/resolve/main/Tekken 4 (USA).chd
ps2_chd.html;Tekken 5 (USA).chd;https://archive.org/download/ps2-redump-usa-chd-part-T/Tekken 5 (USA).chd;3.87 GB;JOGO_EXISTE_OUTRO_LINK;Existe no banco (rom_id 377466, source 1): https://huggingface.co/datasets/luisluis123/ps2chd/resolve/main/Tekken 5 (USA).chd
ps2_chd.html;Tekken Tag Tournament (USA) (v1.00).chd;https://archive.org/download/ps2-redump-usa-chd-part-T/Tekken Tag Tournament (USA) (v1.00).chd;353.59 MB;JOGO_EXISTE_OUTRO_LINK;Existe no banco (rom_id 377467, source 1): https://huggingface.co/datasets/luisluis123/ps2chd/resolve/main/Tekken Tag Tournament (USA) (v1.00).chd
ps2_chd.html;Tekken Tag Tournament (USA) (v2.00).chd;https://archive.org/download/ps2-redump-usa-chd-part-T/Tekken Tag Tournament (USA) (v2.00).chd;353.59 MB;JOGO_EXISTE_OUTRO_LINK;Existe no banco (rom_id 377467, source 1): https://huggingface.co/datasets/luisluis123/ps2chd/resolve/main/Tekken Tag Tournament (USA) (v1.00).chd
ps2_chd.html;Tenchu - Fatal Shadows (USA).chd;https://archive.org/download/ps2-redump-usa-chd-part-T/Tenchu - Fatal Shadows (USA).chd;2.76 GB;JOGO_EXISTE_OUTRO_LINK;Existe no banco (rom_id 377469, source 1): https://huggingface.co/datasets/luisluis123/ps2chd/resolve/main/Tenchu - Fatal Shadows (USA).chd
ps2_chd.html;Tenchu - Wrath of Heaven (USA) (En,Ja).chd;https://archive.org/download/ps2-redump-usa-chd-part-T/Tenchu - Wrath of Heaven (USA) (En,Ja).chd;1.77 GB;JOGO_EXISTE_OUTRO_LINK;Existe no banco (rom_id 377470, source 1): https://huggingface.co/datasets/luisluis123/ps2chd/resolve/main/Tenchu - Wrath of Heaven (USA) (En,Ja).chd
ps2_chd.html;Terminator 3 - Rise of the Machines (USA).chd;https://archive.org/download/ps2-redump-usa-chd-part-T/Terminator 3 - Rise of the Machines (USA).chd;3.34 GB;JOGO_EXISTE_OUTRO_LINK;Existe no banco (rom_id 377471, source 1): https://huggingface.co/datasets/luisluis123/ps2chd/resolve/main/Terminator 3 - Rise of the Machines (USA).chd
ps2_chd.html;Terminator 3 - The Redemption (USA).chd;https://archive.org/download/ps2-redump-usa-chd-part-T/Terminator 3 - The Redemption (USA).chd;1.30 GB;JOGO_EXISTE_OUTRO_LINK;Existe no banco (rom_id 377472, source 1): https://huggingface.co/datasets/luisluis123/ps2chd/resolve/main/Terminator 3 - The Redemption (USA).chd
ps2_chd.html;Terminator, The - Dawn of Fate (USA).chd;https://archive.org/download/ps2-redump-usa-chd-part-T/Terminator, The - Dawn of Fate (USA).chd;2.55 GB;JOGO_EXISTE_OUTRO_LINK;Existe no banco (rom_id 377473, source 1): https://huggingface.co/datasets/luisluis123/ps2chd/resolve/main/Terminator, The - Dawn of Fate (USA).chd
ps2_chd.html;Test Drive (USA) (v1.00).chd;https://archive.org/download/ps2-redump-usa-chd-part-T/Test Drive (USA) (v1.00).chd;1.55 GB;JOGO_EXISTE_OUTRO_LINK;Existe no banco (rom_id 377474, source 1): https://huggingface.co/datasets/luisluis123/ps2chd/resolve/main/Test Drive (USA) (v1.00).chd
ps2_chd.html;Test Drive (USA) (v2.00).chd;https://archive.org/download/ps2-redump-usa-chd-part-T/Test Drive (USA) (v2.00).chd;1.61 GB;JOGO_EXISTE_OUTRO_LINK;Existe no banco (rom_id 377474, source 1): https://huggingface.co/datasets/luisluis123/ps2chd/resolve/main/Test Drive (USA) (v1.00).chd
ps2_chd.html;Test Drive - Eve of Destruction (USA).chd;https://archive.org/download/ps2-redump-usa-chd-part-T/Test Drive - Eve of Destruction (USA).chd;1.41 GB;JOGO_EXISTE_OUTRO_LINK;Existe no banco (rom_id 377476, source 1): https://huggingface.co/datasets/luisluis123/ps2chd/resolve/main/Test Drive - Eve of Destruction (USA).chd
ps2_chd.html;Test Drive Off-Road - Wide Open (USA).chd;https://archive.org/download/ps2-redump-usa-chd-part-T/Test Drive Off-Road - Wide Open (USA).chd;491.50 MB;JOGO_EXISTE_OUTRO_LINK;Existe no banco (rom_id 377477, source 1): https://huggingface.co/datasets/luisluis123/ps2chd/resolve/main/Test Drive Off-Road - Wide Open (USA).chd
ps2_chd.html;Test Drive Unlimited (USA).chd;https://archive.org/download/ps2-redump-usa-chd-part-T/Test Drive Unlimited (USA).chd;2.37 GB;JOGO_EXISTE_OUTRO_LINK;Existe no banco (rom_id 377478, source 1): https://huggingface.co/datasets/luisluis123/ps2chd/resolve/main/Test Drive Unlimited (USA).chd
ps2_chd.html;Tetris Worlds (USA).chd;https://archive.org/download/ps2-redump-usa-chd-part-T/Tetris Worlds (USA).chd;275.10 MB;JOGO_EXISTE_OUTRO_LINK;Existe no banco (rom_id 377479, source 1): https://huggingface.co/datasets/luisluis123/ps2chd/resolve/main/Tetris Worlds (USA).chd
ps2_chd.html;Theme Park Roller Coaster (USA).chd;https://archive.org/download/ps2-redump-usa-chd-part-T/Theme Park Roller Coaster (USA).chd;436.58 MB;JOGO_EXISTE_OUTRO_LINK;Existe no banco (rom_id 377480, source 1): https://huggingface.co/datasets/luisluis123/ps2chd/resolve/main/Theme Park Roller Coaster (USA).chd
ps2_chd.html;Thing, The (USA).chd;https://archive.org/download/ps2-redump-usa-chd-part-T/Thing, The (USA).chd;316.92 MB;JOGO_EXISTE_OUTRO_LINK;Existe no banco (rom_id 377481, source 1): https://huggingface.co/datasets/luisluis123/ps2chd/resolve/main/Thing, The (USA).chd
ps2_chd.html;Thrillville (USA) (v1.03).chd;https://archive.org/download/ps2-redump-usa-chd-part-T/Thrillville (USA) (v1.03).chd;1.74 GB;JOGO_EXISTE_OUTRO_LINK;Existe no banco (rom_id 377482, source 1): https://huggingface.co/datasets/luisluis123/ps2chd/resolve/main/Thrillville (USA) (v1.03).chd
ps2_chd.html;Thrillville (USA) (v2.00).chd;https://archive.org/download/ps2-redump-usa-chd-part-T/Thrillville (USA) (v2.00).chd;1.76 GB;JOGO_EXISTE_OUTRO_LINK;Existe no banco (rom_id 377482, source 1): https://huggingface.co/datasets/luisluis123/ps2chd/resolve/main/Thrillville (USA) (v1.03).chd
ps2_chd.html;Thrillville - Off the Rails (USA).chd;https://archive.org/download/ps2-redump-usa-chd-part-T/Thrillville - Off the Rails (USA).chd;2.07 GB;JOGO_EXISTE_OUTRO_LINK;Existe no banco (rom_id 377484, source 1): https://huggingface.co/datasets/luisluis123/ps2chd/resolve/main/Thrillville - Off the Rails (USA).chd
ps2_chd.html;Thunder Strike - Operation Phoenix (USA) (v1.00).chd;https://archive.org/download/ps2-redump-usa-chd-part-T/Thunder Strike - Operation Phoenix (USA) (v1.00).chd;546.35 MB;JOGO_EXISTE_OUTRO_LINK;Existe no banco (rom_id 377485, source 1): https://huggingface.co/datasets/luisluis123/ps2chd/resolve/main/Thunder Strike - Operation Phoenix (USA) (v1.00).chd
ps2_chd.html;Thunder Strike - Operation Phoenix (USA) (v2.00).chd;https://archive.org/download/ps2-redump-usa-chd-part-T/Thunder Strike - Operation Phoenix (USA) (v2.00).chd;545.88 MB;JOGO_EXISTE_OUTRO_LINK;Existe no banco (rom_id 377485, source 1): https://huggingface.co/datasets/luisluis123/ps2chd/resolve/main/Thunder Strike - Operation Phoenix (USA) (v1.00).chd
ps2_chd.html;Tiger Woods PGA Tour 06 (USA).chd;https://archive.org/download/ps2-redump-usa-chd-part-T/Tiger Woods PGA Tour 06 (USA).chd;1.69 GB;JOGO_EXISTE_OUTRO_LINK;Existe no banco (rom_id 377487, source 1): https://huggingface.co/datasets/luisluis123/ps2chd/resolve/main/Tiger Woods PGA Tour 06 (USA).chd
ps2_chd.html;Tiger Woods PGA Tour 07 (USA).chd;https://archive.org/download/ps2-redump-usa-chd-part-T/Tiger Woods PGA Tour 07 (USA).chd;2.23 GB;JOGO_EXISTE_OUTRO_LINK;Existe no banco (rom_id 377488, source 1): https://huggingface.co/datasets/luisluis123/ps2chd/resolve/main/Tiger Woods PGA Tour 07 (USA).chd
ps2_chd.html;Tiger Woods PGA Tour 08 (USA).chd;https://archive.org/download/ps2-redump-usa-chd-part-T/Tiger Woods PGA Tour 08 (USA).chd;2.74 GB;JOGO_EXISTE_OUTRO_LINK;Existe no banco (rom_id 377489, source 1): https://huggingface.co/datasets/luisluis123/ps2chd/resolve/main/Tiger Woods PGA Tour 08 (USA).chd
ps2_chd.html;Tiger Woods PGA Tour 09 (USA).chd;https://archive.org/download/ps2-redump-usa-chd-part-T/Tiger Woods PGA Tour 09 (USA).chd;2.00 GB;JOGO_EXISTE_OUTRO_LINK;Existe no banco (rom_id 377490, source 1): https://huggingface.co/datasets/luisluis123/ps2chd/resolve/main/Tiger Woods PGA Tour 09 (USA).chd
ps2_chd.html;Tiger Woods PGA Tour 10 (USA).chd;https://archive.org/download/ps2-redump-usa-chd-part-T/Tiger Woods PGA Tour 10 (USA).chd;1.90 GB;JOGO_EXISTE_OUTRO_LINK;Existe no banco (rom_id 377491, source 1): https://huggingface.co/datasets/luisluis123/ps2chd/resolve/main/Tiger Woods PGA Tour 10 (USA).chd
ps2_chd.html;Tiger Woods PGA Tour 2001 (USA).chd;https://archive.org/download/ps2-redump-usa-chd-part-T/Tiger Woods PGA Tour 2001 (USA).chd;280.50 MB;JOGO_EXISTE_OUTRO_LINK;Existe no banco (rom_id 377492, source 1): https://huggingface.co/datasets/luisluis123/ps2chd/resolve/main/Tiger Woods PGA Tour 2001 (USA).chd
ps2_chd.html;Tiger Woods PGA Tour 2002 (USA).chd;https://archive.org/download/ps2-redump-usa-chd-part-T/Tiger Woods PGA Tour 2002 (USA).chd;678.00 MB;JOGO_EXISTE_OUTRO_LINK;Existe no banco (rom_id 377493, source 1): https://huggingface.co/datasets/luisluis123/ps2chd/resolve/main/Tiger Woods PGA Tour 2002 (USA).chd
ps2_chd.html;Tiger Woods PGA Tour 2003 (USA).chd;https://archive.org/download/ps2-redump-usa-chd-part-T/Tiger Woods PGA Tour 2003 (USA).chd;1.60 GB;JOGO_EXISTE_OUTRO_LINK;Existe no banco (rom_id 377494, source 1): https://huggingface.co/datasets/luisluis123/ps2chd/resolve/main/Tiger Woods PGA Tour 2003 (USA).chd
ps2_chd.html;Tiger Woods PGA Tour 2004 (USA).chd;https://archive.org/download/ps2-redump-usa-chd-part-T/Tiger Woods PGA Tour 2004 (USA).chd;2.37 GB;JOGO_EXISTE_OUTRO_LINK;Existe no banco (rom_id 377495, source 1): https://huggingface.co/datasets/luisluis123/ps2chd/resolve/main/Tiger Woods PGA Tour 2004 (USA).chd
ps2_chd.html;Tiger Woods PGA Tour 2005 (USA).chd;https://archive.org/download/ps2-redump-usa-chd-part-T/Tiger Woods PGA Tour 2005 (USA).chd;2.40 GB;JOGO_EXISTE_OUTRO_LINK;Existe no banco (rom_id 377496, source 1): https://huggingface.co/datasets/luisluis123/ps2chd/resolve/main/Tiger Woods PGA Tour 2005 (USA).chd
ps2_chd.html;Tim Burton's The Nightmare Before Christmas - Oogie's Revenge (USA).chd;https://archive.org/download/ps2-redump-usa-chd-part-T/Tim Burton's The Nightmare Before Christmas - Oogie's Revenge (USA).chd;2.51 GB;JOGO_EXISTE_OUTRO_LINK;Existe no banco (rom_id 377497, source 1): https://huggingface.co/datasets/luisluis123/ps2chd/resolve/main/Tim Burton's The Nightmare Before Christmas - Oogie's Revenge (USA).chd
ps2_chd.html;Time Crisis - Crisis Zone (USA).chd;https://archive.org/download/ps2-redump-usa-chd-part-T/Time Crisis - Crisis Zone (USA).chd;262.77 MB;JOGO_EXISTE_OUTRO_LINK;Existe no banco (rom_id 377498, source 1): https://huggingface.co/datasets/luisluis123/ps2chd/resolve/main/Time Crisis - Crisis Zone (USA).chd
ps2_chd.html;Time Crisis 3 (USA).chd;https://archive.org/download/ps2-redump-usa-chd-part-T/Time Crisis 3 (USA).chd;1.30 GB;JOGO_EXISTE_OUTRO_LINK;Existe no banco (rom_id 377499, source 1): https://huggingface.co/datasets/luisluis123/ps2chd/resolve/main/Time Crisis 3 (USA).chd
ps2_chd.html;Time Crisis II (USA).chd;https://archive.org/download/ps2-redump-usa-chd-part-T/Time Crisis II (USA).chd;511.10 MB;JOGO_EXISTE_OUTRO_LINK;Existe no banco (rom_id 377500, source 1): https://huggingface.co/datasets/luisluis123/ps2chd/resolve/main/Time Crisis II (USA).chd
ps2_chd.html;TimeSplitters (USA) (v1.10).chd;https://archive.org/download/ps2-redump-usa-chd-part-T/TimeSplitters (USA) (v1.10).chd;328.81 MB;JOGO_EXISTE_OUTRO_LINK;Existe no banco (rom_id 377501, source 1): https://huggingface.co/datasets/luisluis123/ps2chd/resolve/main/TimeSplitters (USA) (v1.10).chd
ps2_chd.html;TimeSplitters (USA) (v2.00).chd;https://archive.org/download/ps2-redump-usa-chd-part-T/TimeSplitters (USA) (v2.00).chd;329.00 MB;JOGO_EXISTE_OUTRO_LINK;Existe no banco (rom_id 377501, source 1): https://huggingface.co/datasets/luisluis123/ps2chd/resolve/main/TimeSplitters (USA) (v1.10).chd
ps2_chd.html;TimeSplitters - Future Perfect (USA).chd;https://archive.org/download/ps2-redump-usa-chd-part-T/TimeSplitters - Future Perfect (USA).chd;2.83 GB;JOGO_EXISTE_OUTRO_LINK;Existe no banco (rom_id 377503, source 1): https://huggingface.co/datasets/luisluis123/ps2chd/resolve/main/TimeSplitters - Future Perfect (USA).chd
ps2_chd.html;TimeSplitters 2 (USA).chd;https://archive.org/download/ps2-redump-usa-chd-part-T/TimeSplitters 2 (USA).chd;1.05 GB;JOGO_EXISTE_OUTRO_LINK;Existe no banco (rom_id 377504, source 1): https://huggingface.co/datasets/luisluis123/ps2chd/resolve/main/TimeSplitters 2 (USA).chd
ps2_chd.html;Tokobot Plus - Mysteries of the Karakuri (USA).chd;https://archive.org/download/ps2-redump-usa-chd-part-T/Tokobot Plus - Mysteries of the Karakuri (USA).chd;2.59 GB;JOGO_EXISTE_OUTRO_LINK;Existe no banco (rom_id 377505, source 1): https://huggingface.co/datasets/luisluis123/ps2chd/resolve/main/Tokobot Plus - Mysteries of the Karakuri (USA).chd
ps2_chd.html;Tokyo Xtreme Racer - Drift (USA).chd;https://archive.org/download/ps2-redump-usa-chd-part-T/Tokyo Xtreme Racer - Drift (USA).chd;1.35 GB;JOGO_EXISTE_OUTRO_LINK;Existe no banco (rom_id 377506, source 1): https://huggingface.co/datasets/luisluis123/ps2chd/resolve/main/Tokyo Xtreme Racer - Drift (USA).chd
ps2_chd.html;Tokyo Xtreme Racer - Drift 2 (USA).chd;https://archive.org/download/ps2-redump-usa-chd-part-T/Tokyo Xtreme Racer - Drift 2 (USA).chd;3.35 GB;JOGO_EXISTE_OUTRO_LINK;Existe no banco (rom_id 377507, source 1): https://huggingface.co/datasets/luisluis123/ps2chd/resolve/main/Tokyo Xtreme Racer - Drift 2 (USA).chd
ps2_chd.html;Tokyo Xtreme Racer - Zero (USA).chd;https://archive.org/download/ps2-redump-usa-chd-part-T/Tokyo Xtreme Racer - Zero (USA).chd;1.04 GB;JOGO_EXISTE_OUTRO_LINK;Existe no banco (rom_id 377508, source 1): https://huggingface.co/datasets/luisluis123/ps2chd/resolve/main/Tokyo Xtreme Racer - Zero (USA).chd
ps2_chd.html;Tokyo Xtreme Racer 3 (USA).chd;https://archive.org/download/ps2-redump-usa-chd-part-T/Tokyo Xtreme Racer 3 (USA).chd;2.19 GB;JOGO_EXISTE_OUTRO_LINK;Existe no banco (rom_id 377509, source 1): https://huggingface.co/datasets/luisluis123/ps2chd/resolve/main/Tokyo Xtreme Racer 3 (USA).chd
ps2_chd.html;Tom Clancy's Ghost Recon (USA).chd;https://archive.org/download/ps2-redump-usa-chd-part-T/Tom Clancy's Ghost Recon (USA).chd;1.33 GB;JOGO_EXISTE_OUTRO_LINK;Existe no banco (rom_id 377510, source 1): https://huggingface.co/datasets/luisluis123/ps2chd/resolve/main/Tom Clancy's Ghost Recon (USA).chd
ps2_chd.html;Tom Clancy's Ghost Recon - Advanced Warfighter (USA).chd;https://archive.org/download/ps2-redump-usa-chd-part-T/Tom Clancy's Ghost Recon - Advanced Warfighter (USA).chd;2.19 GB;JOGO_EXISTE_OUTRO_LINK;Existe no banco (rom_id 377511, source 1): https://huggingface.co/datasets/luisluis123/ps2chd/resolve/main/Tom Clancy's Ghost Recon - Advanced Warfighter (USA).chd
ps2_chd.html;Tom Clancy's Ghost Recon - Jungle Storm (USA).chd;https://archive.org/download/ps2-redump-usa-chd-part-T/Tom Clancy's Ghost Recon - Jungle Storm (USA).chd;797.11 MB;JOGO_EXISTE_OUTRO_LINK;Existe no banco (rom_id 377512, source 1): https://huggingface.co/datasets/luisluis123/ps2chd/resolve/main/Tom Clancy's Ghost Recon - Jungle Storm (USA).chd
ps2_chd.html;Tom Clancy's Ghost Recon 2 (USA) (En,Fr,Es).chd;https://archive.org/download/ps2-redump-usa-chd-part-T/Tom Clancy's Ghost Recon 2 (USA) (En,Fr,Es).chd;2.23 GB;JOGO_EXISTE_OUTRO_LINK;Existe no banco (rom_id 377513, source 1): https://huggingface.co/datasets/luisluis123/ps2chd/resolve/main/Tom Clancy's Ghost Recon 2 (USA) (En,Fr,Es).chd
ps2_chd.html;Tom Clancy's Rainbow Six - Lockdown (USA).chd;https://archive.org/download/ps2-redump-usa-chd-part-T/Tom Clancy's Rainbow Six - Lockdown (USA).chd;2.87 GB;JOGO_EXISTE_OUTRO_LINK;Existe no banco (rom_id 377514, source 1): https://huggingface.co/datasets/luisluis123/ps2chd/resolve/main/Tom Clancy's Rainbow Six - Lockdown (USA).chd
ps2_chd.html;Tom Clancy's Rainbow Six 3 (USA).chd;https://archive.org/download/ps2-redump-usa-chd-part-T/Tom Clancy's Rainbow Six 3 (USA).chd;1.94 GB;JOGO_EXISTE_OUTRO_LINK;Existe no banco (rom_id 377515, source 1): https://huggingface.co/datasets/luisluis123/ps2chd/resolve/main/Tom Clancy's Rainbow Six 3 (USA).chd
ps2_chd.html;Tom Clancy's Splinter Cell (USA).chd;https://archive.org/download/ps2-redump-usa-chd-part-T/Tom Clancy's Splinter Cell (USA).chd;2.48 GB;JOGO_EXISTE_OUTRO_LINK;Existe no banco (rom_id 377516, source 1): https://huggingface.co/datasets/luisluis123/ps2chd/resolve/main/Tom Clancy's Splinter Cell (USA).chd
ps2_chd.html;Tom Clancy's Splinter Cell - Chaos Theory (USA) (En,Fr,Es).chd;https://archive.org/download/ps2-redump-usa-chd-part-T/Tom Clancy's Splinter Cell - Chaos Theory (USA) (En,Fr,Es).chd;3.16 GB;JOGO_EXISTE_OUTRO_LINK;Existe no banco (rom_id 377517, source 1): https://huggingface.co/datasets/luisluis123/ps2chd/resolve/main/Tom Clancy's Splinter Cell - Chaos Theory (USA) (En,Fr,Es).chd
ps2_chd.html;Tom Clancy's Splinter Cell - Double Agent (USA) (En,Fr,Es).chd;https://archive.org/download/ps2-redump-usa-chd-part-T/Tom Clancy's Splinter Cell - Double Agent (USA) (En,Fr,Es).chd;2.53 GB;JOGO_EXISTE_OUTRO_LINK;Existe no banco (rom_id 377518, source 1): https://huggingface.co/datasets/luisluis123/ps2chd/resolve/main/Tom Clancy's Splinter Cell - Double Agent (USA) (En,Fr,Es).chd
ps2_chd.html;Tom Clancy's Splinter Cell - Pandora Tomorrow (USA).chd;https://archive.org/download/ps2-redump-usa-chd-part-T/Tom Clancy's Splinter Cell - Pandora Tomorrow (USA).chd;1.44 GB;JOGO_EXISTE_OUTRO_LINK;Existe no banco (rom_id 377519, source 1): https://huggingface.co/datasets/luisluis123/ps2chd/resolve/main/Tom Clancy's Splinter Cell - Pandora Tomorrow (USA).chd
ps2_chd.html;Tom and Jerry in War of the Whiskers (USA) (En,Es).chd;https://archive.org/download/ps2-redump-usa-chd-part-T/Tom and Jerry in War of the Whiskers (USA) (En,Es).chd;368.13 MB;JOGO_EXISTE_OUTRO_LINK;Existe no banco (rom_id 377520, source 1): https://huggingface.co/datasets/luisluis123/ps2chd/resolve/main/Tom and Jerry in War of the Whiskers (USA) (En,Es).chd
ps2_chd.html;Tomb Raider - Underworld (USA) (En,Fr,Es).chd;https://archive.org/download/ps2-redump-usa-chd-part-T/Tomb Raider - Underworld (USA) (En,Fr,Es).chd;1.41 GB;JOGO_EXISTE_OUTRO_LINK;Existe no banco (rom_id 377521, source 1): https://huggingface.co/datasets/luisluis123/ps2chd/resolve/main/Tomb Raider - Underworld (USA) (En,Fr,Es).chd
ps2_chd.html;Tony Hawk's American Wasteland (USA) (Collector's Edition).chd;https://archive.org/download/ps2-redump-usa-chd-part-T/Tony Hawk's American Wasteland (USA) (Collector's Edition).chd;2.65 GB;JOGO_EXISTE_OUTRO_LINK;Existe no banco (rom_id 377522, source 1): https://huggingface.co/datasets/luisluis123/ps2chd/resolve/main/Tony Hawk's American Wasteland (USA) (Collector's Edition).chd
ps2_chd.html;Tony Hawk's American Wasteland (USA).chd;https://archive.org/download/ps2-redump-usa-chd-part-T/Tony Hawk's American Wasteland (USA).chd;2.31 GB;JOGO_EXISTE_OUTRO_LINK;Existe no banco (rom_id 377522, source 1): https://huggingface.co/datasets/luisluis123/ps2chd/resolve/main/Tony Hawk's American Wasteland (USA) (Collector's Edition).chd
ps2_chd.html;Tony Hawk's Downhill Jam (USA).chd;https://archive.org/download/ps2-redump-usa-chd-part-T/Tony Hawk's Downhill Jam (USA).chd;1.75 GB;JOGO_EXISTE_OUTRO_LINK;Existe no banco (rom_id 377524, source 1): https://huggingface.co/datasets/luisluis123/ps2chd/resolve/main/Tony Hawk's Downhill Jam (USA).chd
ps2_chd.html;Tony Hawk's Pro Skater 3 (USA) (Rev 1).chd;https://archive.org/download/ps2-redump-usa-chd-part-T/Tony Hawk's Pro Skater 3 (USA) (Rev 1).chd;2.69 GB;JOGO_EXISTE_OUTRO_LINK;Existe no banco (rom_id 377525, source 1): https://huggingface.co/datasets/luisluis123/ps2chd/resolve/main/Tony Hawk's Pro Skater 3 (USA) (Rev 1).chd
ps2_chd.html;Tony Hawk's Pro Skater 3 (USA).chd;https://archive.org/download/ps2-redump-usa-chd-part-T/Tony Hawk's Pro Skater 3 (USA).chd;2.68 GB;JOGO_EXISTE_OUTRO_LINK;Existe no banco (rom_id 377525, source 1): https://huggingface.co/datasets/luisluis123/ps2chd/resolve/main/Tony Hawk's Pro Skater 3 (USA) (Rev 1).chd
ps2_chd.html;Tony Hawk's Pro Skater 4 (USA) (v1.02).chd;https://archive.org/download/ps2-redump-usa-chd-part-T/Tony Hawk's Pro Skater 4 (USA) (v1.02).chd;2.74 GB;JOGO_EXISTE_OUTRO_LINK;Existe no banco (rom_id 377527, source 1): https://huggingface.co/datasets/luisluis123/ps2chd/resolve/main/Tony Hawk's Pro Skater 4 (USA) (v1.02).chd
ps2_chd.html;Tony Hawk's Pro Skater 4 (USA) (v2.01).chd;https://archive.org/download/ps2-redump-usa-chd-part-T/Tony Hawk's Pro Skater 4 (USA) (v2.01).chd;2.74 GB;JOGO_EXISTE_OUTRO_LINK;Existe no banco (rom_id 377527, source 1): https://huggingface.co/datasets/luisluis123/ps2chd/resolve/main/Tony Hawk's Pro Skater 4 (USA) (v1.02).chd
ps2_chd.html;Tony Hawk's Project 8 (USA).chd;https://archive.org/download/ps2-redump-usa-chd-part-T/Tony Hawk's Project 8 (USA).chd;3.06 GB;JOGO_EXISTE_OUTRO_LINK;Existe no banco (rom_id 377529, source 1): https://huggingface.co/datasets/luisluis123/ps2chd/resolve/main/Tony Hawk's Project 8 (USA).chd
ps2_chd.html;Tony Hawk's Proving Ground (USA).chd;https://archive.org/download/ps2-redump-usa-chd-part-T/Tony Hawk's Proving Ground (USA).chd;1.89 GB;JOGO_EXISTE_OUTRO_LINK;Existe no banco (rom_id 377530, source 1): https://huggingface.co/datasets/luisluis123/ps2chd/resolve/main/Tony Hawk's Proving Ground (USA).chd
ps2_chd.html;Tony Hawk's Underground (USA).chd;https://archive.org/download/ps2-redump-usa-chd-part-T/Tony Hawk's Underground (USA).chd;3.45 GB;JOGO_EXISTE_OUTRO_LINK;Existe no banco (rom_id 377531, source 1): https://huggingface.co/datasets/luisluis123/ps2chd/resolve/main/Tony Hawk's Underground (USA).chd
ps2_chd.html;Tony Hawk's Underground 2 (USA).chd;https://archive.org/download/ps2-redump-usa-chd-part-T/Tony Hawk's Underground 2 (USA).chd;2.34 GB;JOGO_EXISTE_OUTRO_LINK;Existe no banco (rom_id 377532, source 1): https://huggingface.co/datasets/luisluis123/ps2chd/resolve/main/Tony Hawk's Underground 2 (USA).chd
ps2_chd.html;Top Angler - Real Bass Fishing (USA).chd;https://archive.org/download/ps2-redump-usa-chd-part-T/Top Angler - Real Bass Fishing (USA).chd;541.18 MB;JOGO_EXISTE_OUTRO_LINK;Existe no banco (rom_id 377533, source 1): https://huggingface.co/datasets/luisluis123/ps2chd/resolve/main/Top Angler - Real Bass Fishing (USA).chd
ps2_chd.html;Top Gear Dare Devil (USA).chd;https://archive.org/download/ps2-redump-usa-chd-part-T/Top Gear Dare Devil (USA).chd;318.59 MB;JOGO_EXISTE_OUTRO_LINK;Existe no banco (rom_id 377534, source 1): https://huggingface.co/datasets/luisluis123/ps2chd/resolve/main/Top Gear Dare Devil (USA).chd
ps2_chd.html;Top Gun - Combat Zones (USA).chd;https://archive.org/download/ps2-redump-usa-chd-part-T/Top Gun - Combat Zones (USA).chd;508.64 MB;JOGO_EXISTE_OUTRO_LINK;Existe no banco (rom_id 377535, source 1): https://huggingface.co/datasets/luisluis123/ps2chd/resolve/main/Top Gun - Combat Zones (USA).chd
ps2_chd.html;Top Spin (USA) (En,Fr).chd;https://archive.org/download/ps2-redump-usa-chd-part-T/Top Spin (USA) (En,Fr).chd;1.20 GB;JOGO_EXISTE_OUTRO_LINK;Existe no banco (rom_id 377536, source 1): https://huggingface.co/datasets/luisluis123/ps2chd/resolve/main/Top Spin (USA) (En,Fr).chd
ps2_chd.html;Torino 2006 (USA).chd;https://archive.org/download/ps2-redump-usa-chd-part-T/Torino 2006 (USA).chd;336.46 MB;JOGO_EXISTE_OUTRO_LINK;Existe no banco (rom_id 377537, source 1): https://huggingface.co/datasets/luisluis123/ps2chd/resolve/main/Torino 2006 (USA).chd
ps2_chd.html;Total Immersion Racing (USA).chd;https://archive.org/download/ps2-redump-usa-chd-part-T/Total Immersion Racing (USA).chd;316.08 MB;JOGO_EXISTE_OUTRO_LINK;Existe no banco (rom_id 377538, source 1): https://huggingface.co/datasets/luisluis123/ps2chd/resolve/main/Total Immersion Racing (USA).chd
ps2_chd.html;Total Overdose - A Gunslinger's Tale in Mexico (USA) (En,Fr,Es).chd;https://archive.org/download/ps2-redump-usa-chd-part-T/Total Overdose - A Gunslinger's Tale in Mexico (USA) (En,Fr,Es).chd;2.26 GB;JOGO_EXISTE_OUTRO_LINK;Existe no banco (rom_id 377539, source 1): https://huggingface.co/datasets/luisluis123/ps2chd/resolve/main/Total Overdose - A Gunslinger's Tale in Mexico (USA) (En,Fr,Es).chd
ps2_chd.html;Totally Spies! Totally Party (USA).chd;https://archive.org/download/ps2-redump-usa-chd-part-T/Totally Spies! Totally Party (USA).chd;815.34 MB;JOGO_EXISTE_OUTRO_LINK;Existe no banco (rom_id 377540, source 1): https://huggingface.co/datasets/luisluis123/ps2chd/resolve/main/Totally Spies! Totally Party (USA).chd
ps2_chd.html;Tourist Trophy - The Real Riding Simulator (USA).chd;https://archive.org/download/ps2-redump-usa-chd-part-T/Tourist Trophy - The Real Riding Simulator (USA).chd;2.41 GB;JOGO_EXISTE_OUTRO_LINK;Existe no banco (rom_id 377541, source 1): https://huggingface.co/datasets/luisluis123/ps2chd/resolve/main/Tourist Trophy - The Real Riding Simulator (USA).chd
ps2_chd.html;TransWorld Surf (USA).chd;https://archive.org/download/ps2-redump-usa-chd-part-T/TransWorld Surf (USA).chd;3.92 GB;JOGO_EXISTE_OUTRO_LINK;Existe no banco (rom_id 377542, source 1): https://huggingface.co/datasets/luisluis123/ps2chd/resolve/main/TransWorld Surf (USA).chd
ps2_chd.html;Transformers (USA).chd;https://archive.org/download/ps2-redump-usa-chd-part-T/Transformers (USA).chd;2.38 GB;JOGO_EXISTE_OUTRO_LINK;Existe no banco (rom_id 377543, source 1): https://huggingface.co/datasets/luisluis123/ps2chd/resolve/main/Transformers (USA).chd
ps2_chd.html;Transformers - Revenge of the Fallen (USA).chd;https://archive.org/download/ps2-redump-usa-chd-part-T/Transformers - Revenge of the Fallen (USA).chd;2.35 GB;JOGO_EXISTE_OUTRO_LINK;Existe no banco (rom_id 377544, source 1): https://huggingface.co/datasets/luisluis123/ps2chd/resolve/main/Transformers - Revenge of the Fallen (USA).chd
ps2_chd.html;Transformers - The Game (USA).chd;https://archive.org/download/ps2-redump-usa-chd-part-T/Transformers - The Game (USA).chd;1.77 GB;JOGO_EXISTE_OUTRO_LINK;Existe no banco (rom_id 377545, source 1): https://huggingface.co/datasets/luisluis123/ps2chd/resolve/main/Transformers - The Game (USA).chd
ps2_chd.html;Trapt (USA).chd;https://archive.org/download/ps2-redump-usa-chd-part-T/Trapt (USA).chd;920.86 MB;JOGO_EXISTE_OUTRO_LINK;Existe no banco (rom_id 377546, source 1): https://huggingface.co/datasets/luisluis123/ps2chd/resolve/main/Trapt (USA).chd
ps2_chd.html;Tribes - Aerial Assault (USA).chd;https://archive.org/download/ps2-redump-usa-chd-part-T/Tribes - Aerial Assault (USA).chd;301.07 MB;JOGO_EXISTE_OUTRO_LINK;Existe no banco (rom_id 377547, source 1): https://huggingface.co/datasets/luisluis123/ps2chd/resolve/main/Tribes - Aerial Assault (USA).chd
ps2_chd.html;Trigger Man (USA).chd;https://archive.org/download/ps2-redump-usa-chd-part-T/Trigger Man (USA).chd;123.37 MB;JOGO_EXISTE_OUTRO_LINK;Existe no banco (rom_id 377548, source 1): https://huggingface.co/datasets/luisluis123/ps2chd/resolve/main/Trigger Man (USA).chd
ps2_chd.html;Triple Play 2002 (USA).chd;https://archive.org/download/ps2-redump-usa-chd-part-T/Triple Play 2002 (USA).chd;1.05 GB;JOGO_EXISTE_OUTRO_LINK;Existe no banco (rom_id 377549, source 1): https://huggingface.co/datasets/luisluis123/ps2chd/resolve/main/Triple Play 2002 (USA).chd
ps2_chd.html;Triple Play Baseball (USA).chd;https://archive.org/download/ps2-redump-usa-chd-part-T/Triple Play Baseball (USA).chd;411.70 MB;JOGO_EXISTE_OUTRO_LINK;Existe no banco (rom_id 377550, source 1): https://huggingface.co/datasets/luisluis123/ps2chd/resolve/main/Triple Play Baseball (USA).chd
ps2_chd.html;Trivial Pursuit (USA).chd;https://archive.org/download/ps2-redump-usa-chd-part-T/Trivial Pursuit (USA).chd;402.04 MB;JOGO_EXISTE_OUTRO_LINK;Existe no banco (rom_id 377551, source 1): https://huggingface.co/datasets/luisluis123/ps2chd/resolve/main/Trivial Pursuit (USA).chd
ps2_chd.html;Trivial Pursuit - Unhinged (USA).chd;https://archive.org/download/ps2-redump-usa-chd-part-T/Trivial Pursuit - Unhinged (USA).chd;2.63 GB;JOGO_EXISTE_OUTRO_LINK;Existe no banco (rom_id 377552, source 1): https://huggingface.co/datasets/luisluis123/ps2chd/resolve/main/Trivial Pursuit - Unhinged (USA).chd
ps2_chd.html;True Crime - New York City (USA).chd;https://archive.org/download/ps2-redump-usa-chd-part-T/True Crime - New York City (USA).chd;1.96 GB;JOGO_EXISTE_OUTRO_LINK;Existe no banco (rom_id 377553, source 1): https://huggingface.co/datasets/luisluis123/ps2chd/resolve/main/True Crime - New York City (USA).chd
ps2_chd.html;True Crime - Streets of LA (USA).chd;https://archive.org/download/ps2-redump-usa-chd-part-T/True Crime - Streets of LA (USA).chd;1.71 GB;JOGO_EXISTE_OUTRO_LINK;Existe no banco (rom_id 377554, source 1): https://huggingface.co/datasets/luisluis123/ps2chd/resolve/main/True Crime - Streets of LA (USA).chd
ps2_chd.html;Tsugunai - Atonement (USA).chd;https://archive.org/download/ps2-redump-usa-chd-part-T/Tsugunai - Atonement (USA).chd;450.89 MB;JOGO_EXISTE_OUTRO_LINK;Existe no banco (rom_id 377555, source 1): https://huggingface.co/datasets/luisluis123/ps2chd/resolve/main/Tsugunai - Atonement (USA).chd
ps2_chd.html;Turok - Evolution (USA).chd;https://archive.org/download/ps2-redump-usa-chd-part-T/Turok - Evolution (USA).chd;1.25 GB;JOGO_EXISTE_OUTRO_LINK;Existe no banco (rom_id 377556, source 1): https://huggingface.co/datasets/luisluis123/ps2chd/resolve/main/Turok - Evolution (USA).chd
ps2_chd.html;Twisted Metal - Black (USA).chd;https://archive.org/download/ps2-redump-usa-chd-part-T/Twisted Metal - Black (USA).chd;3.17 GB;JOGO_EXISTE_OUTRO_LINK;Existe no banco (rom_id 377557, source 1): https://huggingface.co/datasets/luisluis123/ps2chd/resolve/main/Twisted Metal - Black (USA).chd
ps2_chd.html;Twisted Metal - Black Online (USA).chd;https://archive.org/download/ps2-redump-usa-chd-part-T/Twisted Metal - Black Online (USA).chd;341.53 MB;JOGO_EXISTE_OUTRO_LINK;Existe no banco (rom_id 377558, source 1): https://huggingface.co/datasets/luisluis123/ps2chd/resolve/main/Twisted Metal - Black Online (USA).chd
ps2_chd.html;Twisted Metal - Head-On - Extra Twisted Edition (USA).chd;https://archive.org/download/ps2-redump-usa-chd-part-T/Twisted Metal - Head-On - Extra Twisted Edition (USA).chd;3.38 GB;JOGO_EXISTE_OUTRO_LINK;Existe no banco (rom_id 377559, source 1): https://huggingface.co/datasets/luisluis123/ps2chd/resolve/main/Twisted Metal - Head-On - Extra Twisted Edition (USA).chd
ps2_chd.html;UEFA Champions League 2006-2007 (USA).chd;https://archive.org/download/ps2-redump-usa-chd-part-U/UEFA Champions League 2006-2007 (USA).chd;1.52 GB;JOGO_EXISTE_OUTRO_LINK;Existe no banco (rom_id 377560, source 1): https://huggingface.co/datasets/luisluis123/ps2chd/resolve/main/UEFA Champions League 2006-2007 (USA).chd
ps2_chd.html;UEFA Euro 2004 - Portugal (USA) (En,Es).chd;https://archive.org/download/ps2-redump-usa-chd-part-U/UEFA Euro 2004 - Portugal (USA) (En,Es).chd;1.04 GB;JOGO_EXISTE_OUTRO_LINK;Existe no banco (rom_id 377561, source 1): https://huggingface.co/datasets/luisluis123/ps2chd/resolve/main/UEFA Euro 2004 - Portugal (USA) (En,Es).chd
ps2_chd.html;UEFA Euro 2008 - Austria-Switzerland (USA).chd;https://archive.org/download/ps2-redump-usa-chd-part-U/UEFA Euro 2008 - Austria-Switzerland (USA).chd;1.79 GB;JOGO_EXISTE_OUTRO_LINK;Existe no banco (rom_id 377562, source 1): https://huggingface.co/datasets/luisluis123/ps2chd/resolve/main/UEFA Euro 2008 - Austria-Switzerland (USA).chd
ps2_chd.html;UFC - Throwdown (USA).chd;https://archive.org/download/ps2-redump-usa-chd-part-U/UFC - Throwdown (USA).chd;410.88 MB;JOGO_EXISTE_OUTRO_LINK;Existe no banco (rom_id 377563, source 1): https://huggingface.co/datasets/luisluis123/ps2chd/resolve/main/UFC - Throwdown (USA).chd
ps2_chd.html;UFC - Ultimate Fighting Championship - Sudden Impact (USA).chd;https://archive.org/download/ps2-redump-usa-chd-part-U/UFC - Ultimate Fighting Championship - Sudden Impact (USA).chd;1.31 GB;JOGO_EXISTE_OUTRO_LINK;Existe no banco (rom_id 377564, source 1): https://huggingface.co/datasets/luisluis123/ps2chd/resolve/main/UFC - Ultimate Fighting Championship - Sudden Impact (USA).chd
ps2_chd.html;Ultimate Board Game Collection (USA).chd;https://archive.org/download/ps2-redump-usa-chd-part-U/Ultimate Board Game Collection (USA).chd;206.68 MB;JOGO_EXISTE_OUTRO_LINK;Existe no banco (rom_id 377565, source 1): https://huggingface.co/datasets/luisluis123/ps2chd/resolve/main/Ultimate Board Game Collection (USA).chd
ps2_chd.html;Ultimate Spider-Man (USA) (Limited Edition).chd;https://archive.org/download/ps2-redump-usa-chd-part-U/Ultimate Spider-Man (USA) (Limited Edition).chd;2.81 GB;JOGO_EXISTE_OUTRO_LINK;Existe no banco (rom_id 377566, source 1): https://huggingface.co/datasets/luisluis123/ps2chd/resolve/main/Ultimate Spider-Man (USA) (Limited Edition).chd
ps2_chd.html;Ultimate Spider-Man (USA).chd;https://archive.org/download/ps2-redump-usa-chd-part-U/Ultimate Spider-Man (USA).chd;1.15 GB;JOGO_EXISTE_OUTRO_LINK;Existe no banco (rom_id 377566, source 1): https://huggingface.co/datasets/luisluis123/ps2chd/resolve/main/Ultimate Spider-Man (USA) (Limited Edition).chd
ps2_chd.html;Under the Skin (USA).chd;https://archive.org/download/ps2-redump-usa-chd-part-U/Under the Skin (USA).chd;3.01 GB;JOGO_EXISTE_OUTRO_LINK;Existe no banco (rom_id 377568, source 1): https://huggingface.co/datasets/luisluis123/ps2chd/resolve/main/Under the Skin (USA).chd
ps2_chd.html;Unison - Rebels of Rhythm & Dance (USA).chd;https://archive.org/download/ps2-redump-usa-chd-part-U/Unison - Rebels of Rhythm & Dance (USA).chd;643.44 MB;JOGO_EXISTE_OUTRO_LINK;Existe no banco (rom_id 377569, source 1): https://huggingface.co/datasets/luisluis123/ps2chd/resolve/main/Unison - Rebels of Rhythm & Dance (USA).chd
ps2_chd.html;Unlimited Saga (USA).chd;https://archive.org/download/ps2-redump-usa-chd-part-U/Unlimited Saga (USA).chd;2.18 GB;JOGO_EXISTE_OUTRO_LINK;Existe no banco (rom_id 377570, source 1): https://huggingface.co/datasets/luisluis123/ps2chd/resolve/main/Unlimited Saga (USA).chd
ps2_chd.html;Unreal Tournament (USA).chd;https://archive.org/download/ps2-redump-usa-chd-part-U/Unreal Tournament (USA).chd;274.54 MB;JOGO_EXISTE_OUTRO_LINK;Existe no banco (rom_id 377571, source 1): https://huggingface.co/datasets/luisluis123/ps2chd/resolve/main/Unreal Tournament (USA).chd
ps2_chd.html;Urban Chaos - Riot Response (USA).chd;https://archive.org/download/ps2-redump-usa-chd-part-U/Urban Chaos - Riot Response (USA).chd;2.31 GB;JOGO_EXISTE_OUTRO_LINK;Existe no banco (rom_id 377572, source 1): https://huggingface.co/datasets/luisluis123/ps2chd/resolve/main/Urban Chaos - Riot Response (USA).chd
ps2_chd.html;Urban Reign (USA).chd;https://archive.org/download/ps2-redump-usa-chd-part-U/Urban Reign (USA).chd;1.47 GB;JOGO_EXISTE_OUTRO_LINK;Existe no banco (rom_id 377573, source 1): https://huggingface.co/datasets/luisluis123/ps2chd/resolve/main/Urban Reign (USA).chd
ps2_chd.html;Urbz, The - Sims in the City (USA).chd;https://archive.org/download/ps2-redump-usa-chd-part-U/Urbz, The - Sims in the City (USA).chd;940.61 MB;JOGO_EXISTE_OUTRO_LINK;Existe no banco (rom_id 377574, source 1): https://huggingface.co/datasets/luisluis123/ps2chd/resolve/main/Urbz, The - Sims in the City (USA).chd
ps2_chd.html;V-Rally 3 (USA).chd;https://archive.org/download/ps2-redump-usa-chd-part-V/V-Rally 3 (USA).chd;1.45 GB;JOGO_EXISTE_OUTRO_LINK;Existe no banco (rom_id 377575, source 1): https://huggingface.co/datasets/luisluis123/ps2chd/resolve/main/V-Rally 3 (USA).chd
ps2_chd.html;Valkyrie Profile 2 - Silmeria (USA).chd;https://archive.org/download/ps2-redump-usa-chd-part-V/Valkyrie Profile 2 - Silmeria (USA).chd;3.49 GB;JOGO_EXISTE_OUTRO_LINK;Existe no banco (rom_id 377576, source 1): https://huggingface.co/datasets/luisluis123/ps2chd/resolve/main/Valkyrie Profile 2 - Silmeria (USA).chd
ps2_chd.html;Vampire Night (USA).chd;https://archive.org/download/ps2-redump-usa-chd-part-V/Vampire Night (USA).chd;412.60 MB;JOGO_EXISTE_OUTRO_LINK;Existe no banco (rom_id 377577, source 1): https://huggingface.co/datasets/luisluis123/ps2chd/resolve/main/Vampire Night (USA).chd
ps2_chd.html;Van Helsing (USA).chd;https://archive.org/download/ps2-redump-usa-chd-part-V/Van Helsing (USA).chd;1.04 GB;JOGO_EXISTE_OUTRO_LINK;Existe no banco (rom_id 377578, source 1): https://huggingface.co/datasets/luisluis123/ps2chd/resolve/main/Van Helsing (USA).chd
ps2_chd.html;Vehicular Combat League Presents - Motor Mayhem (USA).chd;https://archive.org/download/ps2-redump-usa-chd-part-V/Vehicular Combat League Presents - Motor Mayhem (USA).chd;873.46 MB;JOGO_EXISTE_OUTRO_LINK;Existe no banco (rom_id 377579, source 1): https://huggingface.co/datasets/luisluis123/ps2chd/resolve/main/Vehicular Combat League Presents - Motor Mayhem (USA).chd
ps2_chd.html;Vexx (USA).chd;https://archive.org/download/ps2-redump-usa-chd-part-V/Vexx (USA).chd;1.57 GB;JOGO_EXISTE_OUTRO_LINK;Existe no banco (rom_id 377580, source 1): https://huggingface.co/datasets/luisluis123/ps2chd/resolve/main/Vexx (USA).chd
ps2_chd.html;Victorious Boxers - Ippo's Road to Glory (USA).chd;https://archive.org/download/ps2-redump-usa-chd-part-V/Victorious Boxers - Ippo's Road to Glory (USA).chd;1.13 GB;JOGO_EXISTE_OUTRO_LINK;Existe no banco (rom_id 377581, source 1): https://huggingface.co/datasets/luisluis123/ps2chd/resolve/main/Victorious Boxers - Ippo's Road to Glory (USA).chd
ps2_chd.html;Victorious Boxers 2 - Fighting Spirit (USA).chd;https://archive.org/download/ps2-redump-usa-chd-part-V/Victorious Boxers 2 - Fighting Spirit (USA).chd;2.11 GB;JOGO_EXISTE_OUTRO_LINK;Existe no banco (rom_id 377582, source 1): https://huggingface.co/datasets/luisluis123/ps2chd/resolve/main/Victorious Boxers 2 - Fighting Spirit (USA).chd
ps2_chd.html;Vietcong - Purple Haze (USA).chd;https://archive.org/download/ps2-redump-usa-chd-part-V/Vietcong - Purple Haze (USA).chd;1020.99 MB;JOGO_EXISTE_OUTRO_LINK;Existe no banco (rom_id 377583, source 1): https://huggingface.co/datasets/luisluis123/ps2chd/resolve/main/Vietcong - Purple Haze (USA).chd
ps2_chd.html;Viewtiful Joe (USA).chd;https://archive.org/download/ps2-redump-usa-chd-part-V/Viewtiful Joe (USA).chd;1.26 GB;JOGO_EXISTE_OUTRO_LINK;Existe no banco (rom_id 377584, source 1): https://huggingface.co/datasets/luisluis123/ps2chd/resolve/main/Viewtiful Joe (USA).chd
ps2_chd.html;Viewtiful Joe 2 (USA).chd;https://archive.org/download/ps2-redump-usa-chd-part-V/Viewtiful Joe 2 (USA).chd;740.58 MB;JOGO_EXISTE_OUTRO_LINK;Existe no banco (rom_id 377585, source 1): https://huggingface.co/datasets/luisluis123/ps2chd/resolve/main/Viewtiful Joe 2 (USA).chd
ps2_chd.html;Virtua Fighter 4 (USA).chd;https://archive.org/download/ps2-redump-usa-chd-part-V/Virtua Fighter 4 (USA).chd;342.88 MB;JOGO_EXISTE_OUTRO_LINK;Existe no banco (rom_id 377586, source 1): https://huggingface.co/datasets/luisluis123/ps2chd/resolve/main/Virtua Fighter 4 (USA).chd
ps2_chd.html;Virtua Fighter 4 - Evolution (USA).chd;https://archive.org/download/ps2-redump-usa-chd-part-V/Virtua Fighter 4 - Evolution (USA).chd;893.77 MB;JOGO_EXISTE_OUTRO_LINK;Existe no banco (rom_id 377587, source 1): https://huggingface.co/datasets/luisluis123/ps2chd/resolve/main/Virtua Fighter 4 - Evolution (USA).chd
ps2_chd.html;Virtua Quest (USA).chd;https://archive.org/download/ps2-redump-usa-chd-part-V/Virtua Quest (USA).chd;1.15 GB;JOGO_EXISTE_OUTRO_LINK;Existe no banco (rom_id 377588, source 1): https://huggingface.co/datasets/luisluis123/ps2chd/resolve/main/Virtua Quest (USA).chd
ps2_chd.html;WRC - World Rally Championship (USA).chd;https://archive.org/download/ps2-redump-usa-chd-part-W/WRC - World Rally Championship (USA).chd;2.50 GB;JOGO_EXISTE_OUTRO_LINK;Existe no banco (rom_id 377589, source 1): https://huggingface.co/datasets/luisluis123/ps2chd/resolve/main/WRC - World Rally Championship (USA).chd
ps2_chd.html;WTA Tour Tennis (USA).chd;https://archive.org/download/ps2-redump-usa-chd-part-W/WTA Tour Tennis (USA).chd;368.64 MB;JOGO_EXISTE_OUTRO_LINK;Existe no banco (rom_id 377590, source 1): https://huggingface.co/datasets/luisluis123/ps2chd/resolve/main/WTA Tour Tennis (USA).chd
ps2_chd.html;WWE All Stars (USA) (En,Fr,De,Es,It).chd;https://archive.org/download/ps2-redump-usa-chd-part-W/WWE All Stars (USA) (En,Fr,De,Es,It).chd;1.33 GB;JOGO_EXISTE_OUTRO_LINK;Existe no banco (rom_id 377591, source 1): https://huggingface.co/datasets/luisluis123/ps2chd/resolve/main/WWE All Stars (USA) (En,Fr,De,Es,It).chd
ps2_chd.html;WWE Crush Hour (USA).chd;https://archive.org/download/ps2-redump-usa-chd-part-W/WWE Crush Hour (USA).chd;869.68 MB;JOGO_EXISTE_OUTRO_LINK;Existe no banco (rom_id 377592, source 1): https://huggingface.co/datasets/luisluis123/ps2chd/resolve/main/WWE Crush Hour (USA).chd
ps2_chd.html;WWE SmackDown vs. Raw 2007 (USA).chd;https://archive.org/download/ps2-redump-usa-chd-part-W/WWE SmackDown vs. Raw 2007 (USA).chd;3.29 GB;JOGO_EXISTE_OUTRO_LINK;Existe no banco (rom_id 377593, source 1): https://huggingface.co/datasets/luisluis123/ps2chd/resolve/main/WWE SmackDown vs. Raw 2007 (USA).chd
ps2_chd.html;WWE SmackDown vs. Raw 2008 (USA).chd;https://archive.org/download/ps2-redump-usa-chd-part-W/WWE SmackDown vs. Raw 2008 (USA).chd;2.89 GB;JOGO_EXISTE_OUTRO_LINK;Existe no banco (rom_id 377594, source 1): https://huggingface.co/datasets/luisluis123/ps2chd/resolve/main/WWE SmackDown vs. Raw 2008 (USA).chd
ps2_chd.html;WWE SmackDown vs. Raw 2009 (USA) (En,Fr).chd;https://archive.org/download/ps2-redump-usa-chd-part-W/WWE SmackDown vs. Raw 2009 (USA) (En,Fr).chd;2.55 GB;JOGO_EXISTE_OUTRO_LINK;Existe no banco (rom_id 377595, source 1): https://huggingface.co/datasets/luisluis123/ps2chd/resolve/main/WWE SmackDown vs. Raw 2009 (USA) (En,Fr).chd
ps2_chd.html;WWE SmackDown vs. Raw 2010 (USA) (En,Fr,Es).chd;https://archive.org/download/ps2-redump-usa-chd-part-W/WWE SmackDown vs. Raw 2010 (USA) (En,Fr,Es).chd;3.18 GB;JOGO_EXISTE_OUTRO_LINK;Existe no banco (rom_id 377596, source 1): https://huggingface.co/datasets/luisluis123/ps2chd/resolve/main/WWE SmackDown vs. Raw 2010 (USA) (En,Fr,Es).chd
ps2_chd.html;WWE SmackDown vs. Raw 2011 (USA) (En,Fr,Es).chd;https://archive.org/download/ps2-redump-usa-chd-part-W/WWE SmackDown vs. Raw 2011 (USA) (En,Fr,Es).chd;2.72 GB;JOGO_EXISTE_OUTRO_LINK;Existe no banco (rom_id 377597, source 1): https://huggingface.co/datasets/luisluis123/ps2chd/resolve/main/WWE SmackDown vs. Raw 2011 (USA) (En,Fr,Es).chd
ps2_chd.html;WWE SmackDown! Here Comes the Pain (USA).chd;https://archive.org/download/ps2-redump-usa-chd-part-W/WWE SmackDown! Here Comes the Pain (USA).chd;2.39 GB;JOGO_EXISTE_OUTRO_LINK;Existe no banco (rom_id 377598, source 1): https://huggingface.co/datasets/luisluis123/ps2chd/resolve/main/WWE SmackDown! Here Comes the Pain (USA).chd
ps2_chd.html;WWE SmackDown! Shut Your Mouth (USA).chd;https://archive.org/download/ps2-redump-usa-chd-part-W/WWE SmackDown! Shut Your Mouth (USA).chd;2.93 GB;JOGO_EXISTE_OUTRO_LINK;Existe no banco (rom_id 377599, source 1): https://huggingface.co/datasets/luisluis123/ps2chd/resolve/main/WWE SmackDown! Shut Your Mouth (USA).chd
ps2_chd.html;WWE SmackDown! vs. Raw (USA).chd;https://archive.org/download/ps2-redump-usa-chd-part-W/WWE SmackDown! vs. Raw (USA).chd;2.39 GB;JOGO_EXISTE_OUTRO_LINK;Existe no banco (rom_id 377600, source 1): https://huggingface.co/datasets/luisluis123/ps2chd/resolve/main/WWE SmackDown! vs. Raw (USA).chd
ps2_chd.html;WWE SmackDown! vs. Raw 2006 (USA).chd;https://archive.org/download/ps2-redump-usa-chd-part-W/WWE SmackDown! vs. Raw 2006 (USA).chd;2.79 GB;JOGO_EXISTE_OUTRO_LINK;Existe no banco (rom_id 377601, source 1): https://huggingface.co/datasets/luisluis123/ps2chd/resolve/main/WWE SmackDown! vs. Raw 2006 (USA).chd
ps2_chd.html;WWF SmackDown! Just Bring It (USA).chd;https://archive.org/download/ps2-redump-usa-chd-part-W/WWF SmackDown! Just Bring It (USA).chd;2.40 GB;JOGO_EXISTE_OUTRO_LINK;Existe no banco (rom_id 377602, source 1): https://huggingface.co/datasets/luisluis123/ps2chd/resolve/main/WWF SmackDown! Just Bring It (USA).chd
ps2_chd.html;Wakeboarding Unleashed featuring Shaun Murray (USA).chd;https://archive.org/download/ps2-redump-usa-chd-part-W/Wakeboarding Unleashed featuring Shaun Murray (USA).chd;4.11 GB;JOGO_EXISTE_OUTRO_LINK;Existe no banco (rom_id 377603, source 1): https://huggingface.co/datasets/luisluis123/ps2chd/resolve/main/Wakeboarding Unleashed featuring Shaun Murray (USA).chd
ps2_chd.html;Wallace & Gromit - The Curse of the Were-Rabbit (USA).chd;https://archive.org/download/ps2-redump-usa-chd-part-W/Wallace & Gromit - The Curse of the Were-Rabbit (USA).chd;864.99 MB;JOGO_EXISTE_OUTRO_LINK;Existe no banco (rom_id 377604, source 1): https://huggingface.co/datasets/luisluis123/ps2chd/resolve/main/Wallace & Gromit - The Curse of the Were-Rabbit (USA).chd
ps2_chd.html;Wallace & Gromit in Project Zoo (USA).chd;https://archive.org/download/ps2-redump-usa-chd-part-W/Wallace & Gromit in Project Zoo (USA).chd;698.44 MB;JOGO_EXISTE_OUTRO_LINK;Existe no banco (rom_id 377605, source 1): https://huggingface.co/datasets/luisluis123/ps2chd/resolve/main/Wallace & Gromit in Project Zoo (USA).chd
ps2_chd.html;Walt Disney Pictures Bolt (USA).chd;https://archive.org/download/ps2-redump-usa-chd-part-W/Walt Disney Pictures Bolt (USA).chd;1.63 GB;JOGO_EXISTE_OUTRO_LINK;Existe no banco (rom_id 377606, source 1): https://huggingface.co/datasets/luisluis123/ps2chd/resolve/main/Walt Disney Pictures Bolt (USA).chd
ps2_chd.html;Walt Disney Pictures Presents Meet the Robinsons (USA).chd;https://archive.org/download/ps2-redump-usa-chd-part-W/Walt Disney Pictures Presents Meet the Robinsons (USA).chd;1.07 GB;JOGO_EXISTE_OUTRO_LINK;Existe no banco (rom_id 377607, source 1): https://huggingface.co/datasets/luisluis123/ps2chd/resolve/main/Walt Disney Pictures Presents Meet the Robinsons (USA).chd
ps2_chd.html;Walt Disney's The Jungle Book - Rhythm n' Groove (USA).chd;https://archive.org/download/ps2-redump-usa-chd-part-W/Walt Disney's The Jungle Book - Rhythm n' Groove (USA).chd;2.64 GB;JOGO_EXISTE_OUTRO_LINK;Existe no banco (rom_id 377608, source 1): https://huggingface.co/datasets/luisluis123/ps2chd/resolve/main/Walt Disney's The Jungle Book - Rhythm n' Groove (USA).chd
ps2_chd.html;War of the Monsters (USA).chd;https://archive.org/download/ps2-redump-usa-chd-part-W/War of the Monsters (USA).chd;605.77 MB;JOGO_EXISTE_OUTRO_LINK;Existe no banco (rom_id 377609, source 1): https://huggingface.co/datasets/luisluis123/ps2chd/resolve/main/War of the Monsters (USA).chd
ps2_chd.html;Warhammer 40,000 - Fire Warrior (USA).chd;https://archive.org/download/ps2-redump-usa-chd-part-W/Warhammer 40,000 - Fire Warrior (USA).chd;673.44 MB;JOGO_EXISTE_OUTRO_LINK;Existe no banco (rom_id 377610, source 1): https://huggingface.co/datasets/luisluis123/ps2chd/resolve/main/Warhammer 40,000 - Fire Warrior (USA).chd
ps2_chd.html;Warriors Orochi (USA).chd;https://archive.org/download/ps2-redump-usa-chd-part-W/Warriors Orochi (USA).chd;1.14 GB;JOGO_EXISTE_OUTRO_LINK;Existe no banco (rom_id 377611, source 1): https://huggingface.co/datasets/luisluis123/ps2chd/resolve/main/Warriors Orochi (USA).chd
ps2_chd.html;Warriors Orochi 2 (USA).chd;https://archive.org/download/ps2-redump-usa-chd-part-W/Warriors Orochi 2 (USA).chd;2.16 GB;JOGO_EXISTE_OUTRO_LINK;Existe no banco (rom_id 377612, source 1): https://huggingface.co/datasets/luisluis123/ps2chd/resolve/main/Warriors Orochi 2 (USA).chd
ps2_chd.html;Warriors of Might and Magic (USA).chd;https://archive.org/download/ps2-redump-usa-chd-part-W/Warriors of Might and Magic (USA).chd;972.58 MB;JOGO_EXISTE_OUTRO_LINK;Existe no banco (rom_id 377613, source 1): https://huggingface.co/datasets/luisluis123/ps2chd/resolve/main/Warriors of Might and Magic (USA).chd
ps2_chd.html;Warriors, The (USA) (En,Fr,De,Es,It).chd;https://archive.org/download/ps2-redump-usa-chd-part-W/Warriors, The (USA) (En,Fr,De,Es,It).chd;2.64 GB;JOGO_EXISTE_OUTRO_LINK;Existe no banco (rom_id 377614, source 1): https://huggingface.co/datasets/luisluis123/ps2chd/resolve/main/Warriors, The (USA) (En,Fr,De,Es,It).chd
ps2_chd.html;Warship Gunner 2 (USA).chd;https://archive.org/download/ps2-redump-usa-chd-part-W/Warship Gunner 2 (USA).chd;1.26 GB;JOGO_EXISTE_OUTRO_LINK;Existe no banco (rom_id 377615, source 1): https://huggingface.co/datasets/luisluis123/ps2chd/resolve/main/Warship Gunner 2 (USA).chd
ps2_chd.html;Wave Rally (USA).chd;https://archive.org/download/ps2-redump-usa-chd-part-W/Wave Rally (USA).chd;481.79 MB;JOGO_EXISTE_OUTRO_LINK;Existe no banco (rom_id 377616, source 1): https://huggingface.co/datasets/luisluis123/ps2chd/resolve/main/Wave Rally (USA).chd
ps2_chd.html;Way of the Samurai (USA).chd;https://archive.org/download/ps2-redump-usa-chd-part-W/Way of the Samurai (USA).chd;370.53 MB;JOGO_EXISTE_OUTRO_LINK;Existe no banco (rom_id 377617, source 1): https://huggingface.co/datasets/luisluis123/ps2chd/resolve/main/Way of the Samurai (USA).chd
ps2_chd.html;Way of the Samurai 2 (USA).chd;https://archive.org/download/ps2-redump-usa-chd-part-W/Way of the Samurai 2 (USA).chd;1.09 GB;JOGO_EXISTE_OUTRO_LINK;Existe no banco (rom_id 377618, source 1): https://huggingface.co/datasets/luisluis123/ps2chd/resolve/main/Way of the Samurai 2 (USA).chd
ps2_chd.html;We Love Katamari (USA).chd;https://archive.org/download/ps2-redump-usa-chd-part-W/We Love Katamari (USA).chd;1.59 GB;JOGO_EXISTE_OUTRO_LINK;Existe no banco (rom_id 377619, source 1): https://huggingface.co/datasets/luisluis123/ps2chd/resolve/main/We Love Katamari (USA).chd
ps2_chd.html;Wheel of Fortune (USA).chd;https://archive.org/download/ps2-redump-usa-chd-part-W/Wheel of Fortune (USA).chd;1.06 GB;JOGO_EXISTE_OUTRO_LINK;Existe no banco (rom_id 377620, source 1): https://huggingface.co/datasets/luisluis123/ps2chd/resolve/main/Wheel of Fortune (USA).chd
ps2_chd.html;Whiplash (USA).chd;https://archive.org/download/ps2-redump-usa-chd-part-W/Whiplash (USA).chd;734.69 MB;JOGO_EXISTE_OUTRO_LINK;Existe no banco (rom_id 377621, source 1): https://huggingface.co/datasets/luisluis123/ps2chd/resolve/main/Whiplash (USA).chd
ps2_chd.html;Whirl Tour (USA).chd;https://archive.org/download/ps2-redump-usa-chd-part-W/Whirl Tour (USA).chd;1.11 GB;JOGO_EXISTE_OUTRO_LINK;Existe no banco (rom_id 377622, source 1): https://huggingface.co/datasets/luisluis123/ps2chd/resolve/main/Whirl Tour (USA).chd
ps2_chd.html;Whiteout (USA).chd;https://archive.org/download/ps2-redump-usa-chd-part-W/Whiteout (USA).chd;274.30 MB;JOGO_EXISTE_OUTRO_LINK;Existe no banco (rom_id 377623, source 1): https://huggingface.co/datasets/luisluis123/ps2chd/resolve/main/Whiteout (USA).chd
ps2_chd.html;Wild Arms - Alter Code - F (USA).chd;https://archive.org/download/ps2-redump-usa-chd-part-W/Wild Arms - Alter Code - F (USA).chd;5.94 GB;JOGO_EXISTE_OUTRO_LINK;Existe no banco (rom_id 377624, source 1): https://huggingface.co/datasets/luisluis123/ps2chd/resolve/main/Wild Arms - Alter Code - F (USA).chd
ps2_chd.html;Wild Arms 3 (USA).chd;https://archive.org/download/ps2-redump-usa-chd-part-W/Wild Arms 3 (USA).chd;1.85 GB;JOGO_EXISTE_OUTRO_LINK;Existe no banco (rom_id 377625, source 1): https://huggingface.co/datasets/luisluis123/ps2chd/resolve/main/Wild Arms 3 (USA).chd
ps2_chd.html;Wild Arms 4 (USA).chd;https://archive.org/download/ps2-redump-usa-chd-part-W/Wild Arms 4 (USA).chd;2.87 GB;JOGO_EXISTE_OUTRO_LINK;Existe no banco (rom_id 377626, source 1): https://huggingface.co/datasets/luisluis123/ps2chd/resolve/main/Wild Arms 4 (USA).chd
ps2_chd.html;Wild Arms 5 (USA).chd;https://archive.org/download/ps2-redump-usa-chd-part-W/Wild Arms 5 (USA).chd;2.53 GB;JOGO_EXISTE_OUTRO_LINK;Existe no banco (rom_id 377627, source 1): https://huggingface.co/datasets/luisluis123/ps2chd/resolve/main/Wild Arms 5 (USA).chd
ps2_chd.html;Wild Wild Racing (USA).chd;https://archive.org/download/ps2-redump-usa-chd-part-W/Wild Wild Racing (USA).chd;303.49 MB;JOGO_EXISTE_OUTRO_LINK;Existe no banco (rom_id 377628, source 1): https://huggingface.co/datasets/luisluis123/ps2chd/resolve/main/Wild Wild Racing (USA).chd
ps2_chd.html;WinBack - Covert Operations (USA) (En,Ja).chd;https://archive.org/download/ps2-redump-usa-chd-part-W/WinBack - Covert Operations (USA) (En,Ja).chd;409.69 MB;JOGO_EXISTE_OUTRO_LINK;Existe no banco (rom_id 377629, source 1): https://huggingface.co/datasets/luisluis123/ps2chd/resolve/main/WinBack - Covert Operations (USA) (En,Ja).chd
ps2_chd.html;WinBack 2 - Project Poseidon (USA).chd;https://archive.org/download/ps2-redump-usa-chd-part-W/WinBack 2 - Project Poseidon (USA).chd;1.03 GB;JOGO_EXISTE_OUTRO_LINK;Existe no banco (rom_id 377630, source 1): https://huggingface.co/datasets/luisluis123/ps2chd/resolve/main/WinBack 2 - Project Poseidon (USA).chd
ps2_chd.html;Winning Eleven - Pro Evolution Soccer 2007 (USA) (En,Fr,De,Es,It).chd;https://archive.org/download/ps2-redump-usa-chd-part-W/Winning Eleven - Pro Evolution Soccer 2007 (USA) (En,Fr,De,Es,It).chd;2.69 GB;JOGO_EXISTE_OUTRO_LINK;Existe no banco (rom_id 377631, source 1): https://huggingface.co/datasets/luisluis123/ps2chd/resolve/main/Winning Eleven - Pro Evolution Soccer 2007 (USA) (En,Fr,De,Es,It).chd
ps2_chd.html;Winter Sports 2 - The Next Challenge (USA) (En,Fr).chd;https://archive.org/download/ps2-redump-usa-chd-part-W/Winter Sports 2 - The Next Challenge (USA) (En,Fr).chd;789.42 MB;JOGO_EXISTE_OUTRO_LINK;Existe no banco (rom_id 377632, source 1): https://huggingface.co/datasets/luisluis123/ps2chd/resolve/main/Winter Sports 2 - The Next Challenge (USA) (En,Fr).chd
ps2_chd.html;Winter Sports 2008 - The Ultimate Challenge (USA) (En,Fr).chd;https://archive.org/download/ps2-redump-usa-chd-part-W/Winter Sports 2008 - The Ultimate Challenge (USA) (En,Fr).chd;828.27 MB;JOGO_EXISTE_OUTRO_LINK;Existe no banco (rom_id 377633, source 1): https://huggingface.co/datasets/luisluis123/ps2chd/resolve/main/Winter Sports 2008 - The Ultimate Challenge (USA) (En,Fr).chd
ps2_chd.html;Winter X Games Snowboarding 2002 (USA).chd;https://archive.org/download/ps2-redump-usa-chd-part-W/Winter X Games Snowboarding 2002 (USA).chd;1.66 GB;JOGO_EXISTE_OUTRO_LINK;Existe no banco (rom_id 377634, source 1): https://huggingface.co/datasets/luisluis123/ps2chd/resolve/main/Winter X Games Snowboarding 2002 (USA).chd
ps2_chd.html;WipEout Fusion (USA).chd;https://archive.org/download/ps2-redump-usa-chd-part-W/WipEout Fusion (USA).chd;1.51 GB;JOGO_EXISTE_OUTRO_LINK;Existe no banco (rom_id 377635, source 1): https://huggingface.co/datasets/luisluis123/ps2chd/resolve/main/WipEout Fusion (USA).chd
ps2_chd.html;Without Warning (USA) (En,Fr,Es).chd;https://archive.org/download/ps2-redump-usa-chd-part-W/Without Warning (USA) (En,Fr,Es).chd;1.41 GB;JOGO_EXISTE_OUTRO_LINK;Existe no banco (rom_id 377636, source 1): https://huggingface.co/datasets/luisluis123/ps2chd/resolve/main/Without Warning (USA) (En,Fr,Es).chd
ps2_chd.html;Wizardry - Tale of the Forsaken Land (USA).chd;https://archive.org/download/ps2-redump-usa-chd-part-W/Wizardry - Tale of the Forsaken Land (USA).chd;360.69 MB;JOGO_EXISTE_OUTRO_LINK;Existe no banco (rom_id 377637, source 1): https://huggingface.co/datasets/luisluis123/ps2chd/resolve/main/Wizardry - Tale of the Forsaken Land (USA).chd
ps2_chd.html;Women's Volleyball Championship (USA).chd;https://archive.org/download/ps2-redump-usa-chd-part-W/Women's Volleyball Championship (USA).chd;131.64 MB;JOGO_EXISTE_OUTRO_LINK;Existe no banco (rom_id 377638, source 1): https://huggingface.co/datasets/luisluis123/ps2chd/resolve/main/Women's Volleyball Championship (USA).chd
ps2_chd.html;Woody Woodpecker (USA).chd;https://archive.org/download/ps2-redump-usa-chd-part-W/Woody Woodpecker (USA).chd;222.30 MB;JOGO_EXISTE_OUTRO_LINK;Existe no banco (rom_id 377639, source 1): https://huggingface.co/datasets/luisluis123/ps2chd/resolve/main/Woody Woodpecker (USA).chd
ps2_chd.html;World Championship Cards (USA).chd;https://archive.org/download/ps2-redump-usa-chd-part-W/World Championship Cards (USA).chd;411.84 MB;JOGO_EXISTE_OUTRO_LINK;Existe no banco (rom_id 377640, source 1): https://huggingface.co/datasets/luisluis123/ps2chd/resolve/main/World Championship Cards (USA).chd
ps2_chd.html;World Championship Paintball (USA).chd;https://archive.org/download/ps2-redump-usa-chd-part-W/World Championship Paintball (USA).chd;188.33 MB;JOGO_EXISTE_OUTRO_LINK;Existe no banco (rom_id 377641, source 1): https://huggingface.co/datasets/luisluis123/ps2chd/resolve/main/World Championship Paintball (USA).chd
ps2_chd.html;World Championship Poker (USA).chd;https://archive.org/download/ps2-redump-usa-chd-part-W/World Championship Poker (USA).chd;189.77 MB;JOGO_EXISTE_OUTRO_LINK;Existe no banco (rom_id 377642, source 1): https://huggingface.co/datasets/luisluis123/ps2chd/resolve/main/World Championship Poker (USA).chd
ps2_chd.html;World Championship Poker 2 featuring Howard Lederer (USA).chd;https://archive.org/download/ps2-redump-usa-chd-part-W/World Championship Poker 2 featuring Howard Lederer (USA).chd;181.66 MB;JOGO_EXISTE_OUTRO_LINK;Existe no banco (rom_id 377643, source 1): https://huggingface.co/datasets/luisluis123/ps2chd/resolve/main/World Championship Poker 2 featuring Howard Lederer (USA).chd
ps2_chd.html;World Championship Poker featuring Howard Lederer - All In (USA).chd;https://archive.org/download/ps2-redump-usa-chd-part-W/World Championship Poker featuring Howard Lederer - All In (USA).chd;492.79 MB;JOGO_EXISTE_OUTRO_LINK;Existe no banco (rom_id 377644, source 1): https://huggingface.co/datasets/luisluis123/ps2chd/resolve/main/World Championship Poker featuring Howard Lederer - All In (USA).chd
ps2_chd.html;World Championship Pool 2004 (USA).chd;https://archive.org/download/ps2-redump-usa-chd-part-W/World Championship Pool 2004 (USA).chd;1.20 GB;JOGO_EXISTE_OUTRO_LINK;Existe no banco (rom_id 377645, source 1): https://huggingface.co/datasets/luisluis123/ps2chd/resolve/main/World Championship Pool 2004 (USA).chd
ps2_chd.html;World Destruction League - Thunder Tanks (USA).chd;https://archive.org/download/ps2-redump-usa-chd-part-W/World Destruction League - Thunder Tanks (USA).chd;463.95 MB;JOGO_EXISTE_OUTRO_LINK;Existe no banco (rom_id 377646, source 1): https://huggingface.co/datasets/luisluis123/ps2chd/resolve/main/World Destruction League - Thunder Tanks (USA).chd
ps2_chd.html;World Destruction League - WarJetz (USA).chd;https://archive.org/download/ps2-redump-usa-chd-part-W/World Destruction League - WarJetz (USA).chd;1.11 GB;JOGO_EXISTE_OUTRO_LINK;Existe no banco (rom_id 377647, source 1): https://huggingface.co/datasets/luisluis123/ps2chd/resolve/main/World Destruction League - WarJetz (USA).chd
ps2_chd.html;World Heroes Anthology (USA).chd;https://archive.org/download/ps2-redump-usa-chd-part-W/World Heroes Anthology (USA).chd;1.45 GB;JOGO_EXISTE_OUTRO_LINK;Existe no banco (rom_id 377648, source 1): https://huggingface.co/datasets/luisluis123/ps2chd/resolve/main/World Heroes Anthology (USA).chd
ps2_chd.html;World Poker Tour (USA).chd;https://archive.org/download/ps2-redump-usa-chd-part-W/World Poker Tour (USA).chd;1.88 GB;JOGO_EXISTE_OUTRO_LINK;Existe no banco (rom_id 377649, source 1): https://huggingface.co/datasets/luisluis123/ps2chd/resolve/main/World Poker Tour (USA).chd
ps2_chd.html;World Series Baseball 2K3 (USA).chd;https://archive.org/download/ps2-redump-usa-chd-part-W/World Series Baseball 2K3 (USA).chd;897.20 MB;JOGO_EXISTE_OUTRO_LINK;Existe no banco (rom_id 377650, source 1): https://huggingface.co/datasets/luisluis123/ps2chd/resolve/main/World Series Baseball 2K3 (USA).chd
ps2_chd.html;World Series of Poker (USA).chd;https://archive.org/download/ps2-redump-usa-chd-part-W/World Series of Poker (USA).chd;294.85 MB;JOGO_EXISTE_OUTRO_LINK;Existe no banco (rom_id 377651, source 1): https://huggingface.co/datasets/luisluis123/ps2chd/resolve/main/World Series of Poker (USA).chd
ps2_chd.html;World Series of Poker - Tournament of Champions - 2007 Edition (USA).chd;https://archive.org/download/ps2-redump-usa-chd-part-W/World Series of Poker - Tournament of Champions - 2007 Edition (USA).chd;1.04 GB;JOGO_EXISTE_OUTRO_LINK;Existe no banco (rom_id 377652, source 1): https://huggingface.co/datasets/luisluis123/ps2chd/resolve/main/World Series of Poker - Tournament of Champions - 2007 Edition (USA).chd
ps2_chd.html;World Series of Poker 2008 - Battle for the Bracelets (USA).chd;https://archive.org/download/ps2-redump-usa-chd-part-W/World Series of Poker 2008 - Battle for the Bracelets (USA).chd;2.52 GB;JOGO_EXISTE_OUTRO_LINK;Existe no banco (rom_id 377653, source 1): https://huggingface.co/datasets/luisluis123/ps2chd/resolve/main/World Series of Poker 2008 - Battle for the Bracelets (USA).chd
ps2_chd.html;World Soccer Winning Eleven 6 - International (USA).chd;https://archive.org/download/ps2-redump-usa-chd-part-W/World Soccer Winning Eleven 6 - International (USA).chd;1.42 GB;JOGO_EXISTE_OUTRO_LINK;Existe no banco (rom_id 377654, source 1): https://huggingface.co/datasets/luisluis123/ps2chd/resolve/main/World Soccer Winning Eleven 6 - International (USA).chd
ps2_chd.html;World Soccer Winning Eleven 7 - International (USA) (En,Es).chd;https://archive.org/download/ps2-redump-usa-chd-part-W/World Soccer Winning Eleven 7 - International (USA) (En,Es).chd;1.84 GB;JOGO_EXISTE_OUTRO_LINK;Existe no banco (rom_id 377655, source 1): https://huggingface.co/datasets/luisluis123/ps2chd/resolve/main/World Soccer Winning Eleven 7 - International (USA) (En,Es).chd
ps2_chd.html;World Soccer Winning Eleven 8 - International (USA) (En,Es).chd;https://archive.org/download/ps2-redump-usa-chd-part-W/World Soccer Winning Eleven 8 - International (USA) (En,Es).chd;1.67 GB;JOGO_EXISTE_OUTRO_LINK;Existe no banco (rom_id 377656, source 1): https://huggingface.co/datasets/luisluis123/ps2chd/resolve/main/World Soccer Winning Eleven 8 - International (USA) (En,Es).chd
ps2_chd.html;World Soccer Winning Eleven 9 (USA) (En,Es).chd;https://archive.org/download/ps2-redump-usa-chd-part-W/World Soccer Winning Eleven 9 (USA) (En,Es).chd;2.07 GB;JOGO_EXISTE_OUTRO_LINK;Existe no banco (rom_id 377657, source 1): https://huggingface.co/datasets/luisluis123/ps2chd/resolve/main/World Soccer Winning Eleven 9 (USA) (En,Es).chd
ps2_chd.html;World Tour Soccer 2002 (USA).chd;https://archive.org/download/ps2-redump-usa-chd-part-W/World Tour Soccer 2002 (USA).chd;320.15 MB;JOGO_EXISTE_OUTRO_LINK;Existe no banco (rom_id 377658, source 1): https://huggingface.co/datasets/luisluis123/ps2chd/resolve/main/World Tour Soccer 2002 (USA).chd
ps2_chd.html;World Tour Soccer 2003 (USA) (En,Fr,De,Es,It,Nl,Pt).chd;https://archive.org/download/ps2-redump-usa-chd-part-W/World Tour Soccer 2003 (USA) (En,Fr,De,Es,It,Nl,Pt).chd;1.88 GB;JOGO_EXISTE_OUTRO_LINK;Existe no banco (rom_id 377659, source 1): https://huggingface.co/datasets/luisluis123/ps2chd/resolve/main/World Tour Soccer 2003 (USA) (En,Fr,De,Es,It,Nl,Pt).chd
ps2_chd.html;World Tour Soccer 2005 (USA) (En,Fr,Es,It).chd;https://archive.org/download/ps2-redump-usa-chd-part-W/World Tour Soccer 2005 (USA) (En,Fr,Es,It).chd;1.42 GB;JOGO_EXISTE_OUTRO_LINK;Existe no banco (rom_id 377660, source 1): https://huggingface.co/datasets/luisluis123/ps2chd/resolve/main/World Tour Soccer 2005 (USA) (En,Fr,Es,It).chd
ps2_chd.html;World Tour Soccer 2006 (USA) (En,Fr,Es,It).chd;https://archive.org/download/ps2-redump-usa-chd-part-W/World Tour Soccer 2006 (USA) (En,Fr,Es,It).chd;1.65 GB;JOGO_EXISTE_OUTRO_LINK;Existe no banco (rom_id 377661, source 1): https://huggingface.co/datasets/luisluis123/ps2chd/resolve/main/World Tour Soccer 2006 (USA) (En,Fr,Es,It).chd
ps2_chd.html;World of Outlaws - Sprint Cars 2002 (USA).chd;https://archive.org/download/ps2-redump-usa-chd-part-W/World of Outlaws - Sprint Cars 2002 (USA).chd;3.11 GB;JOGO_EXISTE_OUTRO_LINK;Existe no banco (rom_id 377662, source 1): https://huggingface.co/datasets/luisluis123/ps2chd/resolve/main/World of Outlaws - Sprint Cars 2002 (USA).chd
ps2_chd.html;Worms 3D (USA) (En,Fr).chd;https://archive.org/download/ps2-redump-usa-chd-part-W/Worms 3D (USA) (En,Fr).chd;790.25 MB;JOGO_EXISTE_OUTRO_LINK;Existe no banco (rom_id 377663, source 1): https://huggingface.co/datasets/luisluis123/ps2chd/resolve/main/Worms 3D (USA) (En,Fr).chd
ps2_chd.html;Worms Forts - Under Siege (USA) (En,Fr).chd;https://archive.org/download/ps2-redump-usa-chd-part-W/Worms Forts - Under Siege (USA) (En,Fr).chd;315.58 MB;JOGO_EXISTE_OUTRO_LINK;Existe no banco (rom_id 377664, source 1): https://huggingface.co/datasets/luisluis123/ps2chd/resolve/main/Worms Forts - Under Siege (USA) (En,Fr).chd
ps2_chd.html;Wrath Unleashed (USA).chd;https://archive.org/download/ps2-redump-usa-chd-part-W/Wrath Unleashed (USA).chd;1.20 GB;JOGO_EXISTE_OUTRO_LINK;Existe no banco (rom_id 377665, source 1): https://huggingface.co/datasets/luisluis123/ps2chd/resolve/main/Wrath Unleashed (USA).chd
ps2_chd.html;Wreckless - The Yakuza Missions (USA).chd;https://archive.org/download/ps2-redump-usa-chd-part-W/Wreckless - The Yakuza Missions (USA).chd;988.09 MB;JOGO_EXISTE_OUTRO_LINK;Existe no banco (rom_id 377666, source 1): https://huggingface.co/datasets/luisluis123/ps2chd/resolve/main/Wreckless - The Yakuza Missions (USA).chd
ps2_chd.html;Yakuza (USA).chd;https://archive.org/download/ps2-redump-usa-chd-part-Y/Yakuza (USA).chd;2.94 GB;JOGO_EXISTE_OUTRO_LINK;Existe no banco (rom_id 377684, source 1): https://huggingface.co/datasets/luisluis123/ps2chd/resolve/main/Yakuza (USA).chd
ps2_chd.html;Yakuza 2 (USA).chd;https://archive.org/download/ps2-redump-usa-chd-part-Y/Yakuza 2 (USA).chd;5.62 GB;JOGO_EXISTE_OUTRO_LINK;Existe no banco (rom_id 377685, source 1): https://huggingface.co/datasets/luisluis123/ps2chd/resolve/main/Yakuza 2 (USA).chd
ps2_chd.html;Yanya Caballista - City Skater (USA).chd;https://archive.org/download/ps2-redump-usa-chd-part-Y/Yanya Caballista - City Skater (USA).chd;275.82 MB;JOGO_EXISTE_OUTRO_LINK;Existe no banco (rom_id 377686, source 1): https://huggingface.co/datasets/luisluis123/ps2chd/resolve/main/Yanya Caballista - City Skater (USA).chd
ps2_chd.html;Yourself!Fitness (USA).chd;https://archive.org/download/ps2-redump-usa-chd-part-Y/Yourself!Fitness (USA).chd;1.39 GB;JOGO_EXISTE_OUTRO_LINK;Existe no banco (rom_id 377687, source 1): https://huggingface.co/datasets/luisluis123/ps2chd/resolve/main/Yourself!Fitness (USA).chd
ps2_chd.html;Ys - The Ark of Napishtim (USA) (En,Ja).chd;https://archive.org/download/ps2-redump-usa-chd-part-Y/Ys - The Ark of Napishtim (USA) (En,Ja).chd;3.39 GB;JOGO_EXISTE_OUTRO_LINK;Existe no banco (rom_id 377688, source 1): https://huggingface.co/datasets/luisluis123/ps2chd/resolve/main/Ys - The Ark of Napishtim (USA) (En,Ja).chd
ps2_chd.html;Yu Yu Hakusho - Dark Tournament (USA).chd;https://archive.org/download/ps2-redump-usa-chd-part-Y/Yu Yu Hakusho - Dark Tournament (USA).chd;1.01 GB;JOGO_EXISTE_OUTRO_LINK;Existe no banco (rom_id 377689, source 1): https://huggingface.co/datasets/luisluis123/ps2chd/resolve/main/Yu Yu Hakusho - Dark Tournament (USA).chd
ps2_chd.html;Yu-Gi-Oh! Capsule Monster Coliseum (USA).chd;https://archive.org/download/ps2-redump-usa-chd-part-Y/Yu-Gi-Oh! Capsule Monster Coliseum (USA).chd;1.10 GB;JOGO_EXISTE_OUTRO_LINK;Existe no banco (rom_id 377690, source 1): https://huggingface.co/datasets/luisluis123/ps2chd/resolve/main/Yu-Gi-Oh! Capsule Monster Coliseum (USA).chd
ps2_chd.html;Yu-Gi-Oh! GX - The Beginning of Destiny (USA).chd;https://archive.org/download/ps2-redump-usa-chd-part-Y/Yu-Gi-Oh! GX - The Beginning of Destiny (USA).chd;558.20 MB;JOGO_EXISTE_OUTRO_LINK;Existe no banco (rom_id 377691, source 1): https://huggingface.co/datasets/luisluis123/ps2chd/resolve/main/Yu-Gi-Oh! GX - The Beginning of Destiny (USA).chd
ps2_chd.html;Yu-Gi-Oh! The Duelists of the Roses (USA).chd;https://archive.org/download/ps2-redump-usa-chd-part-Y/Yu-Gi-Oh! The Duelists of the Roses (USA).chd;950.07 MB;JOGO_EXISTE_OUTRO_LINK;Existe no banco (rom_id 377692, source 1): https://huggingface.co/datasets/luisluis123/ps2chd/resolve/main/Yu-Gi-Oh! The Duelists of the Roses (USA).chd
ps2_chd0.html;Bigs, The.chd;https://archive.org/download/ps2-redump-usa-chd-part-B/Bigs, The (USA).chd;1.01 GiB;JOGO_EXISTE_OUTRO_LINK;Existe no banco (rom_id 375971, source 1): https://huggingface.co/datasets/luisluis123/ps2chd/resolve/main/Bigs, The (USA).chd
ps2_chd0.html;Buzz! Junior - RoboJam (USA) (En,Fr,Es).chd;https://huggingface.co/datasets/luisluis123/ps2chd/resolve/main/Buzz! Junior - RoboJam (USA) (En,Fr,Es).chd;1.08 GB;JOGO_EXISTE_OUTRO_LINK;Existe no banco (rom_id 388539, source 3): https://archive.org/download/ps2-eu-roms321com/all/Buzz%21%20Junior%20-%20RoboJam%20%28Europe%29%20%28En%2CFr%2CDe%2CEs%2CIt%2CNl%2CPt%29%20%28Beta%29.7z
ps2_chd0.html;Buzz! Junior - RoboJam.chd;https://archive.org/download/ps2-redump-usa-chd-part-B/Buzz! Junior - RoboJam (USA) (En,Fr,Es).chd;;JOGO_EXISTE_OUTRO_LINK;Existe no banco (rom_id 388539, source 3): https://archive.org/download/ps2-eu-roms321com/all/Buzz%21%20Junior%20-%20RoboJam%20%28Europe%29%20%28En%2CFr%2CDe%2CEs%2CIt%2CNl%2CPt%29%20%28Beta%29.7z
ps2_chd0.html;Da Vinci Code, The.chd;https://archive.org/download/ps2-redump-usa-chd-part-D/Da Vinci Code, The (USA) (En,Fr,Es).chd;1.72 GiB;JOGO_EXISTE_OUTRO_LINK;Existe no banco (rom_id 376118, source 1): https://huggingface.co/datasets/luisluis123/ps2chd/resolve/main/Da Vinci Code, The (USA) (En,Fr,Es).chd
ps2_chd0.html;Dai Senryaku VII - Modern Military Tactics Exceed.chd;https://archive.org/download/ps2-redump-usa-chd-part-D/Dai Senryaku VII - Modern Military Tactics Exceed (USA).chd;;JOGO_EXISTE_OUTRO_LINK;Existe no banco (rom_id 376119, source 1): https://huggingface.co/datasets/luisluis123/ps2chd/resolve/main/Dai Senryaku VII - Modern Military Tactics Exceed (USA).chd
ps2_chd0.html;Dance Dance Revolution - Disney Channel Edition.chd;https://archive.org/download/ps2-redump-usa-chd-part-D/Dance Dance Revolution - Disney Channel Edition (USA).chd;;JOGO_EXISTE_OUTRO_LINK;Existe no banco (rom_id 376120, source 1): https://huggingface.co/datasets/luisluis123/ps2chd/resolve/main/Dance Dance Revolution - Disney Channel Edition (USA).chd
ps2_chd0.html;Dance Dance Revolution Extreme 2.chd;https://archive.org/download/ps2-redump-usa-chd-part-D/Dance Dance Revolution Extreme 2 (USA).chd;;JOGO_EXISTE_OUTRO_LINK;Existe no banco (rom_id 376122, source 1): https://huggingface.co/datasets/luisluis123/ps2chd/resolve/main/Dance Dance Revolution Extreme 2 (USA).chd
ps2_chd0.html;Dance Dance Revolution Extreme.chd;https://archive.org/download/ps2-redump-usa-chd-part-D/Dance Dance Revolution Extreme (USA).chd;;JOGO_EXISTE_OUTRO_LINK;Existe no banco (rom_id 376121, source 1): https://huggingface.co/datasets/luisluis123/ps2chd/resolve/main/Dance Dance Revolution Extreme (USA).chd
ps2_chd0.html;Dance Dance Revolution SuperNova 2.chd;https://archive.org/download/ps2-redump-usa-chd-part-D/Dance Dance Revolution SuperNova 2 (USA).chd;;JOGO_EXISTE_OUTRO_LINK;Existe no banco (rom_id 376124, source 1): https://huggingface.co/datasets/luisluis123/ps2chd/resolve/main/Dance Dance Revolution SuperNova 2 (USA).chd
ps2_chd0.html;Dance Dance Revolution SuperNova.chd;https://archive.org/download/ps2-redump-usa-chd-part-D/Dance Dance Revolution SuperNova (USA).chd;;JOGO_EXISTE_OUTRO_LINK;Existe no banco (rom_id 376123, source 1): https://huggingface.co/datasets/luisluis123/ps2chd/resolve/main/Dance Dance Revolution SuperNova (USA).chd
ps2_chd0.html;Dance Dance Revolution X.chd;https://archive.org/download/ps2-redump-usa-chd-part-D/Dance Dance Revolution X (USA).chd;;JOGO_EXISTE_OUTRO_LINK;Existe no banco (rom_id 376125, source 1): https://huggingface.co/datasets/luisluis123/ps2chd/resolve/main/Dance Dance Revolution X (USA).chd
ps2_chd0.html;Dance Dance Revolution X2.chd;https://archive.org/download/ps2-redump-usa-chd-part-D/Dance Dance Revolution X2 (USA) (En,Fr,Es).chd;;JOGO_EXISTE_OUTRO_LINK;Existe no banco (rom_id 376126, source 1): https://huggingface.co/datasets/luisluis123/ps2chd/resolve/main/Dance Dance Revolution X2 (USA) (En,Fr,Es).chd
ps2_chd0.html;Dance Factory.chd;https://archive.org/download/ps2-redump-usa-chd-part-D/Dance Factory (USA).chd;;JOGO_EXISTE_OUTRO_LINK;Existe no banco (rom_id 376127, source 1): https://huggingface.co/datasets/luisluis123/ps2chd/resolve/main/Dance Factory (USA).chd
ps2_chd0.html;Dancing with the Stars.chd;https://archive.org/download/ps2-redump-usa-chd-part-D/Dancing with the Stars (USA).chd;;JOGO_EXISTE_OUTRO_LINK;Existe no banco (rom_id 376128, source 1): https://huggingface.co/datasets/luisluis123/ps2chd/resolve/main/Dancing with the Stars (USA).chd
ps2_chd0.html;Dark Angel - Vampire Apocalypse.chd;https://archive.org/download/ps2-redump-usa-chd-part-D/Dark Angel - Vampire Apocalypse (USA) (v2.01).chd;;JOGO_EXISTE_OUTRO_LINK;Existe no banco (rom_id 376129, source 1): https://huggingface.co/datasets/luisluis123/ps2chd/resolve/main/Dark Angel - Vampire Apocalypse (USA) (v1.02).chd
ps2_chd0.html;Dark Cloud 2.chd;https://archive.org/download/ps2-redump-usa-chd-part-D/Dark Cloud 2 (USA) (v2.00).chd;;JOGO_EXISTE_OUTRO_LINK;Existe no banco (rom_id 376132, source 1): https://huggingface.co/datasets/luisluis123/ps2chd/resolve/main/Dark Cloud 2 (USA) (v1.00).chd
ps2_chd0.html;Dark Cloud.chd;https://archive.org/download/ps2-redump-usa-chd-part-D/Dark Cloud (USA).chd;;JOGO_EXISTE_OUTRO_LINK;Existe no banco (rom_id 376131, source 1): https://huggingface.co/datasets/luisluis123/ps2chd/resolve/main/Dark Cloud (USA).chd
ps2_chd0.html;Dark Summit.chd;https://archive.org/download/ps2-redump-usa-chd-part-D/Dark Summit (USA).chd;;JOGO_EXISTE_OUTRO_LINK;Existe no banco (rom_id 376134, source 1): https://huggingface.co/datasets/luisluis123/ps2chd/resolve/main/Dark Summit (USA).chd
ps2_chd0.html;Darkwatch.chd;https://archive.org/download/ps2-redump-usa-chd-part-D/Darkwatch (USA).chd;;JOGO_EXISTE_OUTRO_LINK;Existe no banco (rom_id 376135, source 1): https://huggingface.co/datasets/luisluis123/ps2chd/resolve/main/Darkwatch (USA).chd
ps2_chd0.html;Dave Mirra Freestyle BMX 2.chd;https://archive.org/download/ps2-redump-usa-chd-part-D/Dave Mirra Freestyle BMX 2 (USA).chd;;JOGO_EXISTE_OUTRO_LINK;Existe no banco (rom_id 376136, source 1): https://huggingface.co/datasets/luisluis123/ps2chd/resolve/main/Dave Mirra Freestyle BMX 2 (USA).chd
ps2_chd0.html;Dawn of Mana.chd;https://archive.org/download/ps2-redump-usa-chd-part-D/Dawn of Mana (USA).chd;;JOGO_EXISTE_OUTRO_LINK;Existe no banco (rom_id 376137, source 1): https://huggingface.co/datasets/luisluis123/ps2chd/resolve/main/Dawn of Mana (USA).chd
ps2_chd0.html;DDRMAX - Dance Dance Revolution.chd;https://archive.org/download/ps2-redump-usa-chd-part-D/DDRMAX - Dance Dance Revolution (USA).chd;;JOGO_EXISTE_OUTRO_LINK;Existe no banco (rom_id 376111, source 1): https://huggingface.co/datasets/luisluis123/ps2chd/resolve/main/DDRMAX - Dance Dance Revolution (USA).chd
ps2_chd0.html;DDRMAX2 - Dance Dance Revolution.chd;https://archive.org/download/ps2-redump-usa-chd-part-D/DDRMAX2 - Dance Dance Revolution (USA).chd;;JOGO_EXISTE_OUTRO_LINK;Existe no banco (rom_id 376112, source 1): https://huggingface.co/datasets/luisluis123/ps2chd/resolve/main/DDRMAX2 - Dance Dance Revolution (USA).chd
ps2_chd0.html;Dead to Rights II.chd;https://archive.org/download/ps2-redump-usa-chd-part-D/Dead to Rights II (USA).chd;;JOGO_EXISTE_OUTRO_LINK;Existe no banco (rom_id 376139, source 1): https://huggingface.co/datasets/luisluis123/ps2chd/resolve/main/Dead to Rights II (USA).chd
ps2_chd0.html;Dead to Rights.chd;https://archive.org/download/ps2-redump-usa-chd-part-D/Dead to Rights (USA).chd;;JOGO_EXISTE_OUTRO_LINK;Existe no banco (rom_id 376138, source 1): https://huggingface.co/datasets/luisluis123/ps2chd/resolve/main/Dead to Rights (USA).chd
ps2_chd0.html;Death by Degrees.chd;https://archive.org/download/ps2-redump-usa-chd-part-D/Death by Degrees (USA).chd;;JOGO_EXISTE_OUTRO_LINK;Existe no banco (rom_id 376140, source 1): https://huggingface.co/datasets/luisluis123/ps2chd/resolve/main/Death by Degrees (USA).chd
ps2_chd0.html;Deer Hunter.chd;https://archive.org/download/ps2-redump-usa-chd-part-D/Deer Hunter (USA).chd;;JOGO_EXISTE_OUTRO_LINK;Existe no banco (rom_id 376141, source 1): https://huggingface.co/datasets/luisluis123/ps2chd/resolve/main/Deer Hunter (USA).chd
ps2_chd0.html;Def Jam - Fight for NY.chd;https://archive.org/download/ps2-redump-usa-chd-part-D/Def Jam - Fight for NY (USA).chd;;JOGO_EXISTE_OUTRO_LINK;Existe no banco (rom_id 376142, source 1): https://huggingface.co/datasets/luisluis123/ps2chd/resolve/main/Def Jam - Fight for NY (USA).chd
ps2_chd0.html;Def Jam - Vendetta.chd;https://archive.org/download/ps2-redump-usa-chd-part-D/Def Jam - Vendetta (USA).chd;;JOGO_EXISTE_OUTRO_LINK;Existe no banco (rom_id 376143, source 1): https://huggingface.co/datasets/luisluis123/ps2chd/resolve/main/Def Jam - Vendetta (USA).chd
ps2_chd0.html;Defender.chd;https://archive.org/download/ps2-redump-usa-chd-part-D/Defender (USA).chd;;JOGO_EXISTE_OUTRO_LINK;Existe no banco (rom_id 376144, source 1): https://huggingface.co/datasets/luisluis123/ps2chd/resolve/main/Defender (USA).chd
ps2_chd0.html;Delta Force - Black Hawk Down - Team Sabre.chd;https://archive.org/download/ps2-redump-usa-chd-part-D/Delta Force - Black Hawk Down - Team Sabre (USA).chd;;JOGO_EXISTE_OUTRO_LINK;Existe no banco (rom_id 376146, source 1): https://huggingface.co/datasets/luisluis123/ps2chd/resolve/main/Delta Force - Black Hawk Down - Team Sabre (USA).chd
ps2_chd0.html;Delta Force - Black Hawk Down.chd;https://archive.org/download/ps2-redump-usa-chd-part-D/Delta Force - Black Hawk Down (USA).chd;;JOGO_EXISTE_OUTRO_LINK;Existe no banco (rom_id 376145, source 1): https://huggingface.co/datasets/luisluis123/ps2chd/resolve/main/Delta Force - Black Hawk Down (USA).chd
ps2_chd0.html;Despicable Me - The Game.chd;https://archive.org/download/ps2-redump-usa-chd-part-D/Despicable Me - The Game (USA).chd;;JOGO_EXISTE_OUTRO_LINK;Existe no banco (rom_id 376147, source 1): https://huggingface.co/datasets/luisluis123/ps2chd/resolve/main/Despicable Me - The Game (USA).chd
ps2_chd0.html;Destroy All Humans! 2.chd;https://archive.org/download/ps2-redump-usa-chd-part-D/Destroy All Humans! 2 (USA).chd;;JOGO_EXISTE_OUTRO_LINK;Existe no banco (rom_id 376149, source 1): https://huggingface.co/datasets/luisluis123/ps2chd/resolve/main/Destroy All Humans! 2 (USA).chd
ps2_chd0.html;Destroy All Humans!.chd;https://archive.org/download/ps2-redump-usa-chd-part-D/Destroy All Humans! (USA).chd;;JOGO_EXISTE_OUTRO_LINK;Existe no banco (rom_id 376148, source 1): https://huggingface.co/datasets/luisluis123/ps2chd/resolve/main/Destroy All Humans! (USA).chd
ps2_chd0.html;Destruction Derby Arenas.chd;https://archive.org/download/ps2-redump-usa-chd-part-D/Destruction Derby Arenas (USA).chd;;JOGO_EXISTE_OUTRO_LINK;Existe no banco (rom_id 376150, source 1): https://huggingface.co/datasets/luisluis123/ps2chd/resolve/main/Destruction Derby Arenas (USA).chd
ps2_chd0.html;Deus Ex - The Conspiracy.chd;https://archive.org/download/ps2-redump-usa-chd-part-D/Deus Ex - The Conspiracy (USA).chd;;JOGO_EXISTE_OUTRO_LINK;Existe no banco (rom_id 376151, source 1): https://huggingface.co/datasets/luisluis123/ps2chd/resolve/main/Deus Ex - The Conspiracy (USA).chd
ps2_chd0.html;Devil Kings.chd;https://archive.org/download/ps2-redump-usa-chd-part-D/Devil Kings (USA).chd;;JOGO_EXISTE_OUTRO_LINK;Existe no banco (rom_id 376152, source 1): https://huggingface.co/datasets/luisluis123/ps2chd/resolve/main/Devil Kings (USA).chd
ps2_chd0.html;Devil May Cry 2 (Disc 1).chd;https://archive.org/download/ps2-redump-usa-chd-part-D/Devil May Cry 2 (USA) (Disc 1).chd;;JOGO_EXISTE_OUTRO_LINK;Existe no banco (rom_id 376154, source 1): https://huggingface.co/datasets/luisluis123/ps2chd/resolve/main/Devil May Cry 2 (USA) (Disc 1).chd
ps2_chd0.html;Devil May Cry 2 (Disc 2).chd;https://archive.org/download/ps2-redump-usa-chd-part-D/Devil May Cry 2 (USA) (Disc 2).chd;;JOGO_EXISTE_OUTRO_LINK;Existe no banco (rom_id 376154, source 1): https://huggingface.co/datasets/luisluis123/ps2chd/resolve/main/Devil May Cry 2 (USA) (Disc 1).chd
ps2_chd0.html;Devil May Cry 3 - Dante's Awakening.chd;https://archive.org/download/ps2-redump-usa-chd-part-D/Devil May Cry 3 - Dante's Awakening (USA) (En,Ja,Ko).chd;;JOGO_EXISTE_OUTRO_LINK;Existe no banco (rom_id 376156, source 1): https://huggingface.co/datasets/luisluis123/ps2chd/resolve/main/Devil May Cry 3 - Dante's Awakening (USA) (En,Ja) (Special Edition).chd
ps2_chd0.html;Devil May Cry.chd;https://archive.org/download/ps2-redump-usa-chd-part-D/Devil May Cry (USA).chd;;JOGO_EXISTE_OUTRO_LINK;Existe no banco (rom_id 376153, source 1): https://huggingface.co/datasets/luisluis123/ps2chd/resolve/main/Devil May Cry (USA).chd
ps2_chd0.html;DICE - DNA Integrated Cybernetic Enterprises.chd;https://archive.org/download/ps2-redump-usa-chd-part-D/DICE - DNA Integrated Cybernetic Enterprises (USA).chd;;JOGO_EXISTE_OUTRO_LINK;Existe no banco (rom_id 376113, source 1): https://huggingface.co/datasets/luisluis123/ps2chd/resolve/main/DICE - DNA Integrated Cybernetic Enterprises (USA).chd
ps2_chd0.html;Digimon Rumble Arena 2.chd;https://archive.org/download/ps2-redump-usa-chd-part-D/Digimon Rumble Arena 2 (USA).chd;;JOGO_EXISTE_OUTRO_LINK;Existe no banco (rom_id 376158, source 1): https://huggingface.co/datasets/luisluis123/ps2chd/resolve/main/Digimon Rumble Arena 2 (USA).chd
ps2_chd0.html;Digimon World - Data Squad.chd;https://archive.org/download/ps2-redump-usa-chd-part-D/Digimon World - Data Squad (USA).chd;;JOGO_EXISTE_OUTRO_LINK;Existe no banco (rom_id 376159, source 1): https://huggingface.co/datasets/luisluis123/ps2chd/resolve/main/Digimon World - Data Squad (USA).chd
ps2_chd0.html;Digimon World 4.chd;https://archive.org/download/ps2-redump-usa-chd-part-D/Digimon World 4 (USA).chd;;JOGO_EXISTE_OUTRO_LINK;Existe no banco (rom_id 376160, source 1): https://huggingface.co/datasets/luisluis123/ps2chd/resolve/main/Digimon World 4 (USA).chd
ps2_chd0.html;Digital Hitz Factory.chd;https://archive.org/download/ps2-redump-usa-chd-part-D/Digital Hitz Factory (USA).chd;;JOGO_EXISTE_OUTRO_LINK;Existe no banco (rom_id 376161, source 1): https://huggingface.co/datasets/luisluis123/ps2chd/resolve/main/Digital Hitz Factory (USA).chd
ps2_chd0.html;Dino Stalker.chd;https://archive.org/download/ps2-redump-usa-chd-part-D/Dino Stalker (USA).chd;;JOGO_EXISTE_OUTRO_LINK;Existe no banco (rom_id 376162, source 1): https://huggingface.co/datasets/luisluis123/ps2chd/resolve/main/Dino Stalker (USA).chd
ps2_chd0.html;Dirge of Cerberus - Final Fantasy VII.chd;https://archive.org/download/ps2-redump-usa-chd-part-D/Dirge of Cerberus - Final Fantasy VII (USA).chd;;JOGO_EXISTE_OUTRO_LINK;Existe no banco (rom_id 376163, source 1): https://huggingface.co/datasets/luisluis123/ps2chd/resolve/main/Dirge of Cerberus - Final Fantasy VII (USA).chd
ps2_chd0.html;Disaster Report.chd;https://archive.org/download/ps2-redump-usa-chd-part-D/Disaster Report (USA).chd;;JOGO_EXISTE_OUTRO_LINK;Existe no banco (rom_id 376164, source 1): https://huggingface.co/datasets/luisluis123/ps2chd/resolve/main/Disaster Report (USA).chd
ps2_chd0.html;Disgaea - Hour of Darkness.chd;https://archive.org/download/ps2-redump-usa-chd-part-D/Disgaea - Hour of Darkness (USA).chd;;JOGO_EXISTE_OUTRO_LINK;Existe no banco (rom_id 376165, source 1): https://huggingface.co/datasets/luisluis123/ps2chd/resolve/main/Disgaea - Hour of Darkness (USA).chd
ps2_chd0.html;Disgaea 2 - Cursed Memories.chd;https://archive.org/download/ps2-redump-usa-chd-part-D/Disgaea 2 - Cursed Memories (USA).chd;;JOGO_EXISTE_OUTRO_LINK;Existe no banco (rom_id 376166, source 1): https://huggingface.co/datasets/luisluis123/ps2chd/resolve/main/Disgaea 2 - Cursed Memories (USA).chd
ps2_chd0.html;Disney G-Force.chd;https://archive.org/download/ps2-redump-usa-chd-part-D/Disney G-Force (USA).chd;;JOGO_EXISTE_OUTRO_LINK;Existe no banco (rom_id 376167, source 1): https://huggingface.co/datasets/luisluis123/ps2chd/resolve/main/Disney G-Force (USA).chd
ps2_chd0.html;Disney Golf.chd;https://archive.org/download/ps2-redump-usa-chd-part-D/Disney Golf (USA).chd;;JOGO_EXISTE_OUTRO_LINK;Existe no banco (rom_id 376168, source 1): https://huggingface.co/datasets/luisluis123/ps2chd/resolve/main/Disney Golf (USA).chd
ps2_chd0.html;Disney Hannah Montana - Spotlight World Tour.chd;https://archive.org/download/ps2-redump-usa-chd-part-D/Disney Hannah Montana - Spotlight World Tour (USA).chd;1.53 GiB;JOGO_EXISTE_OUTRO_LINK;Existe no banco (rom_id 376169, source 1): https://huggingface.co/datasets/luisluis123/ps2chd/resolve/main/Disney Hannah Montana - Spotlight World Tour (USA).chd
ps2_chd0.html;Disney High School Musical - Sing It!.chd;https://archive.org/download/ps2-redump-usa-chd-part-D/Disney High School Musical - Sing It! (USA).chd;1.61 GiB;JOGO_EXISTE_OUTRO_LINK;Existe no banco (rom_id 376170, source 1): https://huggingface.co/datasets/luisluis123/ps2chd/resolve/main/Disney High School Musical - Sing It! (USA).chd
ps2_chd0.html;Disney High School Musical 3 - Senior Year Dance!.chd;https://archive.org/download/ps2-redump-usa-chd-part-D/Disney High School Musical 3 - Senior Year Dance! (USA).chd;984.52 MiB;JOGO_EXISTE_OUTRO_LINK;Existe no banco (rom_id 376171, source 1): https://huggingface.co/datasets/luisluis123/ps2chd/resolve/main/Disney High School Musical 3 - Senior Year Dance! (USA).chd
ps2_chd0.html;Disney Pirates of the Caribbean - At World's End.chd;https://archive.org/download/ps2-redump-usa-chd-part-D/Disney Pirates of the Caribbean - At World's End (USA).chd;478.27 MiB;JOGO_EXISTE_OUTRO_LINK;Existe no banco (rom_id 376172, source 1): https://huggingface.co/datasets/luisluis123/ps2chd/resolve/main/Disney Pirates of the Caribbean - At World's End (USA).chd
ps2_chd0.html;Disney Presents Piglet's Big Game.chd;https://archive.org/download/ps2-redump-usa-chd-part-D/Disney Presents Piglet's Big Game (USA).chd;1.05 GiB;JOGO_EXISTE_OUTRO_LINK;Existe no banco (rom_id 376173, source 1): https://huggingface.co/datasets/luisluis123/ps2chd/resolve/main/Disney Presents Piglet's Big Game (USA).chd
ps2_chd0.html;Disney Princess - Enchanted Journey.chd;https://archive.org/download/ps2-redump-usa-chd-part-D/Disney Princess - Enchanted Journey (USA).chd;;JOGO_EXISTE_OUTRO_LINK;Existe no banco (rom_id 376174, source 1): https://huggingface.co/datasets/luisluis123/ps2chd/resolve/main/Disney Princess - Enchanted Journey (USA).chd
ps2_chd0.html;Disney Sing It - High School Musical 3 - Senior Year.chd;https://archive.org/download/ps2-redump-usa-chd-part-D/Disney Sing It - High School Musical 3 - Senior Year (USA).chd;;JOGO_EXISTE_OUTRO_LINK;Existe no banco (rom_id 376176, source 1): https://huggingface.co/datasets/luisluis123/ps2chd/resolve/main/Disney Sing It - High School Musical 3 - Senior Year (USA).chd
ps2_chd0.html;Disney Sing It - Pop Hits.chd;https://archive.org/download/ps2-redump-usa-chd-part-D/Disney Sing It - Pop Hits (USA).chd;;JOGO_EXISTE_OUTRO_LINK;Existe no banco (rom_id 376177, source 1): https://huggingface.co/datasets/luisluis123/ps2chd/resolve/main/Disney Sing It - Pop Hits (USA).chd
ps2_chd0.html;Disney Sing It.chd;https://archive.org/download/ps2-redump-usa-chd-part-D/Disney Sing It (USA).chd;2.30 GiB;JOGO_EXISTE_OUTRO_LINK;Existe no banco (rom_id 376175, source 1): https://huggingface.co/datasets/luisluis123/ps2chd/resolve/main/Disney Sing It (USA).chd
ps2_chd0.html;Disney Think Fast.chd;https://archive.org/download/ps2-redump-usa-chd-part-D/Disney Think Fast (USA).chd;;JOGO_EXISTE_OUTRO_LINK;Existe no banco (rom_id 376178, source 1): https://huggingface.co/datasets/luisluis123/ps2chd/resolve/main/Disney Think Fast (USA).chd
ps2_chd0.html;Disney's Chicken Little - Ace in Action.chd;https://archive.org/download/ps2-redump-usa-chd-part-D/Disney's Chicken Little - Ace in Action (USA).chd;;JOGO_EXISTE_OUTRO_LINK;Existe no banco (rom_id 376180, source 1): https://huggingface.co/datasets/luisluis123/ps2chd/resolve/main/Disney's Chicken Little - Ace in Action (USA).chd
ps2_chd0.html;Disney's Chicken Little.chd;https://archive.org/download/ps2-redump-usa-chd-part-D/Disney's Chicken Little (USA).chd;;JOGO_EXISTE_OUTRO_LINK;Existe no banco (rom_id 376179, source 1): https://huggingface.co/datasets/luisluis123/ps2chd/resolve/main/Disney's Chicken Little (USA).chd
ps2_chd0.html;Disney's Donald Duck - Goin' Quackers.chd;https://archive.org/download/ps2-redump-usa-chd-part-D/Disney's Donald Duck - Goin' Quackers (USA).chd;;JOGO_EXISTE_OUTRO_LINK;Existe no banco (rom_id 376181, source 1): https://huggingface.co/datasets/luisluis123/ps2chd/resolve/main/Disney's Donald Duck - Goin' Quackers (USA).chd
ps2_chd0.html;Disney's Extreme Skate Adventure.chd;https://archive.org/download/ps2-redump-usa-chd-part-D/Disney's Extreme Skate Adventure (USA).chd;;JOGO_EXISTE_OUTRO_LINK;Existe no banco (rom_id 376182, source 1): https://huggingface.co/datasets/luisluis123/ps2chd/resolve/main/Disney's Extreme Skate Adventure (USA).chd
ps2_chd0.html;Disney's Kim Possible - What's the Switch.chd;https://archive.org/download/ps2-redump-usa-chd-part-D/Disney's Kim Possible - What's the Switch (USA).chd;;JOGO_EXISTE_OUTRO_LINK;Existe no banco (rom_id 376183, source 1): https://huggingface.co/datasets/luisluis123/ps2chd/resolve/main/Disney's Kim Possible - What's the Switch (USA).chd
ps2_chd0.html;Disney's PK - Out of the Shadows.chd;https://archive.org/download/ps2-redump-usa-chd-part-D/Disney's PK - Out of the Shadows (USA) (En,Fr,De,It).chd;;JOGO_EXISTE_OUTRO_LINK;Existe no banco (rom_id 376184, source 1): https://huggingface.co/datasets/luisluis123/ps2chd/resolve/main/Disney's PK - Out of the Shadows (USA) (En,Fr,De,It).chd
ps2_chd0.html;Disney's Stitch - Experiment 626.chd;https://archive.org/download/ps2-redump-usa-chd-part-D/Disney's Stitch - Experiment 626 (USA).chd;;JOGO_EXISTE_OUTRO_LINK;Existe no banco (rom_id 376185, source 1): https://huggingface.co/datasets/luisluis123/ps2chd/resolve/main/Disney's Stitch - Experiment 626 (USA).chd
ps2_chd0.html;Disney's Tarzan - Untamed.chd;https://archive.org/download/ps2-redump-usa-chd-part-D/Disney's Tarzan - Untamed (USA).chd;;JOGO_EXISTE_OUTRO_LINK;Existe no banco (rom_id 376186, source 1): https://huggingface.co/datasets/luisluis123/ps2chd/resolve/main/Disney's Tarzan - Untamed (USA).chd
ps2_chd0.html;Disney's The Haunted Mansion.chd;https://archive.org/download/ps2-redump-usa-chd-part-D/Disney's The Haunted Mansion (USA).chd;;JOGO_EXISTE_OUTRO_LINK;Existe no banco (rom_id 376187, source 1): https://huggingface.co/datasets/luisluis123/ps2chd/resolve/main/Disney's The Haunted Mansion (USA).chd
ps2_chd0.html;Disney's Treasure Planet.chd;https://archive.org/download/ps2-redump-usa-chd-part-D/Disney's Treasure Planet (USA).chd;;JOGO_EXISTE_OUTRO_LINK;Existe no banco (rom_id 376188, source 1): https://huggingface.co/datasets/luisluis123/ps2chd/resolve/main/Disney's Treasure Planet (USA).chd
ps2_chd0.html;Disney's Winnie the Pooh's Rumbly Tumbly Adventure.chd;https://archive.org/download/ps2-redump-usa-chd-part-D/Disney's Winnie the Pooh's Rumbly Tumbly Adventure (USA) (En,Fr,Es).chd;;JOGO_EXISTE_OUTRO_LINK;Existe no banco (rom_id 376189, source 1): https://huggingface.co/datasets/luisluis123/ps2chd/resolve/main/Disney's Winnie the Pooh's Rumbly Tumbly Adventure (USA) (En,Fr,Es).chd
ps2_chd0.html;Disney-Pixar Cars - Mater-National Championship.chd;https://archive.org/download/ps2-redump-usa-chd-part-D/Disney-Pixar Cars - Mater-National Championship (USA).chd;1.11 GiB;JOGO_EXISTE_OUTRO_LINK;Existe no banco (rom_id 376191, source 1): https://huggingface.co/datasets/luisluis123/ps2chd/resolve/main/Disney-Pixar Cars - Mater-National Championship (USA).chd
ps2_chd0.html;Disney-Pixar Cars - Race-O-Rama.chd;https://archive.org/download/ps2-redump-usa-chd-part-D/Disney-Pixar Cars - Race-O-Rama (USA).chd;1.23 GiB;JOGO_EXISTE_OUTRO_LINK;Existe no banco (rom_id 376192, source 1): https://huggingface.co/datasets/luisluis123/ps2chd/resolve/main/Disney-Pixar Cars - Race-O-Rama (USA).chd
ps2_chd0.html;Disney-Pixar Cars.chd;https://archive.org/download/ps2-redump-usa-chd-part-D/Disney-Pixar Cars (USA).chd;1.75 GiB;JOGO_EXISTE_OUTRO_LINK;Existe no banco (rom_id 376190, source 1): https://huggingface.co/datasets/luisluis123/ps2chd/resolve/main/Disney-Pixar Cars (USA).chd
ps2_chd0.html;Disney-Pixar Finding Nemo.chd;https://archive.org/download/ps2-redump-usa-chd-part-D/Disney-Pixar Finding Nemo (USA).chd;1.55 GiB;JOGO_EXISTE_OUTRO_LINK;Existe no banco (rom_id 376193, source 1): https://huggingface.co/datasets/luisluis123/ps2chd/resolve/main/Disney-Pixar Finding Nemo (USA).chd
ps2_chd0.html;Disney-Pixar Monsters, Inc..chd;https://archive.org/download/ps2-redump-usa-chd-part-D/Disney-Pixar Monsters, Inc. (USA).chd;1.83 GiB;JOGO_EXISTE_OUTRO_LINK;Existe no banco (rom_id 376194, source 1): https://huggingface.co/datasets/luisluis123/ps2chd/resolve/main/Disney-Pixar Monsters, Inc. (USA).chd
ps2_chd0.html;Disney-Pixar Ratatouille.chd;https://archive.org/download/ps2-redump-usa-chd-part-D/Disney-Pixar Ratatouille (USA).chd;;JOGO_EXISTE_OUTRO_LINK;Existe no banco (rom_id 376195, source 1): https://huggingface.co/datasets/luisluis123/ps2chd/resolve/main/Disney-Pixar Ratatouille (USA).chd
ps2_chd0.html;Disney-Pixar The Incredibles - Rise of the Underminer.chd;https://archive.org/download/ps2-redump-usa-chd-part-D/Disney-Pixar The Incredibles - Rise of the Underminer (USA).chd;1.24 GiB;JOGO_EXISTE_OUTRO_LINK;Existe no banco (rom_id 376197, source 1): https://huggingface.co/datasets/luisluis123/ps2chd/resolve/main/Disney-Pixar The Incredibles - Rise of the Underminer (USA).chd
ps2_chd0.html;Disney-Pixar The Incredibles.chd;https://archive.org/download/ps2-redump-usa-chd-part-D/Disney-Pixar The Incredibles (USA).chd;1.37 GiB;JOGO_EXISTE_OUTRO_LINK;Existe no banco (rom_id 376196, source 1): https://huggingface.co/datasets/luisluis123/ps2chd/resolve/main/Disney-Pixar The Incredibles (USA).chd
ps2_chd0.html;Disney-Pixar Toy Story 3.chd;https://archive.org/download/ps2-redump-usa-chd-part-D/Disney-Pixar Toy Story 3 (USA) (En,Fr,Es).chd;203.25 MiB;JOGO_EXISTE_OUTRO_LINK;Existe no banco (rom_id 376198, source 1): https://huggingface.co/datasets/luisluis123/ps2chd/resolve/main/Disney-Pixar Toy Story 3 (USA) (En,Fr,Es).chd
ps2_chd0.html;Disney-Pixar Up.chd;https://archive.org/download/ps2-redump-usa-chd-part-D/Disney-Pixar Up (USA) (En,Fr).chd;856.32 MiB;JOGO_EXISTE_OUTRO_LINK;Existe no banco (rom_id 376199, source 1): https://huggingface.co/datasets/luisluis123/ps2chd/resolve/main/Disney-Pixar Up (USA) (En,Fr).chd
ps2_chd0.html;Disney-Pixar WALL-E.chd;https://archive.org/download/ps2-redump-usa-chd-part-D/Disney-Pixar WALL-E (USA) (En,Fr,Es).chd;1.49 GiB;JOGO_EXISTE_OUTRO_LINK;Existe no banco (rom_id 376200, source 1): https://huggingface.co/datasets/luisluis123/ps2chd/resolve/main/Disney-Pixar WALL-E (USA) (En,Fr,Es).chd
ps2_chd0.html;DJ Hero.chd;https://archive.org/download/ps2-redump-usa-chd-part-D/DJ Hero (USA).chd;2.46 GiB;JOGO_EXISTE_OUTRO_LINK;Existe no banco (rom_id 376114, source 1): https://huggingface.co/datasets/luisluis123/ps2chd/resolve/main/DJ Hero (USA).chd
ps2_chd0.html;DOA2 - Hardcore.chd;https://archive.org/download/ps2-redump-usa-chd-part-D/DOA2 - Hardcore (USA) (En,Ja,Fr,De,Es,It).chd;;JOGO_EXISTE_OUTRO_LINK;Existe no banco (rom_id 376115, source 1): https://huggingface.co/datasets/luisluis123/ps2chd/resolve/main/DOA2 - Hardcore (USA) (En,Ja,Fr,De,Es,It).chd
ps2_chd0.html;Dog's Life.chd;https://archive.org/download/ps2-redump-usa-chd-part-D/Dog's Life (USA).chd;;JOGO_EXISTE_OUTRO_LINK;Existe no banco (rom_id 376201, source 1): https://huggingface.co/datasets/luisluis123/ps2chd/resolve/main/Dog's Life (USA).chd
ps2_chd0.html;Dokapon Kingdom.chd;https://archive.org/download/ps2-redump-usa-chd-part-D/Dokapon Kingdom (USA).chd;;JOGO_EXISTE_OUTRO_LINK;Existe no banco (rom_id 376202, source 1): https://huggingface.co/datasets/luisluis123/ps2chd/resolve/main/Dokapon Kingdom (USA).chd
ps2_chd0.html;Dot Hack G.U. Vol. 1 - Rebirth.chd;https://archive.org/download/ps2-redump-usa-chd-part-D/Dot Hack G.U. Vol. 1 - Rebirth (USA).chd;2.98 GiB;JOGO_EXISTE_OUTRO_LINK;Existe no banco (rom_id 376203, source 1): https://huggingface.co/datasets/luisluis123/ps2chd/resolve/main/Dot Hack G.U. Vol. 1 - Rebirth (USA).chd
ps2_chd0.html;Dot Hack G.U. Vol. 2 - Reminisce.chd;https://archive.org/download/ps2-redump-usa-chd-part-D/Dot Hack G.U. Vol. 2 - Reminisce (USA).chd;3.33 GiB;JOGO_EXISTE_OUTRO_LINK;Existe no banco (rom_id 376204, source 1): https://huggingface.co/datasets/luisluis123/ps2chd/resolve/main/Dot Hack G.U. Vol. 2 - Reminisce (USA).chd
ps2_chd0.html;Dot Hack G.U. Vol. 3 - Redemption.chd;https://archive.org/download/ps2-redump-usa-chd-part-D/Dot Hack G.U. Vol. 3 - Redemption (USA).chd;3.32 GiB;JOGO_EXISTE_OUTRO_LINK;Existe no banco (rom_id 376205, source 1): https://huggingface.co/datasets/luisluis123/ps2chd/resolve/main/Dot Hack G.U. Vol. 3 - Redemption (USA).chd
ps2_chd0.html;Dot Hack Part 1 - Infection.chd;https://archive.org/download/ps2-redump-usa-chd-part-D/Dot Hack Part 1 - Infection (USA).chd;2.04 GiB;JOGO_EXISTE_OUTRO_LINK;Existe no banco (rom_id 376206, source 1): https://huggingface.co/datasets/luisluis123/ps2chd/resolve/main/Dot Hack Part 1 - Infection (USA).chd
ps2_chd0.html;Dot Hack Part 2 - Mutation.chd;https://archive.org/download/ps2-redump-usa-chd-part-D/Dot Hack Part 2 - Mutation (USA).chd;3.15 GiB;JOGO_EXISTE_OUTRO_LINK;Existe no banco (rom_id 376207, source 1): https://huggingface.co/datasets/luisluis123/ps2chd/resolve/main/Dot Hack Part 2 - Mutation (USA).chd
ps2_chd0.html;Dot Hack Part 3 - Outbreak.chd;https://archive.org/download/ps2-redump-usa-chd-part-D/Dot Hack Part 3 - Outbreak (USA).chd;3.17 GiB;JOGO_EXISTE_OUTRO_LINK;Existe no banco (rom_id 376208, source 1): https://huggingface.co/datasets/luisluis123/ps2chd/resolve/main/Dot Hack Part 3 - Outbreak (USA).chd
ps2_chd0.html;Dot Hack Part 4 - Quarantine.chd;https://archive.org/download/ps2-redump-usa-chd-part-D/Dot Hack Part 4 - Quarantine (USA).chd;3.74 GiB;JOGO_EXISTE_OUTRO_LINK;Existe no banco (rom_id 376209, source 1): https://huggingface.co/datasets/luisluis123/ps2chd/resolve/main/Dot Hack Part 4 - Quarantine (USA).chd
ps2_chd0.html;Downforce.chd;https://archive.org/download/ps2-redump-usa-chd-part-D/Downforce (USA).chd;;JOGO_EXISTE_OUTRO_LINK;Existe no banco (rom_id 376210, source 1): https://huggingface.co/datasets/luisluis123/ps2chd/resolve/main/Downforce (USA).chd
ps2_chd0.html;Downhill Domination.chd;https://archive.org/download/ps2-redump-usa-chd-part-D/Downhill Domination (USA).chd;;JOGO_EXISTE_OUTRO_LINK;Existe no banco (rom_id 376211, source 1): https://huggingface.co/datasets/luisluis123/ps2chd/resolve/main/Downhill Domination (USA).chd
ps2_chd0.html;Dr. Muto.chd;https://archive.org/download/ps2-redump-usa-chd-part-D/Dr. Muto (USA).chd;1.58 GiB;JOGO_EXISTE_OUTRO_LINK;Existe no banco (rom_id 376212, source 1): https://huggingface.co/datasets/luisluis123/ps2chd/resolve/main/Dr. Muto (USA).chd
ps2_chd0.html;Dr. Seuss' The Cat in the Hat.chd;https://archive.org/download/ps2-redump-usa-chd-part-D/Dr. Seuss' The Cat in the Hat (USA).chd;480.51 MiB;JOGO_EXISTE_OUTRO_LINK;Existe no banco (rom_id 376213, source 1): https://huggingface.co/datasets/luisluis123/ps2chd/resolve/main/Dr. Seuss' The Cat in the Hat (USA).chd
ps2_chd0.html;Dragon Ball Z - Budokai 2.chd;https://archive.org/download/ps2-redump-usa-chd-part-D/Dragon Ball Z - Budokai 2 (USA).chd;;JOGO_EXISTE_OUTRO_LINK;Existe no banco (rom_id 376215, source 1): https://huggingface.co/datasets/luisluis123/ps2chd/resolve/main/Dragon Ball Z - Budokai 2 (USA).chd
ps2_chd0.html;Dragon Ball Z - Budokai 3.chd;https://archive.org/download/ps2-redump-usa-chd-part-D/Dragon Ball Z - Budokai 3 (USA).chd;;JOGO_EXISTE_OUTRO_LINK;Existe no banco (rom_id 376216, source 1): https://huggingface.co/datasets/luisluis123/ps2chd/resolve/main/Dragon Ball Z - Budokai 3 (USA) (Greatest Hits).chd
ps2_chd0.html;Dragon Ball Z - Budokai Tenkaichi 2.chd;https://archive.org/download/ps2-redump-usa-chd-part-D/Dragon Ball Z - Budokai Tenkaichi 2 (USA) (En,Ja).chd;;JOGO_EXISTE_OUTRO_LINK;Existe no banco (rom_id 376219, source 1): https://huggingface.co/datasets/luisluis123/ps2chd/resolve/main/Dragon Ball Z - Budokai Tenkaichi 2 (USA) (En,Ja).chd
ps2_chd0.html;Dragon Ball Z - Budokai Tenkaichi 3.chd;https://archive.org/download/ps2-redump-usa-chd-part-D/Dragon Ball Z - Budokai Tenkaichi 3 (USA) (En,Ja).chd;;JOGO_EXISTE_OUTRO_LINK;Existe no banco (rom_id 376220, source 1): https://huggingface.co/datasets/luisluis123/ps2chd/resolve/main/Dragon Ball Z - Budokai Tenkaichi 3 (USA) (En,Ja).chd
ps2_chd0.html;Dragon Ball Z - Budokai Tenkaichi.chd;https://archive.org/download/ps2-redump-usa-chd-part-D/Dragon Ball Z - Budokai Tenkaichi (USA).chd;;JOGO_EXISTE_OUTRO_LINK;Existe no banco (rom_id 376218, source 1): https://huggingface.co/datasets/luisluis123/ps2chd/resolve/main/Dragon Ball Z - Budokai Tenkaichi (USA).chd
ps2_chd0.html;Dragon Ball Z - Budokai.chd;https://archive.org/download/ps2-redump-usa-chd-part-D/Dragon Ball Z - Budokai (USA).chd;;JOGO_EXISTE_OUTRO_LINK;Existe no banco (rom_id 376214, source 1): https://huggingface.co/datasets/luisluis123/ps2chd/resolve/main/Dragon Ball Z - Budokai (USA).chd
ps2_chd0.html;Dragon Ball Z - Infinite World.chd;https://archive.org/download/ps2-redump-usa-chd-part-D/Dragon Ball Z - Infinite World (USA).chd;;JOGO_EXISTE_OUTRO_LINK;Existe no banco (rom_id 376221, source 1): https://huggingface.co/datasets/luisluis123/ps2chd/resolve/main/Dragon Ball Z - Infinite World (USA).chd
ps2_chd0.html;Dragon Ball Z - Sagas.chd;https://archive.org/download/ps2-redump-usa-chd-part-D/Dragon Ball Z - Sagas (USA).chd;;JOGO_EXISTE_OUTRO_LINK;Existe no banco (rom_id 376222, source 1): https://huggingface.co/datasets/luisluis123/ps2chd/resolve/main/Dragon Ball Z - Sagas (USA).chd
ps2_chd0.html;Dragon Quest VIII - Journey of the Cursed King.chd;https://archive.org/download/ps2-redump-usa-chd-part-D/Dragon Quest VIII - Journey of the Cursed King (USA).chd;;JOGO_EXISTE_OUTRO_LINK;Existe no banco (rom_id 376223, source 1): https://huggingface.co/datasets/luisluis123/ps2chd/resolve/main/Dragon Quest VIII - Journey of the Cursed King (USA).chd
ps2_chd0.html;Dragon Rage.chd;https://archive.org/download/ps2-redump-usa-chd-part-D/Dragon Rage (USA).chd;;JOGO_EXISTE_OUTRO_LINK;Existe no banco (rom_id 376224, source 1): https://huggingface.co/datasets/luisluis123/ps2chd/resolve/main/Dragon Rage (USA).chd
ps2_chd0.html;Drakan - The Ancients' Gates.chd;https://archive.org/download/ps2-redump-usa-chd-part-D/Drakan - The Ancients' Gates (USA).chd;;JOGO_EXISTE_OUTRO_LINK;Existe no banco (rom_id 376225, source 1): https://huggingface.co/datasets/luisluis123/ps2chd/resolve/main/Drakan - The Ancients' Gates (USA).chd
ps2_chd0.html;Drakengard 2.chd;https://archive.org/download/ps2-redump-usa-chd-part-D/Drakengard 2 (USA).chd;;JOGO_EXISTE_OUTRO_LINK;Existe no banco (rom_id 376227, source 1): https://huggingface.co/datasets/luisluis123/ps2chd/resolve/main/Drakengard 2 (USA).chd
ps2_chd0.html;Drakengard.chd;https://archive.org/download/ps2-redump-usa-chd-part-D/Drakengard (USA).chd;;JOGO_EXISTE_OUTRO_LINK;Existe no banco (rom_id 376226, source 1): https://huggingface.co/datasets/luisluis123/ps2chd/resolve/main/Drakengard (USA).chd
ps2_chd0.html;DreamWorks & Aardman Flushed Away.chd;https://archive.org/download/ps2-redump-usa-chd-part-D/DreamWorks & Aardman Flushed Away (USA).chd;;JOGO_EXISTE_OUTRO_LINK;Existe no banco (rom_id 376228, source 1): https://huggingface.co/datasets/luisluis123/ps2chd/resolve/main/DreamWorks & Aardman Flushed Away (USA).chd
ps2_chd0.html;DreamWorks Bee Movie Game.chd;https://archive.org/download/ps2-redump-usa-chd-part-D/DreamWorks Bee Movie Game (USA).chd;1.15 GiB;JOGO_EXISTE_OUTRO_LINK;Existe no banco (rom_id 376229, source 1): https://huggingface.co/datasets/luisluis123/ps2chd/resolve/main/DreamWorks Bee Movie Game (USA).chd
ps2_chd0.html;DreamWorks Kung Fu Panda.chd;https://archive.org/download/ps2-redump-usa-chd-part-D/DreamWorks Kung Fu Panda (USA).chd;;JOGO_EXISTE_OUTRO_LINK;Existe no banco (rom_id 376230, source 1): https://huggingface.co/datasets/luisluis123/ps2chd/resolve/main/DreamWorks Kung Fu Panda (USA).chd
ps2_chd0.html;DreamWorks Madagascar - Escape 2 Africa.chd;https://archive.org/download/ps2-redump-usa-chd-part-D/DreamWorks Madagascar - Escape 2 Africa (USA).chd;1.44 GiB;JOGO_EXISTE_OUTRO_LINK;Existe no banco (rom_id 376234, source 1): https://huggingface.co/datasets/luisluis123/ps2chd/resolve/main/DreamWorks Madagascar - Escape 2 Africa (USA).chd
ps2_chd0.html;DreamWorks Madagascar.chd;https://archive.org/download/ps2-redump-usa-chd-part-D/DreamWorks Madagascar (USA) (v3.01).chd;;JOGO_EXISTE_OUTRO_LINK;Existe no banco (rom_id 376231, source 1): https://huggingface.co/datasets/luisluis123/ps2chd/resolve/main/DreamWorks Madagascar (USA) (v1.01).chd
ps2_chd0.html;DreamWorks Monsters vs. Aliens.chd;https://archive.org/download/ps2-redump-usa-chd-part-D/DreamWorks Monsters vs. Aliens (USA).chd;1.71 GiB;JOGO_EXISTE_OUTRO_LINK;Existe no banco (rom_id 376235, source 1): https://huggingface.co/datasets/luisluis123/ps2chd/resolve/main/DreamWorks Monsters vs. Aliens (USA).chd
ps2_chd0.html;DreamWorks Over the Hedge.chd;https://archive.org/download/ps2-redump-usa-chd-part-D/DreamWorks Over the Hedge (USA).chd;1.36 GiB;JOGO_EXISTE_OUTRO_LINK;Existe no banco (rom_id 376236, source 1): https://huggingface.co/datasets/luisluis123/ps2chd/resolve/main/DreamWorks Over the Hedge (USA).chd
ps2_chd0.html;DreamWorks Shark Tale.chd;https://archive.org/download/ps2-redump-usa-chd-part-D/DreamWorks Shark Tale (USA).chd;1.11 GiB;JOGO_EXISTE_OUTRO_LINK;Existe no banco (rom_id 376237, source 1): https://huggingface.co/datasets/luisluis123/ps2chd/resolve/main/DreamWorks Shark Tale (USA).chd
ps2_chd0.html;DreamWorks Shrek - Smash n' Crash Racing.chd;https://archive.org/download/ps2-redump-usa-chd-part-D/DreamWorks Shrek - Smash n' Crash Racing (USA).chd;;JOGO_EXISTE_OUTRO_LINK;Existe no banco (rom_id 376238, source 1): https://huggingface.co/datasets/luisluis123/ps2chd/resolve/main/DreamWorks Shrek - Smash n' Crash Racing (USA).chd
ps2_chd0.html;DreamWorks Shrek - SuperSlam.chd;https://archive.org/download/ps2-redump-usa-chd-part-D/DreamWorks Shrek - SuperSlam (USA).chd;1.16 GiB;JOGO_EXISTE_OUTRO_LINK;Existe no banco (rom_id 376239, source 1): https://huggingface.co/datasets/luisluis123/ps2chd/resolve/main/DreamWorks Shrek - SuperSlam (USA).chd
ps2_chd0.html;DreamWorks Shrek the Third.chd;https://archive.org/download/ps2-redump-usa-chd-part-D/DreamWorks Shrek the Third (USA).chd;929.35 MiB;JOGO_EXISTE_OUTRO_LINK;Existe no banco (rom_id 376240, source 1): https://huggingface.co/datasets/luisluis123/ps2chd/resolve/main/DreamWorks Shrek the Third (USA).chd
ps2_chd0.html;DreamWorks Shrek's Carnival Craze - Party Games.chd;https://archive.org/download/ps2-redump-usa-chd-part-D/DreamWorks Shrek's Carnival Craze - Party Games (USA).chd;1.53 GiB;JOGO_EXISTE_OUTRO_LINK;Existe no banco (rom_id 376241, source 1): https://huggingface.co/datasets/luisluis123/ps2chd/resolve/main/DreamWorks Shrek's Carnival Craze - Party Games (USA).chd
ps2_chd0.html;Driv3r.chd;https://archive.org/download/ps2-redump-usa-chd-part-D/Driv3r (USA) (En,Fr,Es).chd;;JOGO_EXISTE_OUTRO_LINK;Existe no banco (rom_id 376242, source 1): https://huggingface.co/datasets/luisluis123/ps2chd/resolve/main/Driv3r (USA) (En,Fr,Es).chd
ps2_chd0.html;Drive to Survive.chd;https://archive.org/download/ps2-redump-usa-chd-part-D/Drive to Survive (USA).chd;;JOGO_EXISTE_OUTRO_LINK;Existe no banco (rom_id 376243, source 1): https://huggingface.co/datasets/luisluis123/ps2chd/resolve/main/Drive to Survive (USA).chd
ps2_chd0.html;Driven.chd;https://archive.org/download/ps2-redump-usa-chd-part-D/Driven (USA) (En,Fr,De,Es,It).chd;;JOGO_EXISTE_OUTRO_LINK;Existe no banco (rom_id 376244, source 1): https://huggingface.co/datasets/luisluis123/ps2chd/resolve/main/Driven (USA) (En,Fr,De,Es,It).chd
ps2_chd0.html;Driver - Parallel Lines.chd;https://archive.org/download/ps2-redump-usa-chd-part-D/Driver - Parallel Lines (USA).chd;;JOGO_EXISTE_OUTRO_LINK;Existe no banco (rom_id 376245, source 1): https://huggingface.co/datasets/luisluis123/ps2chd/resolve/main/Driver - Parallel Lines (USA) (Limited Edition).chd
ps2_chd0.html;Driving Emotion Type-S.chd;https://archive.org/download/ps2-redump-usa-chd-part-D/Driving Emotion Type-S (USA) (En,Fr,De,Es,It).chd;;JOGO_EXISTE_OUTRO_LINK;Existe no banco (rom_id 376247, source 1): https://huggingface.co/datasets/luisluis123/ps2chd/resolve/main/Driving Emotion Type-S (USA) (En,Fr,De,Es,It).chd
ps2_chd0.html;Drome Racers.chd;https://archive.org/download/ps2-redump-usa-chd-part-D/Drome Racers (USA).chd;;JOGO_EXISTE_OUTRO_LINK;Existe no banco (rom_id 376248, source 1): https://huggingface.co/datasets/luisluis123/ps2chd/resolve/main/Drome Racers (USA).chd
ps2_chd0.html;Dropship - United Peace Force.chd;https://archive.org/download/ps2-redump-usa-chd-part-D/Dropship - United Peace Force (USA).chd;;JOGO_EXISTE_OUTRO_LINK;Existe no banco (rom_id 376249, source 1): https://huggingface.co/datasets/luisluis123/ps2chd/resolve/main/Dropship - United Peace Force (USA).chd
ps2_chd0.html;DT Carnage.chd;https://archive.org/download/ps2-redump-usa-chd-part-D/DT Carnage (USA).chd;;JOGO_EXISTE_OUTRO_LINK;Existe no banco (rom_id 376116, source 1): https://huggingface.co/datasets/luisluis123/ps2chd/resolve/main/DT Carnage (USA).chd
ps2_chd0.html;DT Racer.chd;https://archive.org/download/ps2-redump-usa-chd-part-D/DT Racer (USA).chd;;JOGO_EXISTE_OUTRO_LINK;Existe no banco (rom_id 376117, source 1): https://huggingface.co/datasets/luisluis123/ps2chd/resolve/main/DT Racer (USA).chd
ps2_chd0.html;Dual Hearts.chd;https://archive.org/download/ps2-redump-usa-chd-part-D/Dual Hearts (USA).chd;;JOGO_EXISTE_OUTRO_LINK;Existe no banco (rom_id 376250, source 1): https://huggingface.co/datasets/luisluis123/ps2chd/resolve/main/Dual Hearts (USA).chd
ps2_chd0.html;Duel Masters.chd;https://archive.org/download/ps2-redump-usa-chd-part-D/Duel Masters (USA).chd;;JOGO_EXISTE_OUTRO_LINK;Existe no banco (rom_id 376251, source 1): https://huggingface.co/datasets/luisluis123/ps2chd/resolve/main/Duel Masters (USA).chd
ps2_chd0.html;Dukes of Hazzard, The - Return of the General Lee.chd;https://archive.org/download/ps2-redump-usa-chd-part-D/Dukes of Hazzard, The - Return of the General Lee (USA).chd;;JOGO_EXISTE_OUTRO_LINK;Existe no banco (rom_id 376252, source 1): https://huggingface.co/datasets/luisluis123/ps2chd/resolve/main/Dukes of Hazzard, The - Return of the General Lee (USA).chd
ps2_chd0.html;Dynasty Tactics 2.chd;https://archive.org/download/ps2-redump-usa-chd-part-D/Dynasty Tactics 2 (USA).chd;;JOGO_EXISTE_OUTRO_LINK;Existe no banco (rom_id 376254, source 1): https://huggingface.co/datasets/luisluis123/ps2chd/resolve/main/Dynasty Tactics 2 (USA).chd
ps2_chd0.html;Dynasty Tactics.chd;https://archive.org/download/ps2-redump-usa-chd-part-D/Dynasty Tactics (USA).chd;;JOGO_EXISTE_OUTRO_LINK;Existe no banco (rom_id 376253, source 1): https://huggingface.co/datasets/luisluis123/ps2chd/resolve/main/Dynasty Tactics (USA).chd
ps2_chd0.html;Dynasty Warriors - Gundam 2.chd;https://archive.org/download/ps2-redump-usa-chd-part-D/Dynasty Warriors - Gundam 2 (USA).chd;;JOGO_EXISTE_OUTRO_LINK;Existe no banco (rom_id 376255, source 1): https://huggingface.co/datasets/luisluis123/ps2chd/resolve/main/Dynasty Warriors - Gundam 2 (USA).chd
ps2_chd0.html;Dynasty Warriors 2.chd;https://archive.org/download/ps2-redump-usa-chd-part-D/Dynasty Warriors 2 (USA).chd;;JOGO_EXISTE_OUTRO_LINK;Existe no banco (rom_id 376256, source 1): https://huggingface.co/datasets/luisluis123/ps2chd/resolve/main/Dynasty Warriors 2 (USA).chd
ps2_chd0.html;Dynasty Warriors 3 - Xtreme Legends.chd;https://archive.org/download/ps2-redump-usa-chd-part-D/Dynasty Warriors 3 - Xtreme Legends (USA).chd;;JOGO_EXISTE_OUTRO_LINK;Existe no banco (rom_id 376258, source 1): https://huggingface.co/datasets/luisluis123/ps2chd/resolve/main/Dynasty Warriors 3 - Xtreme Legends (USA).chd
ps2_chd0.html;Dynasty Warriors 3.chd;https://archive.org/download/ps2-redump-usa-chd-part-D/Dynasty Warriors 3 (USA).chd;;JOGO_EXISTE_OUTRO_LINK;Existe no banco (rom_id 376257, source 1): https://huggingface.co/datasets/luisluis123/ps2chd/resolve/main/Dynasty Warriors 3 (USA).chd
ps2_chd0.html;Dynasty Warriors 4 - Empires.chd;https://archive.org/download/ps2-redump-usa-chd-part-D/Dynasty Warriors 4 - Empires (USA).chd;;JOGO_EXISTE_OUTRO_LINK;Existe no banco (rom_id 376260, source 1): https://huggingface.co/datasets/luisluis123/ps2chd/resolve/main/Dynasty Warriors 4 - Empires (USA).chd
ps2_chd0.html;Dynasty Warriors 4 - Xtreme Legends.chd;https://archive.org/download/ps2-redump-usa-chd-part-D/Dynasty Warriors 4 - Xtreme Legends (USA).chd;;JOGO_EXISTE_OUTRO_LINK;Existe no banco (rom_id 376261, source 1): https://huggingface.co/datasets/luisluis123/ps2chd/resolve/main/Dynasty Warriors 4 - Xtreme Legends (USA).chd
ps2_chd0.html;Dynasty Warriors 4.chd;https://archive.org/download/ps2-redump-usa-chd-part-D/Dynasty Warriors 4 (USA).chd;;JOGO_EXISTE_OUTRO_LINK;Existe no banco (rom_id 376259, source 1): https://huggingface.co/datasets/luisluis123/ps2chd/resolve/main/Dynasty Warriors 4 (USA).chd
ps2_chd0.html;Dynasty Warriors 5 - Empires.chd;https://archive.org/download/ps2-redump-usa-chd-part-D/Dynasty Warriors 5 - Empires (USA).chd;;JOGO_EXISTE_OUTRO_LINK;Existe no banco (rom_id 376263, source 1): https://huggingface.co/datasets/luisluis123/ps2chd/resolve/main/Dynasty Warriors 5 - Empires (USA).chd
ps2_chd0.html;Dynasty Warriors 5 - Xtreme Legends.chd;https://archive.org/download/ps2-redump-usa-chd-part-D/Dynasty Warriors 5 - Xtreme Legends (USA).chd;;JOGO_EXISTE_OUTRO_LINK;Existe no banco (rom_id 376264, source 1): https://huggingface.co/datasets/luisluis123/ps2chd/resolve/main/Dynasty Warriors 5 - Xtreme Legends (USA).chd
ps2_chd0.html;Dynasty Warriors 5.chd;https://archive.org/download/ps2-redump-usa-chd-part-D/Dynasty Warriors 5 (USA).chd;;JOGO_EXISTE_OUTRO_LINK;Existe no banco (rom_id 376262, source 1): https://huggingface.co/datasets/luisluis123/ps2chd/resolve/main/Dynasty Warriors 5 (USA).chd
ps2_chd0.html;Dynasty Warriors 6.chd;https://archive.org/download/ps2-redump-usa-chd-part-D/Dynasty Warriors 6 (USA).chd;;JOGO_EXISTE_OUTRO_LINK;Existe no banco (rom_id 376265, source 1): https://huggingface.co/datasets/luisluis123/ps2chd/resolve/main/Dynasty Warriors 6 (USA).chd
ps2_chd0.html;Fugitive Hunter - War on Terror (USA).chd;https://huggingface.co/datasets/luisluis123/ps2chd/resolve/main/Fugitive Hunter - War on Terror (USA).chd;2.81 GB;JOGO_EXISTE_OUTRO_LINK;Existe no banco (rom_id 302852, source 2): https://archive.org/download/ps2-redump-usa-chd-part-F/Fugitive Hunter - War on Terror (USA).chd
ps2_chd0.html;Mace Griffin - Bounty Hunter.chd;https://archive.org/download/ps2-redump-usa-chd-part-M/Mace Griffin - Bounty Hunter (USA).chd;;JOGO_EXISTE_OUTRO_LINK;Existe no banco (rom_id 376715, source 1): https://huggingface.co/datasets/luisluis123/ps2chd/resolve/main/Mace Griffin - Bounty Hunter (USA).chd
ps2_chd0.html;Mad Maestro!.chd;https://archive.org/download/ps2-redump-usa-chd-part-M/Mad Maestro! (USA).chd;;JOGO_EXISTE_OUTRO_LINK;Existe no banco (rom_id 376716, source 1): https://huggingface.co/datasets/luisluis123/ps2chd/resolve/main/Mad Maestro! (USA).chd
ps2_chd0.html;Madden NFL 06.chd;https://archive.org/download/ps2-redump-usa-chd-part-M/Madden NFL 06 (USA).chd;;JOGO_EXISTE_OUTRO_LINK;Existe no banco (rom_id 376717, source 1): https://huggingface.co/datasets/luisluis123/ps2chd/resolve/main/Madden NFL 06 (USA).chd
ps2_chd0.html;Madden NFL 07.chd;https://archive.org/download/ps2-redump-usa-chd-part-M/Madden NFL 07 (USA).chd;;JOGO_EXISTE_OUTRO_LINK;Existe no banco (rom_id 376718, source 1): https://huggingface.co/datasets/luisluis123/ps2chd/resolve/main/Madden NFL 07 (USA) (Hall of Fame Edition).chd
ps2_chd0.html;Madden NFL 08 en Espanol.chd;https://archive.org/download/ps2-redump-usa-chd-part-M/Madden NFL 08 en Espanol (USA).chd;1.48 GiB;JOGO_EXISTE_OUTRO_LINK;Existe no banco (rom_id 376721, source 1): https://huggingface.co/datasets/luisluis123/ps2chd/resolve/main/Madden NFL 08 en Espanol (USA).chd
ps2_chd0.html;Madden NFL 08.chd;https://archive.org/download/ps2-redump-usa-chd-part-M/Madden NFL 08 (USA).chd;;JOGO_EXISTE_OUTRO_LINK;Existe no banco (rom_id 376720, source 1): https://huggingface.co/datasets/luisluis123/ps2chd/resolve/main/Madden NFL 08 (USA).chd
ps2_chd0.html;Madden NFL 09.chd;https://archive.org/download/ps2-redump-usa-chd-part-M/Madden NFL 09 (USA).chd;;JOGO_EXISTE_OUTRO_LINK;Existe no banco (rom_id 376722, source 1): https://huggingface.co/datasets/luisluis123/ps2chd/resolve/main/Madden NFL 09 (USA).chd
ps2_chd0.html;Madden NFL 10.chd;https://archive.org/download/ps2-redump-usa-chd-part-M/Madden NFL 10 (USA).chd;;JOGO_EXISTE_OUTRO_LINK;Existe no banco (rom_id 376723, source 1): https://huggingface.co/datasets/luisluis123/ps2chd/resolve/main/Madden NFL 10 (USA).chd
ps2_chd0.html;Madden NFL 11.chd;https://archive.org/download/ps2-redump-usa-chd-part-M/Madden NFL 11 (USA).chd;;JOGO_EXISTE_OUTRO_LINK;Existe no banco (rom_id 376724, source 1): https://huggingface.co/datasets/luisluis123/ps2chd/resolve/main/Madden NFL 11 (USA).chd
ps2_chd0.html;Madden NFL 12.chd;https://archive.org/download/ps2-redump-usa-chd-part-M/Madden NFL 12 (USA).chd;;JOGO_EXISTE_OUTRO_LINK;Existe no banco (rom_id 376725, source 1): https://huggingface.co/datasets/luisluis123/ps2chd/resolve/main/Madden NFL 12 (USA).chd
ps2_chd0.html;Madden NFL 2001.chd;https://archive.org/download/ps2-redump-usa-chd-part-M/Madden NFL 2001 (USA).chd;;JOGO_EXISTE_OUTRO_LINK;Existe no banco (rom_id 376726, source 1): https://huggingface.co/datasets/luisluis123/ps2chd/resolve/main/Madden NFL 2001 (USA).chd
ps2_chd0.html;Madden NFL 2002.chd;https://archive.org/download/ps2-redump-usa-chd-part-M/Madden NFL 2002 (USA).chd;;JOGO_EXISTE_OUTRO_LINK;Existe no banco (rom_id 376727, source 1): https://huggingface.co/datasets/luisluis123/ps2chd/resolve/main/Madden NFL 2002 (USA).chd
ps2_chd0.html;Madden NFL 2003.chd;https://archive.org/download/ps2-redump-usa-chd-part-M/Madden NFL 2003 (USA).chd;;JOGO_EXISTE_OUTRO_LINK;Existe no banco (rom_id 376728, source 1): https://huggingface.co/datasets/luisluis123/ps2chd/resolve/main/Madden NFL 2003 (USA).chd
ps2_chd0.html;Madden NFL 2004.chd;https://archive.org/download/ps2-redump-usa-chd-part-M/Madden NFL 2004 (USA).chd;;JOGO_EXISTE_OUTRO_LINK;Existe no banco (rom_id 376729, source 1): https://huggingface.co/datasets/luisluis123/ps2chd/resolve/main/Madden NFL 2004 (USA).chd
ps2_chd0.html;Madden NFL 2005.chd;https://archive.org/download/ps2-redump-usa-chd-part-M/Madden NFL 2005 (USA).chd;;JOGO_EXISTE_OUTRO_LINK;Existe no banco (rom_id 376730, source 1): https://huggingface.co/datasets/luisluis123/ps2chd/resolve/main/Madden NFL 2005 (USA) (Collector's Edition).chd
ps2_chd0.html;Made Man - Confessions of the Family Blood.chd;https://archive.org/download/ps2-redump-usa-chd-part-M/Made Man - Confessions of the Family Blood (USA).chd;;JOGO_EXISTE_OUTRO_LINK;Existe no banco (rom_id 376732, source 1): https://huggingface.co/datasets/luisluis123/ps2chd/resolve/main/Made Man - Confessions of the Family Blood (USA).chd
ps2_chd0.html;Mafia.chd;https://archive.org/download/ps2-redump-usa-chd-part-M/Mafia (USA).chd;;JOGO_EXISTE_OUTRO_LINK;Existe no banco (rom_id 376733, source 1): https://huggingface.co/datasets/luisluis123/ps2chd/resolve/main/Mafia (USA).chd
ps2_chd0.html;Magic Pengel - The Quest for Color.chd;https://archive.org/download/ps2-redump-usa-chd-part-M/Magic Pengel - The Quest for Color (USA).chd;;JOGO_EXISTE_OUTRO_LINK;Existe no banco (rom_id 376734, source 1): https://huggingface.co/datasets/luisluis123/ps2chd/resolve/main/Magic Pengel - The Quest for Color (USA).chd
ps2_chd0.html;MAGIX Music Maker - Rocks Your Console.chd;https://archive.org/download/ps2-redump-usa-chd-part-M/MAGIX Music Maker - Rocks Your Console (USA).chd;439.11 MiB;JOGO_EXISTE_OUTRO_LINK;Existe no banco (rom_id 376677, source 1): https://huggingface.co/datasets/luisluis123/ps2chd/resolve/main/MAGIX Music Maker - Rocks Your Console (USA).chd
ps2_chd0.html;MAGIX Music Maker.chd;https://archive.org/download/ps2-redump-usa-chd-part-M/MAGIX Music Maker (USA) (Deluxe Edition).chd;1.48 GiB;JOGO_EXISTE_OUTRO_LINK;Existe no banco (rom_id 376676, source 1): https://huggingface.co/datasets/luisluis123/ps2chd/resolve/main/MAGIX Music Maker (USA) (Deluxe Edition).chd
ps2_chd0.html;Magna Carta - Tears of Blood.chd;https://archive.org/download/ps2-redump-usa-chd-part-M/Magna Carta - Tears of Blood (USA).chd;;JOGO_EXISTE_OUTRO_LINK;Existe no banco (rom_id 376735, source 1): https://huggingface.co/datasets/luisluis123/ps2chd/resolve/main/Magna Carta - Tears of Blood (USA).chd
ps2_chd0.html;Major League Baseball 2K10.chd;https://archive.org/download/ps2-redump-usa-chd-part-M/Major League Baseball 2K10 (USA).chd;;JOGO_EXISTE_OUTRO_LINK;Existe no banco (rom_id 376736, source 1): https://huggingface.co/datasets/luisluis123/ps2chd/resolve/main/Major League Baseball 2K10 (USA).chd
ps2_chd0.html;Major League Baseball 2K11.chd;https://archive.org/download/ps2-redump-usa-chd-part-M/Major League Baseball 2K11 (USA).chd;;JOGO_EXISTE_OUTRO_LINK;Existe no banco (rom_id 376737, source 1): https://huggingface.co/datasets/luisluis123/ps2chd/resolve/main/Major League Baseball 2K11 (USA).chd
ps2_chd0.html;Major League Baseball 2K12.chd;https://archive.org/download/ps2-redump-usa-chd-part-M/Major League Baseball 2K12 (USA).chd;;JOGO_EXISTE_OUTRO_LINK;Existe no banco (rom_id 376738, source 1): https://huggingface.co/datasets/luisluis123/ps2chd/resolve/main/Major League Baseball 2K12 (USA).chd
ps2_chd0.html;Major League Baseball 2K5 - World Series Edition.chd;https://archive.org/download/ps2-redump-usa-chd-part-M/Major League Baseball 2K5 - World Series Edition (USA).chd;;JOGO_EXISTE_OUTRO_LINK;Existe no banco (rom_id 376740, source 1): https://huggingface.co/datasets/luisluis123/ps2chd/resolve/main/Major League Baseball 2K5 - World Series Edition (USA).chd
ps2_chd0.html;Major League Baseball 2K5.chd;https://archive.org/download/ps2-redump-usa-chd-part-M/Major League Baseball 2K5 (USA).chd;;JOGO_EXISTE_OUTRO_LINK;Existe no banco (rom_id 376739, source 1): https://huggingface.co/datasets/luisluis123/ps2chd/resolve/main/Major League Baseball 2K5 (USA).chd
ps2_chd0.html;Major League Baseball 2K6.chd;https://archive.org/download/ps2-redump-usa-chd-part-M/Major League Baseball 2K6 (USA).chd;;JOGO_EXISTE_OUTRO_LINK;Existe no banco (rom_id 376741, source 1): https://huggingface.co/datasets/luisluis123/ps2chd/resolve/main/Major League Baseball 2K6 (USA).chd
ps2_chd0.html;Major League Baseball 2K7.chd;https://archive.org/download/ps2-redump-usa-chd-part-M/Major League Baseball 2K7 (USA).chd;;JOGO_EXISTE_OUTRO_LINK;Existe no banco (rom_id 376742, source 1): https://huggingface.co/datasets/luisluis123/ps2chd/resolve/main/Major League Baseball 2K7 (USA).chd
ps2_chd0.html;Major League Baseball 2K8.chd;https://archive.org/download/ps2-redump-usa-chd-part-M/Major League Baseball 2K8 (USA).chd;;JOGO_EXISTE_OUTRO_LINK;Existe no banco (rom_id 376743, source 1): https://huggingface.co/datasets/luisluis123/ps2chd/resolve/main/Major League Baseball 2K8 (USA).chd
ps2_chd0.html;Major League Baseball 2K9.chd;https://archive.org/download/ps2-redump-usa-chd-part-M/Major League Baseball 2K9 (USA).chd;;JOGO_EXISTE_OUTRO_LINK;Existe no banco (rom_id 376744, source 1): https://huggingface.co/datasets/luisluis123/ps2chd/resolve/main/Major League Baseball 2K9 (USA).chd
ps2_chd0.html;Makai Kingdom - Chronicles of the Sacred Tome.chd;https://archive.org/download/ps2-redump-usa-chd-part-M/Makai Kingdom - Chronicles of the Sacred Tome (USA).chd;;JOGO_EXISTE_OUTRO_LINK;Existe no banco (rom_id 376745, source 1): https://huggingface.co/datasets/luisluis123/ps2chd/resolve/main/Makai Kingdom - Chronicles of the Sacred Tome (USA).chd
ps2_chd0.html;Malice.chd;https://archive.org/download/ps2-redump-usa-chd-part-M/Malice (USA).chd;;JOGO_EXISTE_OUTRO_LINK;Existe no banco (rom_id 376746, source 1): https://huggingface.co/datasets/luisluis123/ps2chd/resolve/main/Malice (USA).chd
ps2_chd0.html;Mana Khemia - Alchemists of Al-Revis.chd;https://archive.org/download/ps2-redump-usa-chd-part-M/Mana Khemia - Alchemists of Al-Revis (USA).chd;;JOGO_EXISTE_OUTRO_LINK;Existe no banco (rom_id 376747, source 1): https://huggingface.co/datasets/luisluis123/ps2chd/resolve/main/Mana Khemia - Alchemists of Al-Revis (USA).chd
ps2_chd0.html;Mana Khemia 2 - Fall of Alchemy.chd;https://archive.org/download/ps2-redump-usa-chd-part-M/Mana Khemia 2 - Fall of Alchemy (USA).chd;;JOGO_EXISTE_OUTRO_LINK;Existe no banco (rom_id 376748, source 1): https://huggingface.co/datasets/luisluis123/ps2chd/resolve/main/Mana Khemia 2 - Fall of Alchemy (USA).chd
ps2_chd0.html;Manhunt 2.chd;https://archive.org/download/ps2-redump-usa-chd-part-M/Manhunt 2 (USA).chd;;JOGO_EXISTE_OUTRO_LINK;Existe no banco (rom_id 376750, source 1): https://huggingface.co/datasets/luisluis123/ps2chd/resolve/main/Manhunt 2 (USA).chd
ps2_chd0.html;Manhunt.chd;https://archive.org/download/ps2-redump-usa-chd-part-M/Manhunt (USA).chd;;JOGO_EXISTE_OUTRO_LINK;Existe no banco (rom_id 376749, source 1): https://huggingface.co/datasets/luisluis123/ps2chd/resolve/main/Manhunt (USA).chd
ps2_chd0.html;Marc Ecko's Getting Up - Contents Under Pressure.chd;https://archive.org/download/ps2-redump-usa-chd-part-M/Marc Ecko's Getting Up - Contents Under Pressure (USA).chd;;JOGO_EXISTE_OUTRO_LINK;Existe no banco (rom_id 376751, source 1): https://huggingface.co/datasets/luisluis123/ps2chd/resolve/main/Marc Ecko's Getting Up - Contents Under Pressure (USA).chd
ps2_chd0.html;Mark Davis Pro Bass Challenge.chd;https://archive.org/download/ps2-redump-usa-chd-part-M/Mark Davis Pro Bass Challenge (USA).chd;;JOGO_EXISTE_OUTRO_LINK;Existe no banco (rom_id 376752, source 1): https://huggingface.co/datasets/luisluis123/ps2chd/resolve/main/Mark Davis Pro Bass Challenge (USA).chd
ps2_chd0.html;Mark of Kri, The.chd;https://archive.org/download/ps2-redump-usa-chd-part-M/Mark of Kri, The (USA).chd;2.01 GiB;JOGO_EXISTE_OUTRO_LINK;Existe no banco (rom_id 376753, source 1): https://huggingface.co/datasets/luisluis123/ps2chd/resolve/main/Mark of Kri, The (USA).chd
ps2_chd0.html;Marvel - Ultimate Alliance 2.chd;https://archive.org/download/ps2-redump-usa-chd-part-M/Marvel - Ultimate Alliance 2 (USA).chd;;JOGO_EXISTE_OUTRO_LINK;Existe no banco (rom_id 376755, source 1): https://huggingface.co/datasets/luisluis123/ps2chd/resolve/main/Marvel - Ultimate Alliance 2 (USA).chd
ps2_chd0.html;Marvel - Ultimate Alliance.chd;https://archive.org/download/ps2-redump-usa-chd-part-M/Marvel - Ultimate Alliance (USA).chd;;JOGO_EXISTE_OUTRO_LINK;Existe no banco (rom_id 376754, source 1): https://huggingface.co/datasets/luisluis123/ps2chd/resolve/main/Marvel - Ultimate Alliance (USA).chd
ps2_chd0.html;Marvel Nemesis - Rise of the Imperfects.chd;https://archive.org/download/ps2-redump-usa-chd-part-M/Marvel Nemesis - Rise of the Imperfects (USA).chd;;JOGO_EXISTE_OUTRO_LINK;Existe no banco (rom_id 376756, source 1): https://huggingface.co/datasets/luisluis123/ps2chd/resolve/main/Marvel Nemesis - Rise of the Imperfects (USA).chd
ps2_chd0.html;Marvel Super Hero Squad.chd;https://archive.org/download/ps2-redump-usa-chd-part-M/Marvel Super Hero Squad (USA).chd;;JOGO_EXISTE_OUTRO_LINK;Existe no banco (rom_id 376757, source 1): https://huggingface.co/datasets/luisluis123/ps2chd/resolve/main/Marvel Super Hero Squad (USA).chd
ps2_chd0.html;Marvel vs. Capcom 2 - New Age of Heroes.chd;https://archive.org/download/ps2-redump-usa-chd-part-M/Marvel vs. Capcom 2 - New Age of Heroes (USA).chd;126.78 MiB;JOGO_EXISTE_OUTRO_LINK;Existe no banco (rom_id 376758, source 1): https://huggingface.co/datasets/luisluis123/ps2chd/resolve/main/Marvel vs. Capcom 2 - New Age of Heroes (USA).chd
ps2_chd0.html;Mary-Kate and Ashley - Sweet 16 - Licensed to Drive.chd;https://archive.org/download/ps2-redump-usa-chd-part-M/Mary-Kate and Ashley - Sweet 16 - Licensed to Drive (USA).chd;;JOGO_EXISTE_OUTRO_LINK;Existe no banco (rom_id 376759, source 1): https://huggingface.co/datasets/luisluis123/ps2chd/resolve/main/Mary-Kate and Ashley - Sweet 16 - Licensed to Drive (USA).chd
ps2_chd0.html;Mat Hoffman's Pro BMX 2.chd;https://archive.org/download/ps2-redump-usa-chd-part-M/Mat Hoffman's Pro BMX 2 (USA).chd;;JOGO_EXISTE_OUTRO_LINK;Existe no banco (rom_id 376760, source 1): https://huggingface.co/datasets/luisluis123/ps2chd/resolve/main/Mat Hoffman's Pro BMX 2 (USA).chd
ps2_chd0.html;Matrix, The - Path of Neo.chd;https://archive.org/download/ps2-redump-usa-chd-part-M/Matrix, The - Path of Neo (USA).chd;2.47 GiB;JOGO_EXISTE_OUTRO_LINK;Existe no banco (rom_id 376761, source 1): https://huggingface.co/datasets/luisluis123/ps2chd/resolve/main/Matrix, The - Path of Neo (USA).chd
ps2_chd0.html;Max Payne 2 - The Fall of Max Payne.chd;https://archive.org/download/ps2-redump-usa-chd-part-M/Max Payne 2 - The Fall of Max Payne (USA).chd;;JOGO_EXISTE_OUTRO_LINK;Existe no banco (rom_id 376763, source 1): https://huggingface.co/datasets/luisluis123/ps2chd/resolve/main/Max Payne 2 - The Fall of Max Payne (USA).chd
ps2_chd0.html;Max Payne.chd;https://archive.org/download/ps2-redump-usa-chd-part-M/Max Payne (USA).chd;;JOGO_EXISTE_OUTRO_LINK;Existe no banco (rom_id 376762, source 1): https://huggingface.co/datasets/luisluis123/ps2chd/resolve/main/Max Payne (USA).chd
ps2_chd0.html;Maximo - Ghosts to Glory.chd;https://archive.org/download/ps2-redump-usa-chd-part-M/Maximo - Ghosts to Glory (USA).chd;;JOGO_EXISTE_OUTRO_LINK;Existe no banco (rom_id 376764, source 1): https://huggingface.co/datasets/luisluis123/ps2chd/resolve/main/Maximo - Ghosts to Glory (USA).chd
ps2_chd0.html;Maximo vs Army of Zin.chd;https://archive.org/download/ps2-redump-usa-chd-part-M/Maximo vs Army of Zin (USA).chd;;JOGO_EXISTE_OUTRO_LINK;Existe no banco (rom_id 376765, source 1): https://huggingface.co/datasets/luisluis123/ps2chd/resolve/main/Maximo vs Army of Zin (USA).chd
ps2_chd0.html;McFarlane's Evil Prophecy.chd;https://archive.org/download/ps2-redump-usa-chd-part-M/McFarlane's Evil Prophecy (USA).chd;;JOGO_EXISTE_OUTRO_LINK;Existe no banco (rom_id 376766, source 1): https://huggingface.co/datasets/luisluis123/ps2chd/resolve/main/McFarlane's Evil Prophecy (USA).chd
ps2_chd0.html;MDK2 - Armageddon.chd;https://archive.org/download/ps2-redump-usa-chd-part-M/MDK2 - Armageddon (USA).chd;;JOGO_EXISTE_OUTRO_LINK;Existe no banco (rom_id 376678, source 1): https://huggingface.co/datasets/luisluis123/ps2chd/resolve/main/MDK2 - Armageddon (USA).chd
ps2_chd0.html;Medal of Honor - European Assault.chd;https://archive.org/download/ps2-redump-usa-chd-part-M/Medal of Honor - European Assault (USA).chd;;JOGO_EXISTE_OUTRO_LINK;Existe no banco (rom_id 376767, source 1): https://huggingface.co/datasets/luisluis123/ps2chd/resolve/main/Medal of Honor - European Assault (USA).chd
ps2_chd0.html;Medal of Honor - Frontline.chd;https://archive.org/download/ps2-redump-usa-chd-part-M/Medal of Honor - Frontline (USA).chd;;JOGO_EXISTE_OUTRO_LINK;Existe no banco (rom_id 376768, source 1): https://huggingface.co/datasets/luisluis123/ps2chd/resolve/main/Medal of Honor - Frontline (USA).chd
ps2_chd0.html;Medal of Honor - Rising Sun.chd;https://archive.org/download/ps2-redump-usa-chd-part-M/Medal of Honor - Rising Sun (USA).chd;;JOGO_EXISTE_OUTRO_LINK;Existe no banco (rom_id 376769, source 1): https://huggingface.co/datasets/luisluis123/ps2chd/resolve/main/Medal of Honor - Rising Sun (USA).chd
ps2_chd0.html;Medal of Honor - Vanguard.chd;https://archive.org/download/ps2-redump-usa-chd-part-M/Medal of Honor - Vanguard (USA).chd;;JOGO_EXISTE_OUTRO_LINK;Existe no banco (rom_id 376770, source 1): https://huggingface.co/datasets/luisluis123/ps2chd/resolve/main/Medal of Honor - Vanguard (USA).chd
ps2_chd0.html;Mega Man Anniversary Collection.chd;https://archive.org/download/ps2-redump-usa-chd-part-M/Mega Man Anniversary Collection (USA).chd;;JOGO_EXISTE_OUTRO_LINK;Existe no banco (rom_id 376771, source 1): https://huggingface.co/datasets/luisluis123/ps2chd/resolve/main/Mega Man Anniversary Collection (USA).chd
ps2_chd0.html;Mega Man X - Command Mission.chd;https://archive.org/download/ps2-redump-usa-chd-part-M/Mega Man X - Command Mission (USA).chd;;JOGO_EXISTE_OUTRO_LINK;Existe no banco (rom_id 376772, source 1): https://huggingface.co/datasets/luisluis123/ps2chd/resolve/main/Mega Man X - Command Mission (USA).chd
ps2_chd0.html;Mega Man X Collection.chd;https://archive.org/download/ps2-redump-usa-chd-part-M/Mega Man X Collection (USA).chd;;JOGO_EXISTE_OUTRO_LINK;Existe no banco (rom_id 376773, source 1): https://huggingface.co/datasets/luisluis123/ps2chd/resolve/main/Mega Man X Collection (USA).chd
ps2_chd0.html;Mega Man X7.chd;https://archive.org/download/ps2-redump-usa-chd-part-M/Mega Man X7 (USA).chd;;JOGO_EXISTE_OUTRO_LINK;Existe no banco (rom_id 376774, source 1): https://huggingface.co/datasets/luisluis123/ps2chd/resolve/main/Mega Man X7 (USA).chd
ps2_chd0.html;Mega Man X8.chd;https://archive.org/download/ps2-redump-usa-chd-part-M/Mega Man X8 (USA).chd;;JOGO_EXISTE_OUTRO_LINK;Existe no banco (rom_id 376775, source 1): https://huggingface.co/datasets/luisluis123/ps2chd/resolve/main/Mega Man X8 (USA).chd
ps2_chd0.html;Men in Black II - Alien Escape.chd;https://archive.org/download/ps2-redump-usa-chd-part-M/Men in Black II - Alien Escape (USA).chd;;JOGO_EXISTE_OUTRO_LINK;Existe no banco (rom_id 376776, source 1): https://huggingface.co/datasets/luisluis123/ps2chd/resolve/main/Men in Black II - Alien Escape (USA).chd
ps2_chd0.html;Mercenaries 2 - World in Flames.chd;https://archive.org/download/ps2-redump-usa-chd-part-M/Mercenaries 2 - World in Flames (USA).chd;;JOGO_EXISTE_OUTRO_LINK;Existe no banco (rom_id 376778, source 1): https://huggingface.co/datasets/luisluis123/ps2chd/resolve/main/Mercenaries 2 - World in Flames (USA).chd
ps2_chd0.html;Mercenaries.chd;https://archive.org/download/ps2-redump-usa-chd-part-M/Mercenaries (USA).chd;1.57 GiB;JOGO_EXISTE_OUTRO_LINK;Existe no banco (rom_id 376777, source 1): https://huggingface.co/datasets/luisluis123/ps2chd/resolve/main/Mercenaries (USA).chd
ps2_chd0.html;Mercury Meltdown Remix.chd;https://archive.org/download/ps2-redump-usa-chd-part-M/Mercury Meltdown Remix (USA).chd;;JOGO_EXISTE_OUTRO_LINK;Existe no banco (rom_id 376779, source 1): https://huggingface.co/datasets/luisluis123/ps2chd/resolve/main/Mercury Meltdown Remix (USA).chd
ps2_chd0.html;Metal Arms - Glitch in the System.chd;https://archive.org/download/ps2-redump-usa-chd-part-M/Metal Arms - Glitch in the System (USA).chd;;JOGO_EXISTE_OUTRO_LINK;Existe no banco (rom_id 376780, source 1): https://huggingface.co/datasets/luisluis123/ps2chd/resolve/main/Metal Arms - Glitch in the System (USA).chd
ps2_chd0.html;Metal Gear Solid 2 - Sons of Liberty.chd;https://archive.org/download/ps2-redump-usa-chd-part-M/Metal Gear Solid 2 - Sons of Liberty (USA).chd;;JOGO_EXISTE_OUTRO_LINK;Existe no banco (rom_id 376781, source 1): https://huggingface.co/datasets/luisluis123/ps2chd/resolve/main/Metal Gear Solid 2 - Sons of Liberty (USA).chd
ps2_chd0.html;Metal Gear Solid 2 - Substance.chd;https://archive.org/download/ps2-redump-usa-chd-part-M/Metal Gear Solid 2 - Substance (USA).chd;;JOGO_EXISTE_OUTRO_LINK;Existe no banco (rom_id 376782, source 1): https://huggingface.co/datasets/luisluis123/ps2chd/resolve/main/Metal Gear Solid 2 - Substance (USA).chd
ps2_chd0.html;Metal Gear Solid 3 - Snake Eater.chd;https://archive.org/download/ps2-redump-usa-chd-part-M/Metal Gear Solid 3 - Snake Eater (USA).chd;;JOGO_EXISTE_OUTRO_LINK;Existe no banco (rom_id 376783, source 1): https://huggingface.co/datasets/luisluis123/ps2chd/resolve/main/Metal Gear Solid 3 - Snake Eater (USA).chd
ps2_chd0.html;Metal Gear Solid 3 - Subsistence (Disc 1).chd;https://archive.org/download/ps2-redump-usa-chd-part-M/Metal Gear Solid 3 - Subsistence (USA) (En,Es) (Disc 1) (Subsistence).chd;;JOGO_EXISTE_OUTRO_LINK;Existe no banco (rom_id 376784, source 1): https://huggingface.co/datasets/luisluis123/ps2chd/resolve/main/Metal Gear Solid 3 - Subsistence (USA) (En,Es) (Disc 1) (Subsistence).chd
ps2_chd0.html;Metal Gear Solid 3 - Subsistence (Disc 2).chd;https://archive.org/download/ps2-redump-usa-chd-part-M/Metal Gear Solid 3 - Subsistence (USA) (En,Es) (Disc 2) (Persistence).chd;;JOGO_EXISTE_OUTRO_LINK;Existe no banco (rom_id 376784, source 1): https://huggingface.co/datasets/luisluis123/ps2chd/resolve/main/Metal Gear Solid 3 - Subsistence (USA) (En,Es) (Disc 1) (Subsistence).chd
ps2_chd0.html;Metal Saga.chd;https://archive.org/download/ps2-redump-usa-chd-part-M/Metal Saga (USA).chd;;JOGO_EXISTE_OUTRO_LINK;Existe no banco (rom_id 376786, source 1): https://huggingface.co/datasets/luisluis123/ps2chd/resolve/main/Metal Saga (USA).chd
ps2_chd0.html;Metal Slug 4.chd;https://archive.org/download/ps2-redump-usa-chd-part-M/Metal Slug 4 (USA).chd;;JOGO_EXISTE_OUTRO_LINK;Existe no banco (rom_id 376787, source 1): https://huggingface.co/datasets/luisluis123/ps2chd/resolve/main/Metal Slug 4 (USA).chd
ps2_chd0.html;Metal Slug 5.chd;https://archive.org/download/ps2-redump-usa-chd-part-M/Metal Slug 5 (USA).chd;;JOGO_EXISTE_OUTRO_LINK;Existe no banco (rom_id 376788, source 1): https://huggingface.co/datasets/luisluis123/ps2chd/resolve/main/Metal Slug 5 (USA).chd
ps2_chd0.html;Metal Slug Anthology.chd;https://archive.org/download/ps2-redump-usa-chd-part-M/Metal Slug Anthology (USA).chd;;JOGO_EXISTE_OUTRO_LINK;Existe no banco (rom_id 376789, source 1): https://huggingface.co/datasets/luisluis123/ps2chd/resolve/main/Metal Slug Anthology (USA).chd
ps2_chd0.html;Metropolismania 2.chd;https://archive.org/download/ps2-redump-usa-chd-part-M/Metropolismania 2 (USA).chd;;JOGO_EXISTE_OUTRO_LINK;Existe no banco (rom_id 376791, source 1): https://huggingface.co/datasets/luisluis123/ps2chd/resolve/main/Metropolismania 2 (USA).chd
ps2_chd0.html;Metropolismania.chd;https://archive.org/download/ps2-redump-usa-chd-part-M/Metropolismania (USA).chd;;JOGO_EXISTE_OUTRO_LINK;Existe no banco (rom_id 376790, source 1): https://huggingface.co/datasets/luisluis123/ps2chd/resolve/main/Metropolismania (USA).chd
ps2_chd0.html;Micro Machines V4.chd;https://archive.org/download/ps2-redump-usa-chd-part-M/Micro Machines V4 (USA).chd;;JOGO_EXISTE_OUTRO_LINK;Existe no banco (rom_id 376793, source 1): https://huggingface.co/datasets/luisluis123/ps2chd/resolve/main/Micro Machines V4 (USA).chd
ps2_chd0.html;Micro Machines.chd;https://archive.org/download/ps2-redump-usa-chd-part-M/Micro Machines (USA).chd;;JOGO_EXISTE_OUTRO_LINK;Existe no banco (rom_id 376792, source 1): https://huggingface.co/datasets/luisluis123/ps2chd/resolve/main/Micro Machines (USA).chd
ps2_chd0.html;Midnight Club - Street Racing.chd;https://archive.org/download/ps2-redump-usa-chd-part-M/Midnight Club - Street Racing (USA).chd;;JOGO_EXISTE_OUTRO_LINK;Existe no banco (rom_id 376794, source 1): https://huggingface.co/datasets/luisluis123/ps2chd/resolve/main/Midnight Club - Street Racing (USA).chd
ps2_chd0.html;Midnight Club 3 - DUB Edition Remix.chd;https://archive.org/download/ps2-redump-usa-chd-part-M/Midnight Club 3 - DUB Edition Remix (USA).chd;;JOGO_EXISTE_OUTRO_LINK;Existe no banco (rom_id 376797, source 1): https://huggingface.co/datasets/luisluis123/ps2chd/resolve/main/Midnight Club 3 - DUB Edition Remix (USA).chd
ps2_chd0.html;Midnight Club 3 - DUB Edition.chd;https://archive.org/download/ps2-redump-usa-chd-part-M/Midnight Club 3 - DUB Edition (USA) (v2.00).chd;;JOGO_EXISTE_OUTRO_LINK;Existe no banco (rom_id 376795, source 1): https://huggingface.co/datasets/luisluis123/ps2chd/resolve/main/Midnight Club 3 - DUB Edition (USA) (v1.04).chd
ps2_chd0.html;Midnight Club II.chd;https://archive.org/download/ps2-redump-usa-chd-part-M/Midnight Club II (USA).chd;;JOGO_EXISTE_OUTRO_LINK;Existe no banco (rom_id 376798, source 1): https://huggingface.co/datasets/luisluis123/ps2chd/resolve/main/Midnight Club II (USA).chd
ps2_chd0.html;Midway Arcade Treasures 2.chd;https://archive.org/download/ps2-redump-usa-chd-part-M/Midway Arcade Treasures 2 (USA).chd;;JOGO_EXISTE_OUTRO_LINK;Existe no banco (rom_id 376800, source 1): https://huggingface.co/datasets/luisluis123/ps2chd/resolve/main/Midway Arcade Treasures 2 (USA).chd
ps2_chd0.html;Midway Arcade Treasures 3.chd;https://archive.org/download/ps2-redump-usa-chd-part-M/Midway Arcade Treasures 3 (USA).chd;;JOGO_EXISTE_OUTRO_LINK;Existe no banco (rom_id 376801, source 1): https://huggingface.co/datasets/luisluis123/ps2chd/resolve/main/Midway Arcade Treasures 3 (USA).chd
ps2_chd0.html;Midway Arcade Treasures.chd;https://archive.org/download/ps2-redump-usa-chd-part-M/Midway Arcade Treasures (USA).chd;;JOGO_EXISTE_OUTRO_LINK;Existe no banco (rom_id 376799, source 1): https://huggingface.co/datasets/luisluis123/ps2chd/resolve/main/Midway Arcade Treasures (USA).chd
ps2_chd0.html;Mike Tyson Heavyweight Boxing.chd;https://archive.org/download/ps2-redump-usa-chd-part-M/Mike Tyson Heavyweight Boxing (USA) (En,Fr,Es).chd;;JOGO_EXISTE_OUTRO_LINK;Existe no banco (rom_id 376802, source 1): https://huggingface.co/datasets/luisluis123/ps2chd/resolve/main/Mike Tyson Heavyweight Boxing (USA) (En,Fr,Es).chd
ps2_chd0.html;Minority Report - Everybody Runs.chd;https://archive.org/download/ps2-redump-usa-chd-part-M/Minority Report - Everybody Runs (USA).chd;;JOGO_EXISTE_OUTRO_LINK;Existe no banco (rom_id 376803, source 1): https://huggingface.co/datasets/luisluis123/ps2chd/resolve/main/Minority Report - Everybody Runs (USA).chd
ps2_chd0.html;Mission - Impossible - Operation Surma.chd;https://archive.org/download/ps2-redump-usa-chd-part-M/Mission - Impossible - Operation Surma (USA).chd;;JOGO_EXISTE_OUTRO_LINK;Existe no banco (rom_id 376804, source 1): https://huggingface.co/datasets/luisluis123/ps2chd/resolve/main/Mission - Impossible - Operation Surma (USA).chd
ps2_chd0.html;Mister Mosquito.chd;https://archive.org/download/ps2-redump-usa-chd-part-M/Mister Mosquito (USA).chd;;JOGO_EXISTE_OUTRO_LINK;Existe no banco (rom_id 376805, source 1): https://huggingface.co/datasets/luisluis123/ps2chd/resolve/main/Mister Mosquito (USA).chd
ps2_chd0.html;MLB 06 - The Show.chd;https://archive.org/download/ps2-redump-usa-chd-part-M/MLB 06 - The Show (USA).chd;;JOGO_EXISTE_OUTRO_LINK;Existe no banco (rom_id 376679, source 1): https://huggingface.co/datasets/luisluis123/ps2chd/resolve/main/MLB 06 - The Show (USA).chd
ps2_chd0.html;MLB 07 - The Show.chd;https://archive.org/download/ps2-redump-usa-chd-part-M/MLB 07 - The Show (USA) (v2.00).chd;;JOGO_EXISTE_OUTRO_LINK;Existe no banco (rom_id 376680, source 1): https://huggingface.co/datasets/luisluis123/ps2chd/resolve/main/MLB 07 - The Show (USA) (v1.00).chd
ps2_chd0.html;MLB 08 - The Show.chd;https://archive.org/download/ps2-redump-usa-chd-part-M/MLB 08 - The Show (USA).chd;;JOGO_EXISTE_OUTRO_LINK;Existe no banco (rom_id 376682, source 1): https://huggingface.co/datasets/luisluis123/ps2chd/resolve/main/MLB 08 - The Show (USA).chd
ps2_chd0.html;MLB 09 - The Show.chd;https://archive.org/download/ps2-redump-usa-chd-part-M/MLB 09 - The Show (USA).chd;;JOGO_EXISTE_OUTRO_LINK;Existe no banco (rom_id 376683, source 1): https://huggingface.co/datasets/luisluis123/ps2chd/resolve/main/MLB 09 - The Show (USA).chd
ps2_chd0.html;MLB 10 - The Show.chd;https://archive.org/download/ps2-redump-usa-chd-part-M/MLB 10 - The Show (USA).chd;;JOGO_EXISTE_OUTRO_LINK;Existe no banco (rom_id 376684, source 1): https://huggingface.co/datasets/luisluis123/ps2chd/resolve/main/MLB 10 - The Show (USA).chd
ps2_chd0.html;MLB 11 - The Show.chd;https://archive.org/download/ps2-redump-usa-chd-part-M/MLB 11 - The Show (USA).chd;;JOGO_EXISTE_OUTRO_LINK;Existe no banco (rom_id 376685, source 1): https://huggingface.co/datasets/luisluis123/ps2chd/resolve/main/MLB 11 - The Show (USA).chd
ps2_chd0.html;MLB 2004.chd;https://archive.org/download/ps2-redump-usa-chd-part-M/MLB 2004 (USA).chd;;JOGO_EXISTE_OUTRO_LINK;Existe no banco (rom_id 376686, source 1): https://huggingface.co/datasets/luisluis123/ps2chd/resolve/main/MLB 2004 (USA).chd
ps2_chd0.html;MLB 2005.chd;https://archive.org/download/ps2-redump-usa-chd-part-M/MLB 2005 (USA).chd;;JOGO_EXISTE_OUTRO_LINK;Existe no banco (rom_id 376687, source 1): https://huggingface.co/datasets/luisluis123/ps2chd/resolve/main/MLB 2005 (USA).chd
ps2_chd0.html;MLB 2006.chd;https://archive.org/download/ps2-redump-usa-chd-part-M/MLB 2006 (USA).chd;;JOGO_EXISTE_OUTRO_LINK;Existe no banco (rom_id 376688, source 1): https://huggingface.co/datasets/luisluis123/ps2chd/resolve/main/MLB 2006 (USA).chd
ps2_chd0.html;MLB Power Pros 2008.chd;https://archive.org/download/ps2-redump-usa-chd-part-M/MLB Power Pros 2008 (USA).chd;;JOGO_EXISTE_OUTRO_LINK;Existe no banco (rom_id 376690, source 1): https://huggingface.co/datasets/luisluis123/ps2chd/resolve/main/MLB Power Pros 2008 (USA).chd
ps2_chd0.html;MLB Power Pros.chd;https://archive.org/download/ps2-redump-usa-chd-part-M/MLB Power Pros (USA).chd;;JOGO_EXISTE_OUTRO_LINK;Existe no banco (rom_id 376689, source 1): https://huggingface.co/datasets/luisluis123/ps2chd/resolve/main/MLB Power Pros (USA).chd
ps2_chd0.html;MLB SlugFest - Loaded.chd;https://archive.org/download/ps2-redump-usa-chd-part-M/MLB SlugFest - Loaded (USA).chd;;JOGO_EXISTE_OUTRO_LINK;Existe no banco (rom_id 376691, source 1): https://huggingface.co/datasets/luisluis123/ps2chd/resolve/main/MLB SlugFest - Loaded (USA).chd
ps2_chd0.html;MLB SlugFest 2003.chd;https://archive.org/download/ps2-redump-usa-chd-part-M/MLB SlugFest 2003 (USA).chd;778.79 MiB;JOGO_EXISTE_OUTRO_LINK;Existe no banco (rom_id 376692, source 1): https://huggingface.co/datasets/luisluis123/ps2chd/resolve/main/MLB SlugFest 2003 (USA).chd
ps2_chd0.html;MLB SlugFest 2004.chd;https://archive.org/download/ps2-redump-usa-chd-part-M/MLB SlugFest 2004 (USA).chd;2.16 GiB;JOGO_EXISTE_OUTRO_LINK;Existe no banco (rom_id 376693, source 1): https://huggingface.co/datasets/luisluis123/ps2chd/resolve/main/MLB SlugFest 2004 (USA).chd
ps2_chd0.html;MLB SlugFest 2006.chd;https://archive.org/download/ps2-redump-usa-chd-part-M/MLB SlugFest 2006 (USA).chd;;JOGO_EXISTE_OUTRO_LINK;Existe no banco (rom_id 376694, source 1): https://huggingface.co/datasets/luisluis123/ps2chd/resolve/main/MLB SlugFest 2006 (USA).chd
ps2_chd0.html;Mobile Light Force 2.chd;https://archive.org/download/ps2-redump-usa-chd-part-M/Mobile Light Force 2 (USA).chd;;JOGO_EXISTE_OUTRO_LINK;Existe no banco (rom_id 376806, source 1): https://huggingface.co/datasets/luisluis123/ps2chd/resolve/main/Mobile Light Force 2 (USA).chd
ps2_chd0.html;Mobile Suit Gundam - Encounters in Space.chd;https://archive.org/download/ps2-redump-usa-chd-part-M/Mobile Suit Gundam - Encounters in Space (USA).chd;;JOGO_EXISTE_OUTRO_LINK;Existe no banco (rom_id 376807, source 1): https://huggingface.co/datasets/luisluis123/ps2chd/resolve/main/Mobile Suit Gundam - Encounters in Space (USA).chd
ps2_chd0.html;Mobile Suit Gundam - Federation vs. Zeon.chd;https://archive.org/download/ps2-redump-usa-chd-part-M/Mobile Suit Gundam - Federation vs. Zeon (USA).chd;288.24 MiB;JOGO_EXISTE_OUTRO_LINK;Existe no banco (rom_id 376808, source 1): https://huggingface.co/datasets/luisluis123/ps2chd/resolve/main/Mobile Suit Gundam - Federation vs. Zeon (USA).chd
ps2_chd0.html;Mobile Suit Gundam - Gundam vs. Zeta Gundam.chd;https://archive.org/download/ps2-redump-usa-chd-part-M/Mobile Suit Gundam - Gundam vs. Zeta Gundam (USA).chd;841.46 MiB;JOGO_EXISTE_OUTRO_LINK;Existe no banco (rom_id 376809, source 1): https://huggingface.co/datasets/luisluis123/ps2chd/resolve/main/Mobile Suit Gundam - Gundam vs. Zeta Gundam (USA).chd
ps2_chd0.html;Mobile Suit Gundam - Journey to Jaburo.chd;https://archive.org/download/ps2-redump-usa-chd-part-M/Mobile Suit Gundam - Journey to Jaburo (USA).chd;;JOGO_EXISTE_OUTRO_LINK;Existe no banco (rom_id 376810, source 1): https://huggingface.co/datasets/luisluis123/ps2chd/resolve/main/Mobile Suit Gundam - Journey to Jaburo (USA).chd
ps2_chd0.html;Mobile Suit Gundam - Zeonic Front.chd;https://archive.org/download/ps2-redump-usa-chd-part-M/Mobile Suit Gundam - Zeonic Front (USA).chd;;JOGO_EXISTE_OUTRO_LINK;Existe no banco (rom_id 376811, source 1): https://huggingface.co/datasets/luisluis123/ps2chd/resolve/main/Mobile Suit Gundam - Zeonic Front (USA).chd
ps2_chd0.html;Mobile Suit Gundam Seed - Never Ending Tomorrow.chd;https://archive.org/download/ps2-redump-usa-chd-part-M/Mobile Suit Gundam Seed - Never Ending Tomorrow (USA).chd;;JOGO_EXISTE_OUTRO_LINK;Existe no banco (rom_id 376812, source 1): https://huggingface.co/datasets/luisluis123/ps2chd/resolve/main/Mobile Suit Gundam Seed - Never Ending Tomorrow (USA).chd
ps2_chd0.html;Mojo!.chd;https://archive.org/download/ps2-redump-usa-chd-part-M/Mojo! (USA).chd;;JOGO_EXISTE_OUTRO_LINK;Existe no banco (rom_id 376813, source 1): https://huggingface.co/datasets/luisluis123/ps2chd/resolve/main/Mojo! (USA).chd
ps2_chd0.html;Monopoly Party.chd;https://archive.org/download/ps2-redump-usa-chd-part-M/Monopoly Party (USA).chd;;JOGO_EXISTE_OUTRO_LINK;Existe no banco (rom_id 376815, source 1): https://huggingface.co/datasets/luisluis123/ps2chd/resolve/main/Monopoly Party (USA).chd
ps2_chd0.html;Monopoly.chd;https://archive.org/download/ps2-redump-usa-chd-part-M/Monopoly (USA) (En,Fr).chd;;JOGO_EXISTE_OUTRO_LINK;Existe no banco (rom_id 376814, source 1): https://huggingface.co/datasets/luisluis123/ps2chd/resolve/main/Monopoly (USA) (En,Fr).chd
ps2_chd0.html;Monster 4x4 - Masters of Metal.chd;https://archive.org/download/ps2-redump-usa-chd-part-M/Monster 4x4 - Masters of Metal (USA).chd;;JOGO_EXISTE_OUTRO_LINK;Existe no banco (rom_id 376816, source 1): https://huggingface.co/datasets/luisluis123/ps2chd/resolve/main/Monster 4x4 - Masters of Metal (USA).chd
ps2_chd0.html;Monster House.chd;https://archive.org/download/ps2-redump-usa-chd-part-M/Monster House (USA) (En,Fr).chd;;JOGO_EXISTE_OUTRO_LINK;Existe no banco (rom_id 376817, source 1): https://huggingface.co/datasets/luisluis123/ps2chd/resolve/main/Monster House (USA) (En,Fr).chd
ps2_chd0.html;Monster Hunter.chd;https://archive.org/download/ps2-redump-usa-chd-part-M/Monster Hunter (USA).chd;;JOGO_EXISTE_OUTRO_LINK;Existe no banco (rom_id 376818, source 1): https://huggingface.co/datasets/luisluis123/ps2chd/resolve/main/Monster Hunter (USA).chd
ps2_chd0.html;Monster Jam - Maximum Destruction.chd;https://archive.org/download/ps2-redump-usa-chd-part-M/Monster Jam - Maximum Destruction (USA).chd;;JOGO_EXISTE_OUTRO_LINK;Existe no banco (rom_id 376820, source 1): https://huggingface.co/datasets/luisluis123/ps2chd/resolve/main/Monster Jam - Maximum Destruction (USA).chd
ps2_chd0.html;Monster Jam - Urban Assault.chd;https://archive.org/download/ps2-redump-usa-chd-part-M/Monster Jam - Urban Assault (USA).chd;;JOGO_EXISTE_OUTRO_LINK;Existe no banco (rom_id 376821, source 1): https://huggingface.co/datasets/luisluis123/ps2chd/resolve/main/Monster Jam - Urban Assault (USA).chd
ps2_chd0.html;Monster Jam.chd;https://archive.org/download/ps2-redump-usa-chd-part-M/Monster Jam (USA).chd;;JOGO_EXISTE_OUTRO_LINK;Existe no banco (rom_id 376819, source 1): https://huggingface.co/datasets/luisluis123/ps2chd/resolve/main/Monster Jam (USA).chd
ps2_chd0.html;Monster Lab.chd;https://archive.org/download/ps2-redump-usa-chd-part-M/Monster Lab (USA) (En,Fr,De,Es,It).chd;;JOGO_EXISTE_OUTRO_LINK;Existe no banco (rom_id 376822, source 1): https://huggingface.co/datasets/luisluis123/ps2chd/resolve/main/Monster Lab (USA) (En,Fr,De,Es,It).chd
ps2_chd0.html;Monster Rancher 3.chd;https://archive.org/download/ps2-redump-usa-chd-part-M/Monster Rancher 3 (USA) (v2.01).chd;;JOGO_EXISTE_OUTRO_LINK;Existe no banco (rom_id 376823, source 1): https://huggingface.co/datasets/luisluis123/ps2chd/resolve/main/Monster Rancher 3 (USA) (v1.00).chd
ps2_chd0.html;Monster Rancher 4.chd;https://archive.org/download/ps2-redump-usa-chd-part-M/Monster Rancher 4 (USA).chd;;JOGO_EXISTE_OUTRO_LINK;Existe no banco (rom_id 376825, source 1): https://huggingface.co/datasets/luisluis123/ps2chd/resolve/main/Monster Rancher 4 (USA).chd
ps2_chd0.html;Monster Rancher Evo.chd;https://archive.org/download/ps2-redump-usa-chd-part-M/Monster Rancher Evo (USA).chd;;JOGO_EXISTE_OUTRO_LINK;Existe no banco (rom_id 376826, source 1): https://huggingface.co/datasets/luisluis123/ps2chd/resolve/main/Monster Rancher Evo (USA).chd
ps2_chd0.html;Mortal Kombat - Armageddon.chd;https://archive.org/download/ps2-redump-usa-chd-part-M/Mortal Kombat - Armageddon (USA).chd;2.42 GiB;JOGO_EXISTE_OUTRO_LINK;Existe no banco (rom_id 376827, source 1): https://huggingface.co/datasets/luisluis123/ps2chd/resolve/main/Mortal Kombat - Armageddon (USA) (Premium Edition).chd
ps2_chd0.html;Mortal Kombat - Deadly Alliance.chd;https://archive.org/download/ps2-redump-usa-chd-part-M/Mortal Kombat - Deadly Alliance (USA).chd;;JOGO_EXISTE_OUTRO_LINK;Existe no banco (rom_id 376829, source 1): https://huggingface.co/datasets/luisluis123/ps2chd/resolve/main/Mortal Kombat - Deadly Alliance (USA).chd
ps2_chd0.html;Mortal Kombat - Deception.chd;https://archive.org/download/ps2-redump-usa-chd-part-M/Mortal Kombat - Deception (USA).chd;;JOGO_EXISTE_OUTRO_LINK;Existe no banco (rom_id 376830, source 1): https://huggingface.co/datasets/luisluis123/ps2chd/resolve/main/Mortal Kombat - Deception (USA).chd
ps2_chd0.html;Mortal Kombat - Shaolin Monks.chd;https://archive.org/download/ps2-redump-usa-chd-part-M/Mortal Kombat - Shaolin Monks (USA).chd;;JOGO_EXISTE_OUTRO_LINK;Existe no banco (rom_id 376831, source 1): https://huggingface.co/datasets/luisluis123/ps2chd/resolve/main/Mortal Kombat - Shaolin Monks (USA).chd
ps2_chd0.html;Motocross Mania 3.chd;https://archive.org/download/ps2-redump-usa-chd-part-M/Motocross Mania 3 (USA).chd;;JOGO_EXISTE_OUTRO_LINK;Existe no banco (rom_id 376838, source 1): https://huggingface.co/datasets/luisluis123/ps2chd/resolve/main/Motocross Mania 3 (USA).chd
ps2_chd0.html;MotoGP 07.chd;https://archive.org/download/ps2-redump-usa-chd-part-M/MotoGP 07 (USA) (En,Es).chd;;JOGO_EXISTE_OUTRO_LINK;Existe no banco (rom_id 376833, source 1): https://huggingface.co/datasets/luisluis123/ps2chd/resolve/main/MotoGP 07 (USA) (En,Es).chd
ps2_chd0.html;MotoGP 08.chd;https://archive.org/download/ps2-redump-usa-chd-part-M/MotoGP 08 (USA).chd;;JOGO_EXISTE_OUTRO_LINK;Existe no banco (rom_id 376834, source 1): https://huggingface.co/datasets/luisluis123/ps2chd/resolve/main/MotoGP 08 (USA).chd
ps2_chd0.html;MotoGP 2.chd;https://archive.org/download/ps2-redump-usa-chd-part-M/MotoGP 2 (USA).chd;;JOGO_EXISTE_OUTRO_LINK;Existe no banco (rom_id 376835, source 1): https://huggingface.co/datasets/luisluis123/ps2chd/resolve/main/MotoGP 2 (USA).chd
ps2_chd0.html;MotoGP 3.chd;https://archive.org/download/ps2-redump-usa-chd-part-M/MotoGP 3 (USA).chd;;JOGO_EXISTE_OUTRO_LINK;Existe no banco (rom_id 376836, source 1): https://huggingface.co/datasets/luisluis123/ps2chd/resolve/main/MotoGP 3 (USA).chd
ps2_chd0.html;MotoGP 4.chd;https://archive.org/download/ps2-redump-usa-chd-part-M/MotoGP 4 (USA).chd;;JOGO_EXISTE_OUTRO_LINK;Existe no banco (rom_id 376837, source 1): https://huggingface.co/datasets/luisluis123/ps2chd/resolve/main/MotoGP 4 (USA).chd
ps2_chd0.html;MotoGP.chd;https://archive.org/download/ps2-redump-usa-chd-part-M/MotoGP (USA).chd;;JOGO_EXISTE_OUTRO_LINK;Existe no banco (rom_id 376832, source 1): https://huggingface.co/datasets/luisluis123/ps2chd/resolve/main/MotoGP (USA).chd
ps2_chd0.html;MotorStorm - Arctic Edge.chd;https://archive.org/download/ps2-redump-usa-chd-part-M/MotorStorm - Arctic Edge (USA).chd;;JOGO_EXISTE_OUTRO_LINK;Existe no banco (rom_id 376839, source 1): https://huggingface.co/datasets/luisluis123/ps2chd/resolve/main/MotorStorm - Arctic Edge (USA).chd
ps2_chd0.html;Mountain Bike Adrenaline.chd;https://archive.org/download/ps2-redump-usa-chd-part-M/Mountain Bike Adrenaline (USA).chd;;JOGO_EXISTE_OUTRO_LINK;Existe no banco (rom_id 376840, source 1): https://huggingface.co/datasets/luisluis123/ps2chd/resolve/main/Mountain Bike Adrenaline (USA).chd
ps2_chd0.html;MS Saga - A New Dawn.chd;https://archive.org/download/ps2-redump-usa-chd-part-M/MS Saga - A New Dawn (USA).chd;;JOGO_EXISTE_OUTRO_LINK;Existe no banco (rom_id 376695, source 1): https://huggingface.co/datasets/luisluis123/ps2chd/resolve/main/MS Saga - A New Dawn (USA).chd
ps2_chd0.html;MTV Celebrity Deathmatch.chd;https://archive.org/download/ps2-redump-usa-chd-part-M/MTV Celebrity Deathmatch (USA).chd;227.66 MiB;JOGO_EXISTE_OUTRO_LINK;Existe no banco (rom_id 376696, source 1): https://huggingface.co/datasets/luisluis123/ps2chd/resolve/main/MTV Celebrity Deathmatch (USA).chd
ps2_chd0.html;MTV Music Generator 2.chd;https://archive.org/download/ps2-redump-usa-chd-part-M/MTV Music Generator 2 (USA).chd;;JOGO_EXISTE_OUTRO_LINK;Existe no banco (rom_id 376697, source 1): https://huggingface.co/datasets/luisluis123/ps2chd/resolve/main/MTV Music Generator 2 (USA).chd
ps2_chd0.html;MTV Music Generator 3 - This Is the Remix.chd;https://archive.org/download/ps2-redump-usa-chd-part-M/MTV Music Generator 3 - This Is the Remix (USA).chd;;JOGO_EXISTE_OUTRO_LINK;Existe no banco (rom_id 376698, source 1): https://huggingface.co/datasets/luisluis123/ps2chd/resolve/main/MTV Music Generator 3 - This Is the Remix (USA).chd
ps2_chd0.html;MTV Pimp My Ride - Street Racing.chd;https://archive.org/download/ps2-redump-usa-chd-part-M/MTV Pimp My Ride - Street Racing (USA).chd;294.75 MiB;JOGO_EXISTE_OUTRO_LINK;Existe no banco (rom_id 376701, source 1): https://huggingface.co/datasets/luisluis123/ps2chd/resolve/main/MTV Pimp My Ride - Street Racing (USA).chd
ps2_chd0.html;MTV Pimp My Ride.chd;https://archive.org/download/ps2-redump-usa-chd-part-M/MTV Pimp My Ride (USA) (v2.00).chd;653.98 MiB;JOGO_EXISTE_OUTRO_LINK;Existe no banco (rom_id 376699, source 1): https://huggingface.co/datasets/luisluis123/ps2chd/resolve/main/MTV Pimp My Ride (USA) (v1.00).chd
ps2_chd0.html;MTX Mototrax.chd;https://archive.org/download/ps2-redump-usa-chd-part-M/MTX Mototrax (USA).chd;;JOGO_EXISTE_OUTRO_LINK;Existe no banco (rom_id 376702, source 1): https://huggingface.co/datasets/luisluis123/ps2chd/resolve/main/MTX Mototrax (USA).chd
ps2_chd0.html;Mummy Returns, The.chd;https://archive.org/download/ps2-redump-usa-chd-part-M/Mummy Returns, The (USA).chd;449.09 MiB;JOGO_EXISTE_OUTRO_LINK;Existe no banco (rom_id 376841, source 1): https://huggingface.co/datasets/luisluis123/ps2chd/resolve/main/Mummy Returns, The (USA).chd
ps2_chd0.html;Mummy, The - Tomb of the Dragon Emperor.chd;https://archive.org/download/ps2-redump-usa-chd-part-M/Mummy, The - Tomb of the Dragon Emperor (USA).chd;1006.36 MiB;JOGO_EXISTE_OUTRO_LINK;Existe no banco (rom_id 376842, source 1): https://huggingface.co/datasets/luisluis123/ps2chd/resolve/main/Mummy, The - Tomb of the Dragon Emperor (USA).chd
ps2_chd0.html;Musashi - Samurai Legend.chd;https://archive.org/download/ps2-redump-usa-chd-part-M/Musashi - Samurai Legend (USA).chd;;JOGO_EXISTE_OUTRO_LINK;Existe no banco (rom_id 376843, source 1): https://huggingface.co/datasets/luisluis123/ps2chd/resolve/main/Musashi - Samurai Legend (USA).chd
ps2_chd0.html;MVP 06 NCAA Baseball.chd;https://archive.org/download/ps2-redump-usa-chd-part-M/MVP 06 NCAA Baseball (USA).chd;;JOGO_EXISTE_OUTRO_LINK;Existe no banco (rom_id 376703, source 1): https://huggingface.co/datasets/luisluis123/ps2chd/resolve/main/MVP 06 NCAA Baseball (USA).chd
ps2_chd0.html;MVP 07 NCAA Baseball.chd;https://archive.org/download/ps2-redump-usa-chd-part-M/MVP 07 NCAA Baseball (USA).chd;;JOGO_EXISTE_OUTRO_LINK;Existe no banco (rom_id 376704, source 1): https://huggingface.co/datasets/luisluis123/ps2chd/resolve/main/MVP 07 NCAA Baseball (USA).chd
ps2_chd0.html;MVP Baseball 2003.chd;https://archive.org/download/ps2-redump-usa-chd-part-M/MVP Baseball 2003 (USA).chd;;JOGO_EXISTE_OUTRO_LINK;Existe no banco (rom_id 376705, source 1): https://huggingface.co/datasets/luisluis123/ps2chd/resolve/main/MVP Baseball 2003 (USA).chd
ps2_chd0.html;MVP Baseball 2004.chd;https://archive.org/download/ps2-redump-usa-chd-part-M/MVP Baseball 2004 (USA).chd;;JOGO_EXISTE_OUTRO_LINK;Existe no banco (rom_id 376706, source 1): https://huggingface.co/datasets/luisluis123/ps2chd/resolve/main/MVP Baseball 2004 (USA).chd
ps2_chd0.html;MVP Baseball 2005.chd;https://archive.org/download/ps2-redump-usa-chd-part-M/MVP Baseball 2005 (USA).chd;;JOGO_EXISTE_OUTRO_LINK;Existe no banco (rom_id 376707, source 1): https://huggingface.co/datasets/luisluis123/ps2chd/resolve/main/MVP Baseball 2005 (USA).chd
ps2_chd0.html;MX 2002 featuring Ricky Carmichael.chd;https://archive.org/download/ps2-redump-usa-chd-part-M/MX 2002 featuring Ricky Carmichael (USA).chd;;JOGO_EXISTE_OUTRO_LINK;Existe no banco (rom_id 376708, source 1): https://huggingface.co/datasets/luisluis123/ps2chd/resolve/main/MX 2002 featuring Ricky Carmichael (USA).chd
ps2_chd0.html;MX Rider.chd;https://archive.org/download/ps2-redump-usa-chd-part-M/MX Rider (USA) (En,Fr,Es).chd;;JOGO_EXISTE_OUTRO_LINK;Existe no banco (rom_id 376709, source 1): https://huggingface.co/datasets/luisluis123/ps2chd/resolve/main/MX Rider (USA) (En,Fr,Es).chd
ps2_chd0.html;MX SuperFly.chd;https://archive.org/download/ps2-redump-usa-chd-part-M/MX SuperFly (USA).chd;;JOGO_EXISTE_OUTRO_LINK;Existe no banco (rom_id 376710, source 1): https://huggingface.co/datasets/luisluis123/ps2chd/resolve/main/MX SuperFly (USA).chd
ps2_chd0.html;MX Unleashed.chd;https://archive.org/download/ps2-redump-usa-chd-part-M/MX Unleashed (USA).chd;;JOGO_EXISTE_OUTRO_LINK;Existe no banco (rom_id 376711, source 1): https://huggingface.co/datasets/luisluis123/ps2chd/resolve/main/MX Unleashed (USA).chd
ps2_chd0.html;MX vs. ATV Unleashed.chd;https://archive.org/download/ps2-redump-usa-chd-part-M/MX vs. ATV Unleashed (USA).chd;1.14 GiB;JOGO_EXISTE_OUTRO_LINK;Existe no banco (rom_id 376713, source 1): https://huggingface.co/datasets/luisluis123/ps2chd/resolve/main/MX vs. ATV Unleashed (USA).chd
ps2_chd0.html;MX vs. ATV Untamed.chd;https://archive.org/download/ps2-redump-usa-chd-part-M/MX vs. ATV Untamed (USA).chd;974.15 MiB;JOGO_EXISTE_OUTRO_LINK;Existe no banco (rom_id 376714, source 1): https://huggingface.co/datasets/luisluis123/ps2chd/resolve/main/MX vs. ATV Untamed (USA).chd
ps2_chd0.html;MX World Tour featuring Jamie Little.chd;https://archive.org/download/ps2-redump-usa-chd-part-M/MX World Tour featuring Jamie Little (USA) (En,Es).chd;;JOGO_EXISTE_OUTRO_LINK;Existe no banco (rom_id 376712, source 1): https://huggingface.co/datasets/luisluis123/ps2chd/resolve/main/MX World Tour featuring Jamie Little (USA) (En,Es).chd
ps2_chd0.html;My Street.chd;https://archive.org/download/ps2-redump-usa-chd-part-M/My Street (USA).chd;;JOGO_EXISTE_OUTRO_LINK;Existe no banco (rom_id 376844, source 1): https://huggingface.co/datasets/luisluis123/ps2chd/resolve/main/My Street (USA).chd
ps2_chd0.html;Myst III - Exile.chd;https://archive.org/download/ps2-redump-usa-chd-part-M/Myst III - Exile (USA).chd;;JOGO_EXISTE_OUTRO_LINK;Existe no banco (rom_id 376845, source 1): https://huggingface.co/datasets/luisluis123/ps2chd/resolve/main/Myst III - Exile (USA).chd
ps2_chd0.html;Mystic Heroes.chd;https://archive.org/download/ps2-redump-usa-chd-part-M/Mystic Heroes (USA).chd;;JOGO_EXISTE_OUTRO_LINK;Existe no banco (rom_id 376846, source 1): https://huggingface.co/datasets/luisluis123/ps2chd/resolve/main/Mystic Heroes (USA).chd
ps2_chd0.html;Namco Museum 50th Anniversary.chd;https://archive.org/download/ps2-redump-usa-chd-part-N/Namco Museum 50th Anniversary (USA).chd;;JOGO_EXISTE_OUTRO_LINK;Existe no banco (rom_id 376958, source 1): https://huggingface.co/datasets/luisluis123/ps2chd/resolve/main/Namco Museum 50th Anniversary (USA).chd
ps2_chd0.html;Namco Museum.chd;https://archive.org/download/ps2-redump-usa-chd-part-N/Namco Museum (USA).chd;;JOGO_EXISTE_OUTRO_LINK;Existe no banco (rom_id 376957, source 1): https://huggingface.co/datasets/luisluis123/ps2chd/resolve/main/Namco Museum (USA).chd
ps2_chd0.html;Nanobreaker.chd;https://archive.org/download/ps2-redump-usa-chd-part-N/Nanobreaker (USA).chd;;JOGO_EXISTE_OUTRO_LINK;Existe no banco (rom_id 376959, source 1): https://huggingface.co/datasets/luisluis123/ps2chd/resolve/main/Nanobreaker (USA).chd
ps2_chd0.html;Narc.chd;https://archive.org/download/ps2-redump-usa-chd-part-N/Narc (USA).chd;;JOGO_EXISTE_OUTRO_LINK;Existe no banco (rom_id 376960, source 1): https://huggingface.co/datasets/luisluis123/ps2chd/resolve/main/Narc (USA).chd
ps2_chd0.html;Naruto - Ultimate Ninja 2.chd;https://archive.org/download/ps2-redump-usa-chd-part-N/Naruto - Ultimate Ninja 2 (USA).chd;;JOGO_EXISTE_OUTRO_LINK;Existe no banco (rom_id 376962, source 1): https://huggingface.co/datasets/luisluis123/ps2chd/resolve/main/Naruto - Ultimate Ninja 2 (USA).chd
ps2_chd0.html;Naruto - Ultimate Ninja 3.chd;https://archive.org/download/ps2-redump-usa-chd-part-N/Naruto - Ultimate Ninja 3 (USA).chd;;JOGO_EXISTE_OUTRO_LINK;Existe no banco (rom_id 376963, source 1): https://huggingface.co/datasets/luisluis123/ps2chd/resolve/main/Naruto - Ultimate Ninja 3 (USA).chd
ps2_chd0.html;Naruto - Ultimate Ninja.chd;https://archive.org/download/ps2-redump-usa-chd-part-N/Naruto - Ultimate Ninja (USA).chd;;JOGO_EXISTE_OUTRO_LINK;Existe no banco (rom_id 376961, source 1): https://huggingface.co/datasets/luisluis123/ps2chd/resolve/main/Naruto - Ultimate Ninja (USA).chd
ps2_chd0.html;Naruto - Uzumaki Chronicles 2.chd;https://archive.org/download/ps2-redump-usa-chd-part-N/Naruto - Uzumaki Chronicles 2 (USA).chd;;JOGO_EXISTE_OUTRO_LINK;Existe no banco (rom_id 376965, source 1): https://huggingface.co/datasets/luisluis123/ps2chd/resolve/main/Naruto - Uzumaki Chronicles 2 (USA).chd
ps2_chd0.html;Naruto - Uzumaki Chronicles.chd;https://archive.org/download/ps2-redump-usa-chd-part-N/Naruto - Uzumaki Chronicles (USA).chd;;JOGO_EXISTE_OUTRO_LINK;Existe no banco (rom_id 376964, source 1): https://huggingface.co/datasets/luisluis123/ps2chd/resolve/main/Naruto - Uzumaki Chronicles (USA).chd
ps2_chd0.html;Naruto Shippuden - Ultimate Ninja 4.chd;https://archive.org/download/ps2-redump-usa-chd-part-N/Naruto Shippuden - Ultimate Ninja 4 (USA) (En,Fr).chd;;JOGO_EXISTE_OUTRO_LINK;Existe no banco (rom_id 376966, source 1): https://huggingface.co/datasets/luisluis123/ps2chd/resolve/main/Naruto Shippuden - Ultimate Ninja 4 (USA) (En,Fr).chd
ps2_chd0.html;NASCAR - Dirt to Daytona.chd;https://archive.org/download/ps2-redump-usa-chd-part-N/NASCAR - Dirt to Daytona (USA).chd;;JOGO_EXISTE_OUTRO_LINK;Existe no banco (rom_id 376847, source 1): https://huggingface.co/datasets/luisluis123/ps2chd/resolve/main/NASCAR - Dirt to Daytona (USA).chd
ps2_chd0.html;NASCAR 06 - Total Team Control.chd;https://archive.org/download/ps2-redump-usa-chd-part-N/NASCAR 06 - Total Team Control (USA).chd;;JOGO_EXISTE_OUTRO_LINK;Existe no banco (rom_id 376848, source 1): https://huggingface.co/datasets/luisluis123/ps2chd/resolve/main/NASCAR 06 - Total Team Control (USA).chd
ps2_chd0.html;NASCAR 07.chd;https://archive.org/download/ps2-redump-usa-chd-part-N/NASCAR 07 (USA).chd;;JOGO_EXISTE_OUTRO_LINK;Existe no banco (rom_id 376849, source 1): https://huggingface.co/datasets/luisluis123/ps2chd/resolve/main/NASCAR 07 (USA).chd
ps2_chd0.html;NASCAR 08.chd;https://archive.org/download/ps2-redump-usa-chd-part-N/NASCAR 08 (USA).chd;;JOGO_EXISTE_OUTRO_LINK;Existe no banco (rom_id 376850, source 1): https://huggingface.co/datasets/luisluis123/ps2chd/resolve/main/NASCAR 08 (USA).chd
ps2_chd0.html;NASCAR 09.chd;https://archive.org/download/ps2-redump-usa-chd-part-N/NASCAR 09 (USA).chd;;JOGO_EXISTE_OUTRO_LINK;Existe no banco (rom_id 376851, source 1): https://huggingface.co/datasets/luisluis123/ps2chd/resolve/main/NASCAR 09 (USA).chd
ps2_chd0.html;NASCAR 2001.chd;https://archive.org/download/ps2-redump-usa-chd-part-N/NASCAR 2001 (USA).chd;;JOGO_EXISTE_OUTRO_LINK;Existe no banco (rom_id 376852, source 1): https://huggingface.co/datasets/luisluis123/ps2chd/resolve/main/NASCAR 2001 (USA).chd
ps2_chd0.html;NASCAR 2005 - Chase for the Cup.chd;https://archive.org/download/ps2-redump-usa-chd-part-N/NASCAR 2005 - Chase for the Cup (USA).chd;;JOGO_EXISTE_OUTRO_LINK;Existe no banco (rom_id 376853, source 1): https://huggingface.co/datasets/luisluis123/ps2chd/resolve/main/NASCAR 2005 - Chase for the Cup (USA).chd
ps2_chd0.html;NASCAR Heat 2002.chd;https://archive.org/download/ps2-redump-usa-chd-part-N/NASCAR Heat 2002 (USA).chd;;JOGO_EXISTE_OUTRO_LINK;Existe no banco (rom_id 376854, source 1): https://huggingface.co/datasets/luisluis123/ps2chd/resolve/main/NASCAR Heat 2002 (USA).chd
ps2_chd0.html;NASCAR Thunder 2002.chd;https://archive.org/download/ps2-redump-usa-chd-part-N/NASCAR Thunder 2002 (USA).chd;;JOGO_EXISTE_OUTRO_LINK;Existe no banco (rom_id 376855, source 1): https://huggingface.co/datasets/luisluis123/ps2chd/resolve/main/NASCAR Thunder 2002 (USA).chd
ps2_chd0.html;NASCAR Thunder 2003.chd;https://archive.org/download/ps2-redump-usa-chd-part-N/NASCAR Thunder 2003 (USA).chd;;JOGO_EXISTE_OUTRO_LINK;Existe no banco (rom_id 376856, source 1): https://huggingface.co/datasets/luisluis123/ps2chd/resolve/main/NASCAR Thunder 2003 (USA).chd
ps2_chd0.html;NASCAR Thunder 2004.chd;https://archive.org/download/ps2-redump-usa-chd-part-N/NASCAR Thunder 2004 (USA).chd;;JOGO_EXISTE_OUTRO_LINK;Existe no banco (rom_id 376857, source 1): https://huggingface.co/datasets/luisluis123/ps2chd/resolve/main/NASCAR Thunder 2004 (USA).chd
ps2_chd0.html;Naval Ops - Commander.chd;https://archive.org/download/ps2-redump-usa-chd-part-N/Naval Ops - Commander (USA).chd;;JOGO_EXISTE_OUTRO_LINK;Existe no banco (rom_id 376967, source 1): https://huggingface.co/datasets/luisluis123/ps2chd/resolve/main/Naval Ops - Commander (USA).chd
ps2_chd0.html;Naval Ops - Warship Gunner.chd;https://archive.org/download/ps2-redump-usa-chd-part-N/Naval Ops - Warship Gunner (USA).chd;;JOGO_EXISTE_OUTRO_LINK;Existe no banco (rom_id 376968, source 1): https://huggingface.co/datasets/luisluis123/ps2chd/resolve/main/Naval Ops - Warship Gunner (USA).chd
ps2_chd0.html;NBA 06.chd;https://archive.org/download/ps2-redump-usa-chd-part-N/NBA 06 (USA).chd;;JOGO_EXISTE_OUTRO_LINK;Existe no banco (rom_id 376858, source 1): https://huggingface.co/datasets/luisluis123/ps2chd/resolve/main/NBA 06 (USA).chd
ps2_chd0.html;NBA 07 featuring the Life Vol. 2.chd;https://archive.org/download/ps2-redump-usa-chd-part-N/NBA 07 featuring the Life Vol. 2 (USA).chd;2.09 GiB;JOGO_EXISTE_OUTRO_LINK;Existe no banco (rom_id 376859, source 1): https://huggingface.co/datasets/luisluis123/ps2chd/resolve/main/NBA 07 featuring the Life Vol. 2 (USA).chd
ps2_chd0.html;NBA 08 featuring the Life Vol. 3.chd;https://archive.org/download/ps2-redump-usa-chd-part-N/NBA 08 featuring the Life Vol. 3 (USA).chd;1.84 GiB;JOGO_EXISTE_OUTRO_LINK;Existe no banco (rom_id 376860, source 1): https://huggingface.co/datasets/luisluis123/ps2chd/resolve/main/NBA 08 featuring the Life Vol. 3 (USA).chd
ps2_chd0.html;NBA 09 - The Inside.chd;https://archive.org/download/ps2-redump-usa-chd-part-N/NBA 09 - The Inside (USA).chd;;JOGO_EXISTE_OUTRO_LINK;Existe no banco (rom_id 376861, source 1): https://huggingface.co/datasets/luisluis123/ps2chd/resolve/main/NBA 09 - The Inside (USA).chd
ps2_chd0.html;NBA 2K10.chd;https://archive.org/download/ps2-redump-usa-chd-part-N/NBA 2K10 (USA).chd;;JOGO_EXISTE_OUTRO_LINK;Existe no banco (rom_id 376862, source 1): https://huggingface.co/datasets/luisluis123/ps2chd/resolve/main/NBA 2K10 (USA).chd
ps2_chd0.html;NBA 2K11.chd;https://archive.org/download/ps2-redump-usa-chd-part-N/NBA 2K11 (USA).chd;;JOGO_EXISTE_OUTRO_LINK;Existe no banco (rom_id 376863, source 1): https://huggingface.co/datasets/luisluis123/ps2chd/resolve/main/NBA 2K11 (USA).chd
ps2_chd0.html;NBA 2K12.chd;https://archive.org/download/ps2-redump-usa-chd-part-N/NBA 2K12 (USA).chd;;JOGO_EXISTE_OUTRO_LINK;Existe no banco (rom_id 376864, source 1): https://huggingface.co/datasets/luisluis123/ps2chd/resolve/main/NBA 2K12 (USA).chd
ps2_chd0.html;NBA 2K2.chd;https://archive.org/download/ps2-redump-usa-chd-part-N/NBA 2K2 (USA).chd;;JOGO_EXISTE_OUTRO_LINK;Existe no banco (rom_id 376865, source 1): https://huggingface.co/datasets/luisluis123/ps2chd/resolve/main/NBA 2K2 (USA).chd
ps2_chd0.html;NBA 2K3.chd;https://archive.org/download/ps2-redump-usa-chd-part-N/NBA 2K3 (USA).chd;;JOGO_EXISTE_OUTRO_LINK;Existe no banco (rom_id 376866, source 1): https://huggingface.co/datasets/luisluis123/ps2chd/resolve/main/NBA 2K3 (USA).chd
ps2_chd0.html;NBA 2K6.chd;https://archive.org/download/ps2-redump-usa-chd-part-N/NBA 2K6 (USA).chd;;JOGO_EXISTE_OUTRO_LINK;Existe no banco (rom_id 376867, source 1): https://huggingface.co/datasets/luisluis123/ps2chd/resolve/main/NBA 2K6 (USA).chd
ps2_chd0.html;NBA 2K7.chd;https://archive.org/download/ps2-redump-usa-chd-part-N/NBA 2K7 (USA).chd;;JOGO_EXISTE_OUTRO_LINK;Existe no banco (rom_id 376868, source 1): https://huggingface.co/datasets/luisluis123/ps2chd/resolve/main/NBA 2K7 (USA).chd
ps2_chd0.html;NBA 2K8.chd;https://archive.org/download/ps2-redump-usa-chd-part-N/NBA 2K8 (USA).chd;;JOGO_EXISTE_OUTRO_LINK;Existe no banco (rom_id 376869, source 1): https://huggingface.co/datasets/luisluis123/ps2chd/resolve/main/NBA 2K8 (USA).chd
ps2_chd0.html;NBA 2K9.chd;https://archive.org/download/ps2-redump-usa-chd-part-N/NBA 2K9 (USA).chd;2.11 GiB;JOGO_EXISTE_OUTRO_LINK;Existe no banco (rom_id 376870, source 1): https://huggingface.co/datasets/luisluis123/ps2chd/resolve/main/NBA 2K9 (USA).chd
ps2_chd0.html;NBA Ballers - Phenom.chd;https://archive.org/download/ps2-redump-usa-chd-part-N/NBA Ballers - Phenom (USA).chd;;JOGO_EXISTE_OUTRO_LINK;Existe no banco (rom_id 376872, source 1): https://huggingface.co/datasets/luisluis123/ps2chd/resolve/main/NBA Ballers - Phenom (USA).chd
ps2_chd0.html;NBA Ballers.chd;https://archive.org/download/ps2-redump-usa-chd-part-N/NBA Ballers (USA).chd;;JOGO_EXISTE_OUTRO_LINK;Existe no banco (rom_id 376871, source 1): https://huggingface.co/datasets/luisluis123/ps2chd/resolve/main/NBA Ballers (USA).chd
ps2_chd0.html;NBA Hoopz.chd;https://archive.org/download/ps2-redump-usa-chd-part-N/NBA Hoopz (USA).chd;;JOGO_EXISTE_OUTRO_LINK;Existe no banco (rom_id 376873, source 1): https://huggingface.co/datasets/luisluis123/ps2chd/resolve/main/NBA Hoopz (USA).chd
ps2_chd0.html;NBA Jam.chd;https://archive.org/download/ps2-redump-usa-chd-part-N/NBA Jam (USA).chd;;JOGO_EXISTE_OUTRO_LINK;Existe no banco (rom_id 376874, source 1): https://huggingface.co/datasets/luisluis123/ps2chd/resolve/main/NBA Jam (USA).chd
ps2_chd0.html;NBA Live 06.chd;https://archive.org/download/ps2-redump-usa-chd-part-N/NBA Live 06 (USA).chd;;JOGO_EXISTE_OUTRO_LINK;Existe no banco (rom_id 376875, source 1): https://huggingface.co/datasets/luisluis123/ps2chd/resolve/main/NBA Live 06 (USA).chd
ps2_chd0.html;NBA Live 07.chd;https://archive.org/download/ps2-redump-usa-chd-part-N/NBA Live 07 (USA).chd;;JOGO_EXISTE_OUTRO_LINK;Existe no banco (rom_id 376876, source 1): https://huggingface.co/datasets/luisluis123/ps2chd/resolve/main/NBA Live 07 (USA).chd
ps2_chd0.html;NBA Live 08.chd;https://archive.org/download/ps2-redump-usa-chd-part-N/NBA Live 08 (USA).chd;;JOGO_EXISTE_OUTRO_LINK;Existe no banco (rom_id 376877, source 1): https://huggingface.co/datasets/luisluis123/ps2chd/resolve/main/NBA Live 08 (USA).chd
ps2_chd0.html;NBA Live 09.chd;https://archive.org/download/ps2-redump-usa-chd-part-N/NBA Live 09 (USA) (En,Fr).chd;;JOGO_EXISTE_OUTRO_LINK;Existe no banco (rom_id 376878, source 1): https://huggingface.co/datasets/luisluis123/ps2chd/resolve/main/NBA Live 09 (USA) (En,Fr).chd
ps2_chd0.html;NBA Live 2001.chd;https://archive.org/download/ps2-redump-usa-chd-part-N/NBA Live 2001 (USA).chd;;JOGO_EXISTE_OUTRO_LINK;Existe no banco (rom_id 376879, source 1): https://huggingface.co/datasets/luisluis123/ps2chd/resolve/main/NBA Live 2001 (USA).chd
ps2_chd0.html;NBA Live 2002.chd;https://archive.org/download/ps2-redump-usa-chd-part-N/NBA Live 2002 (USA).chd;;JOGO_EXISTE_OUTRO_LINK;Existe no banco (rom_id 376880, source 1): https://huggingface.co/datasets/luisluis123/ps2chd/resolve/main/NBA Live 2002 (USA).chd
ps2_chd0.html;NBA Live 2003.chd;https://archive.org/download/ps2-redump-usa-chd-part-N/NBA Live 2003 (USA).chd;;JOGO_EXISTE_OUTRO_LINK;Existe no banco (rom_id 376881, source 1): https://huggingface.co/datasets/luisluis123/ps2chd/resolve/main/NBA Live 2003 (USA).chd
ps2_chd0.html;NBA Live 2004.chd;https://archive.org/download/ps2-redump-usa-chd-part-N/NBA Live 2004 (USA).chd;;JOGO_EXISTE_OUTRO_LINK;Existe no banco (rom_id 376882, source 1): https://huggingface.co/datasets/luisluis123/ps2chd/resolve/main/NBA Live 2004 (USA).chd
ps2_chd0.html;NBA Live 2005.chd;https://archive.org/download/ps2-redump-usa-chd-part-N/NBA Live 2005 (USA).chd;;JOGO_EXISTE_OUTRO_LINK;Existe no banco (rom_id 376883, source 1): https://huggingface.co/datasets/luisluis123/ps2chd/resolve/main/NBA Live 2005 (USA).chd
ps2_chd0.html;NBA ShootOut 2001.chd;https://archive.org/download/ps2-redump-usa-chd-part-N/NBA ShootOut 2001 (USA).chd;;JOGO_EXISTE_OUTRO_LINK;Existe no banco (rom_id 376884, source 1): https://huggingface.co/datasets/luisluis123/ps2chd/resolve/main/NBA ShootOut 2001 (USA).chd
ps2_chd0.html;NBA ShootOut 2003.chd;https://archive.org/download/ps2-redump-usa-chd-part-N/NBA ShootOut 2003 (USA).chd;;JOGO_EXISTE_OUTRO_LINK;Existe no banco (rom_id 376885, source 1): https://huggingface.co/datasets/luisluis123/ps2chd/resolve/main/NBA ShootOut 2003 (USA).chd
ps2_chd0.html;NBA ShootOut 2004.chd;https://archive.org/download/ps2-redump-usa-chd-part-N/NBA ShootOut 2004 (USA).chd;;JOGO_EXISTE_OUTRO_LINK;Existe no banco (rom_id 376886, source 1): https://huggingface.co/datasets/luisluis123/ps2chd/resolve/main/NBA ShootOut 2004 (USA).chd
ps2_chd0.html;NBA Starting Five.chd;https://archive.org/download/ps2-redump-usa-chd-part-N/NBA Starting Five (USA).chd;;JOGO_EXISTE_OUTRO_LINK;Existe no banco (rom_id 376887, source 1): https://huggingface.co/datasets/luisluis123/ps2chd/resolve/main/NBA Starting Five (USA).chd
ps2_chd0.html;NBA Street V3.chd;https://archive.org/download/ps2-redump-usa-chd-part-N/NBA Street V3 (USA).chd;;JOGO_EXISTE_OUTRO_LINK;Existe no banco (rom_id 376889, source 1): https://huggingface.co/datasets/luisluis123/ps2chd/resolve/main/NBA Street V3 (USA).chd
ps2_chd0.html;NBA Street Vol. 2.chd;https://archive.org/download/ps2-redump-usa-chd-part-N/NBA Street Vol. 2 (USA).chd;1.49 GiB;JOGO_EXISTE_OUTRO_LINK;Existe no banco (rom_id 376890, source 1): https://huggingface.co/datasets/luisluis123/ps2chd/resolve/main/NBA Street Vol. 2 (USA).chd
ps2_chd0.html;NBA Street.chd;https://archive.org/download/ps2-redump-usa-chd-part-N/NBA Street (USA).chd;;JOGO_EXISTE_OUTRO_LINK;Existe no banco (rom_id 376888, source 1): https://huggingface.co/datasets/luisluis123/ps2chd/resolve/main/NBA Street (USA).chd
ps2_chd0.html;NCAA Basketball 09.chd;https://archive.org/download/ps2-redump-usa-chd-part-N/NCAA Basketball 09 (USA).chd;;JOGO_EXISTE_OUTRO_LINK;Existe no banco (rom_id 376891, source 1): https://huggingface.co/datasets/luisluis123/ps2chd/resolve/main/NCAA Basketball 09 (USA).chd
ps2_chd0.html;NCAA College Basketball 2K3.chd;https://archive.org/download/ps2-redump-usa-chd-part-N/NCAA College Basketball 2K3 (USA).chd;;JOGO_EXISTE_OUTRO_LINK;Existe no banco (rom_id 376892, source 1): https://huggingface.co/datasets/luisluis123/ps2chd/resolve/main/NCAA College Basketball 2K3 (USA).chd
ps2_chd0.html;NCAA College Football 2K3.chd;https://archive.org/download/ps2-redump-usa-chd-part-N/NCAA College Football 2K3 (USA).chd;;JOGO_EXISTE_OUTRO_LINK;Existe no banco (rom_id 376893, source 1): https://huggingface.co/datasets/luisluis123/ps2chd/resolve/main/NCAA College Football 2K3 (USA).chd
ps2_chd0.html;NCAA Final Four 2001.chd;https://archive.org/download/ps2-redump-usa-chd-part-N/NCAA Final Four 2001 (USA).chd;;JOGO_EXISTE_OUTRO_LINK;Existe no banco (rom_id 376894, source 1): https://huggingface.co/datasets/luisluis123/ps2chd/resolve/main/NCAA Final Four 2001 (USA).chd
ps2_chd0.html;NCAA Final Four 2002.chd;https://archive.org/download/ps2-redump-usa-chd-part-N/NCAA Final Four 2002 (USA).chd;;JOGO_EXISTE_OUTRO_LINK;Existe no banco (rom_id 376895, source 1): https://huggingface.co/datasets/luisluis123/ps2chd/resolve/main/NCAA Final Four 2002 (USA).chd
ps2_chd0.html;NCAA Final Four 2003.chd;https://archive.org/download/ps2-redump-usa-chd-part-N/NCAA Final Four 2003 (USA).chd;;JOGO_EXISTE_OUTRO_LINK;Existe no banco (rom_id 376896, source 1): https://huggingface.co/datasets/luisluis123/ps2chd/resolve/main/NCAA Final Four 2003 (USA).chd
ps2_chd0.html;NCAA Final Four 2004.chd;https://archive.org/download/ps2-redump-usa-chd-part-N/NCAA Final Four 2004 (USA).chd;;JOGO_EXISTE_OUTRO_LINK;Existe no banco (rom_id 376897, source 1): https://huggingface.co/datasets/luisluis123/ps2chd/resolve/main/NCAA Final Four 2004 (USA).chd
ps2_chd0.html;NCAA Football 06.chd;https://archive.org/download/ps2-redump-usa-chd-part-N/NCAA Football 06 (USA).chd;;JOGO_EXISTE_OUTRO_LINK;Existe no banco (rom_id 376898, source 1): https://huggingface.co/datasets/luisluis123/ps2chd/resolve/main/NCAA Football 06 (USA).chd
ps2_chd0.html;NCAA Football 07.chd;https://archive.org/download/ps2-redump-usa-chd-part-N/NCAA Football 07 (USA).chd;;JOGO_EXISTE_OUTRO_LINK;Existe no banco (rom_id 376899, source 1): https://huggingface.co/datasets/luisluis123/ps2chd/resolve/main/NCAA Football 07 (USA).chd
ps2_chd0.html;NCAA Football 08.chd;https://archive.org/download/ps2-redump-usa-chd-part-N/NCAA Football 08 (USA).chd;;JOGO_EXISTE_OUTRO_LINK;Existe no banco (rom_id 376900, source 1): https://huggingface.co/datasets/luisluis123/ps2chd/resolve/main/NCAA Football 08 (USA).chd
ps2_chd0.html;NCAA Football 09.chd;https://archive.org/download/ps2-redump-usa-chd-part-N/NCAA Football 09 (USA).chd;;JOGO_EXISTE_OUTRO_LINK;Existe no banco (rom_id 376901, source 1): https://huggingface.co/datasets/luisluis123/ps2chd/resolve/main/NCAA Football 09 (USA).chd
ps2_chd0.html;NCAA Football 10.chd;https://archive.org/download/ps2-redump-usa-chd-part-N/NCAA Football 10 (USA).chd;;JOGO_EXISTE_OUTRO_LINK;Existe no banco (rom_id 376902, source 1): https://huggingface.co/datasets/luisluis123/ps2chd/resolve/main/NCAA Football 10 (USA).chd
ps2_chd0.html;NCAA Football 11.chd;https://archive.org/download/ps2-redump-usa-chd-part-N/NCAA Football 11 (USA).chd;;JOGO_EXISTE_OUTRO_LINK;Existe no banco (rom_id 376903, source 1): https://huggingface.co/datasets/luisluis123/ps2chd/resolve/main/NCAA Football 11 (USA).chd
ps2_chd0.html;NCAA Football 2002.chd;https://archive.org/download/ps2-redump-usa-chd-part-N/NCAA Football 2002 (USA).chd;;JOGO_EXISTE_OUTRO_LINK;Existe no banco (rom_id 376904, source 1): https://huggingface.co/datasets/luisluis123/ps2chd/resolve/main/NCAA Football 2002 (USA).chd
ps2_chd0.html;NCAA Football 2003.chd;https://archive.org/download/ps2-redump-usa-chd-part-N/NCAA Football 2003 (USA).chd;;JOGO_EXISTE_OUTRO_LINK;Existe no banco (rom_id 376905, source 1): https://huggingface.co/datasets/luisluis123/ps2chd/resolve/main/NCAA Football 2003 (USA).chd
ps2_chd0.html;NCAA Football 2004.chd;https://archive.org/download/ps2-redump-usa-chd-part-N/NCAA Football 2004 (USA).chd;;JOGO_EXISTE_OUTRO_LINK;Existe no banco (rom_id 376906, source 1): https://huggingface.co/datasets/luisluis123/ps2chd/resolve/main/NCAA Football 2004 (USA).chd
ps2_chd0.html;NCAA Football 2005.chd;https://archive.org/download/ps2-redump-usa-chd-part-N/NCAA Football 2005 (USA).chd;;JOGO_EXISTE_OUTRO_LINK;Existe no banco (rom_id 376907, source 1): https://huggingface.co/datasets/luisluis123/ps2chd/resolve/main/NCAA Football 2005 (USA).chd
ps2_chd0.html;NCAA GameBreaker 2001.chd;https://archive.org/download/ps2-redump-usa-chd-part-N/NCAA GameBreaker 2001 (USA).chd;;JOGO_EXISTE_OUTRO_LINK;Existe no banco (rom_id 376908, source 1): https://huggingface.co/datasets/luisluis123/ps2chd/resolve/main/NCAA GameBreaker 2001 (USA).chd
ps2_chd0.html;NCAA GameBreaker 2003.chd;https://archive.org/download/ps2-redump-usa-chd-part-N/NCAA GameBreaker 2003 (USA).chd;;JOGO_EXISTE_OUTRO_LINK;Existe no banco (rom_id 376909, source 1): https://huggingface.co/datasets/luisluis123/ps2chd/resolve/main/NCAA GameBreaker 2003 (USA).chd
ps2_chd0.html;NCAA GameBreaker 2004.chd;https://archive.org/download/ps2-redump-usa-chd-part-N/NCAA GameBreaker 2004 (USA).chd;;JOGO_EXISTE_OUTRO_LINK;Existe no banco (rom_id 376910, source 1): https://huggingface.co/datasets/luisluis123/ps2chd/resolve/main/NCAA GameBreaker 2004 (USA).chd
ps2_chd0.html;NCAA March Madness 06.chd;https://archive.org/download/ps2-redump-usa-chd-part-N/NCAA March Madness 06 (USA).chd;;JOGO_EXISTE_OUTRO_LINK;Existe no banco (rom_id 376911, source 1): https://huggingface.co/datasets/luisluis123/ps2chd/resolve/main/NCAA March Madness 06 (USA).chd
ps2_chd0.html;NCAA March Madness 07.chd;https://archive.org/download/ps2-redump-usa-chd-part-N/NCAA March Madness 07 (USA).chd;;JOGO_EXISTE_OUTRO_LINK;Existe no banco (rom_id 376912, source 1): https://huggingface.co/datasets/luisluis123/ps2chd/resolve/main/NCAA March Madness 07 (USA).chd
ps2_chd0.html;NCAA March Madness 08.chd;https://archive.org/download/ps2-redump-usa-chd-part-N/NCAA March Madness 08 (USA).chd;;JOGO_EXISTE_OUTRO_LINK;Existe no banco (rom_id 376913, source 1): https://huggingface.co/datasets/luisluis123/ps2chd/resolve/main/NCAA March Madness 08 (USA).chd
ps2_chd0.html;NCAA March Madness 2002.chd;https://archive.org/download/ps2-redump-usa-chd-part-N/NCAA March Madness 2002 (USA).chd;;JOGO_EXISTE_OUTRO_LINK;Existe no banco (rom_id 376914, source 1): https://huggingface.co/datasets/luisluis123/ps2chd/resolve/main/NCAA March Madness 2002 (USA).chd
ps2_chd0.html;NCAA March Madness 2003.chd;https://archive.org/download/ps2-redump-usa-chd-part-N/NCAA March Madness 2003 (USA).chd;;JOGO_EXISTE_OUTRO_LINK;Existe no banco (rom_id 376915, source 1): https://huggingface.co/datasets/luisluis123/ps2chd/resolve/main/NCAA March Madness 2003 (USA).chd
ps2_chd0.html;NCAA March Madness 2004.chd;https://archive.org/download/ps2-redump-usa-chd-part-N/NCAA March Madness 2004 (USA).chd;;JOGO_EXISTE_OUTRO_LINK;Existe no banco (rom_id 376916, source 1): https://huggingface.co/datasets/luisluis123/ps2chd/resolve/main/NCAA March Madness 2004 (USA).chd
ps2_chd0.html;NCAA March Madness 2005.chd;https://archive.org/download/ps2-redump-usa-chd-part-N/NCAA March Madness 2005 (USA).chd;;JOGO_EXISTE_OUTRO_LINK;Existe no banco (rom_id 376917, source 1): https://huggingface.co/datasets/luisluis123/ps2chd/resolve/main/NCAA March Madness 2005 (USA).chd
ps2_chd0.html;Need for Speed - Carbon - Collector's Edition.chd;https://archive.org/download/ps2-redump-usa-chd-part-N/Need for Speed - Carbon - Collector's Edition (USA) (En,Es).chd;2.83 GiB;JOGO_EXISTE_OUTRO_LINK;Existe no banco (rom_id 376970, source 1): https://huggingface.co/datasets/luisluis123/ps2chd/resolve/main/Need for Speed - Carbon - Collector's Edition (USA) (En,Es).chd
ps2_chd0.html;Need for Speed - Carbon.chd;https://archive.org/download/ps2-redump-usa-chd-part-N/Need for Speed - Carbon (USA).chd;;JOGO_EXISTE_OUTRO_LINK;Existe no banco (rom_id 376969, source 1): https://huggingface.co/datasets/luisluis123/ps2chd/resolve/main/Need for Speed - Carbon (USA).chd
ps2_chd0.html;Need for Speed - Hot Pursuit 2.chd;https://archive.org/download/ps2-redump-usa-chd-part-N/Need for Speed - Hot Pursuit 2 (USA).chd;;JOGO_EXISTE_OUTRO_LINK;Existe no banco (rom_id 376971, source 1): https://huggingface.co/datasets/luisluis123/ps2chd/resolve/main/Need for Speed - Hot Pursuit 2 (USA).chd
ps2_chd0.html;Need for Speed - Most Wanted - Black Edition.chd;https://archive.org/download/ps2-redump-usa-chd-part-N/Need for Speed - Most Wanted - Black Edition (USA).chd;;JOGO_EXISTE_OUTRO_LINK;Existe no banco (rom_id 376974, source 1): https://huggingface.co/datasets/luisluis123/ps2chd/resolve/main/Need for Speed - Most Wanted - Black Edition (USA).chd
ps2_chd0.html;Need for Speed - Most Wanted.chd;https://archive.org/download/ps2-redump-usa-chd-part-N/Need for Speed - Most Wanted (USA) (v2.00).chd;;JOGO_EXISTE_OUTRO_LINK;Existe no banco (rom_id 376972, source 1): https://huggingface.co/datasets/luisluis123/ps2chd/resolve/main/Need for Speed - Most Wanted (USA) (v1.01).chd
ps2_chd0.html;Need for Speed - ProStreet.chd;https://archive.org/download/ps2-redump-usa-chd-part-N/Need for Speed - ProStreet (USA).chd;;JOGO_EXISTE_OUTRO_LINK;Existe no banco (rom_id 376975, source 1): https://huggingface.co/datasets/luisluis123/ps2chd/resolve/main/Need for Speed - ProStreet (USA).chd
ps2_chd0.html;Need for Speed - Undercover.chd;https://archive.org/download/ps2-redump-usa-chd-part-N/Need for Speed - Undercover (USA) (En,Fr,Es).chd;;JOGO_EXISTE_OUTRO_LINK;Existe no banco (rom_id 376976, source 1): https://huggingface.co/datasets/luisluis123/ps2chd/resolve/main/Need for Speed - Undercover (USA) (En,Fr,Es).chd
ps2_chd0.html;Need for Speed - Underground 2.chd;https://archive.org/download/ps2-redump-usa-chd-part-N/Need for Speed - Underground 2 (USA).chd;;JOGO_EXISTE_OUTRO_LINK;Existe no banco (rom_id 376978, source 1): https://huggingface.co/datasets/luisluis123/ps2chd/resolve/main/Need for Speed - Underground 2 (USA).chd
ps2_chd0.html;Need for Speed - Underground.chd;https://archive.org/download/ps2-redump-usa-chd-part-N/Need for Speed - Underground (USA).chd;;JOGO_EXISTE_OUTRO_LINK;Existe no banco (rom_id 376977, source 1): https://huggingface.co/datasets/luisluis123/ps2chd/resolve/main/Need for Speed - Underground (USA).chd
ps2_chd0.html;Neo Contra.chd;https://archive.org/download/ps2-redump-usa-chd-part-N/Neo Contra (USA).chd;;JOGO_EXISTE_OUTRO_LINK;Existe no banco (rom_id 376979, source 1): https://huggingface.co/datasets/luisluis123/ps2chd/resolve/main/Neo Contra (USA).chd
ps2_chd0.html;NeoGeo Battle Coliseum.chd;https://archive.org/download/ps2-redump-usa-chd-part-N/NeoGeo Battle Coliseum (USA).chd;;JOGO_EXISTE_OUTRO_LINK;Existe no banco (rom_id 376980, source 1): https://huggingface.co/datasets/luisluis123/ps2chd/resolve/main/NeoGeo Battle Coliseum (USA).chd
ps2_chd0.html;Neopets - The Darkest Faerie.chd;https://archive.org/download/ps2-redump-usa-chd-part-N/Neopets - The Darkest Faerie (USA).chd;;JOGO_EXISTE_OUTRO_LINK;Existe no banco (rom_id 376981, source 1): https://huggingface.co/datasets/luisluis123/ps2chd/resolve/main/Neopets - The Darkest Faerie (USA).chd
ps2_chd0.html;NFL 2K2.chd;https://archive.org/download/ps2-redump-usa-chd-part-N/NFL 2K2 (USA).chd;;JOGO_EXISTE_OUTRO_LINK;Existe no banco (rom_id 376918, source 1): https://huggingface.co/datasets/luisluis123/ps2chd/resolve/main/NFL 2K2 (USA).chd
ps2_chd0.html;NFL 2K3.chd;https://archive.org/download/ps2-redump-usa-chd-part-N/NFL 2K3 (USA).chd;;JOGO_EXISTE_OUTRO_LINK;Existe no banco (rom_id 376919, source 1): https://huggingface.co/datasets/luisluis123/ps2chd/resolve/main/NFL 2K3 (USA).chd
ps2_chd0.html;NFL Blitz 2002.chd;https://archive.org/download/ps2-redump-usa-chd-part-N/NFL Blitz 2002 (USA).chd;1.14 GiB;JOGO_EXISTE_OUTRO_LINK;Existe no banco (rom_id 376920, source 1): https://huggingface.co/datasets/luisluis123/ps2chd/resolve/main/NFL Blitz 2002 (USA).chd
ps2_chd0.html;NFL Blitz 2003.chd;https://archive.org/download/ps2-redump-usa-chd-part-N/NFL Blitz 2003 (USA).chd;740.44 MiB;JOGO_EXISTE_OUTRO_LINK;Existe no banco (rom_id 376921, source 1): https://huggingface.co/datasets/luisluis123/ps2chd/resolve/main/NFL Blitz 2003 (USA).chd
ps2_chd0.html;NFL Blitz Pro.chd;https://archive.org/download/ps2-redump-usa-chd-part-N/NFL Blitz Pro (USA).chd;;JOGO_EXISTE_OUTRO_LINK;Existe no banco (rom_id 376922, source 1): https://huggingface.co/datasets/luisluis123/ps2chd/resolve/main/NFL Blitz Pro (USA).chd
ps2_chd0.html;NFL GameDay 2001.chd;https://archive.org/download/ps2-redump-usa-chd-part-N/NFL GameDay 2001 (USA).chd;;JOGO_EXISTE_OUTRO_LINK;Existe no banco (rom_id 376923, source 1): https://huggingface.co/datasets/luisluis123/ps2chd/resolve/main/NFL GameDay 2001 (USA).chd
ps2_chd0.html;NFL GameDay 2002.chd;https://archive.org/download/ps2-redump-usa-chd-part-N/NFL GameDay 2002 (USA).chd;;JOGO_EXISTE_OUTRO_LINK;Existe no banco (rom_id 376924, source 1): https://huggingface.co/datasets/luisluis123/ps2chd/resolve/main/NFL GameDay 2002 (USA).chd
ps2_chd0.html;NFL GameDay 2003.chd;https://archive.org/download/ps2-redump-usa-chd-part-N/NFL GameDay 2003 (USA).chd;;JOGO_EXISTE_OUTRO_LINK;Existe no banco (rom_id 376925, source 1): https://huggingface.co/datasets/luisluis123/ps2chd/resolve/main/NFL GameDay 2003 (USA).chd
ps2_chd0.html;NFL GameDay 2004.chd;https://archive.org/download/ps2-redump-usa-chd-part-N/NFL GameDay 2004 (USA).chd;;JOGO_EXISTE_OUTRO_LINK;Existe no banco (rom_id 376926, source 1): https://huggingface.co/datasets/luisluis123/ps2chd/resolve/main/NFL GameDay 2004 (USA).chd
ps2_chd0.html;NFL Head Coach.chd;https://archive.org/download/ps2-redump-usa-chd-part-N/NFL Head Coach (USA).chd;;JOGO_EXISTE_OUTRO_LINK;Existe no banco (rom_id 376927, source 1): https://huggingface.co/datasets/luisluis123/ps2chd/resolve/main/NFL Head Coach (USA).chd
ps2_chd0.html;NFL QB Club 2002.chd;https://archive.org/download/ps2-redump-usa-chd-part-N/NFL QB Club 2002 (USA).chd;;JOGO_EXISTE_OUTRO_LINK;Existe no banco (rom_id 376928, source 1): https://huggingface.co/datasets/luisluis123/ps2chd/resolve/main/NFL QB Club 2002 (USA).chd
ps2_chd0.html;NFL Street 2.chd;https://archive.org/download/ps2-redump-usa-chd-part-N/NFL Street 2 (USA).chd;;JOGO_EXISTE_OUTRO_LINK;Existe no banco (rom_id 376930, source 1): https://huggingface.co/datasets/luisluis123/ps2chd/resolve/main/NFL Street 2 (USA).chd
ps2_chd0.html;NFL Street 3.chd;https://archive.org/download/ps2-redump-usa-chd-part-N/NFL Street 3 (USA).chd;;JOGO_EXISTE_OUTRO_LINK;Existe no banco (rom_id 376931, source 1): https://huggingface.co/datasets/luisluis123/ps2chd/resolve/main/NFL Street 3 (USA).chd
ps2_chd0.html;NFL Street.chd;https://archive.org/download/ps2-redump-usa-chd-part-N/NFL Street (USA).chd;;JOGO_EXISTE_OUTRO_LINK;Existe no banco (rom_id 376929, source 1): https://huggingface.co/datasets/luisluis123/ps2chd/resolve/main/NFL Street (USA).chd
ps2_chd0.html;NHL 06.chd;https://archive.org/download/ps2-redump-usa-chd-part-N/NHL 06 (USA) (En,Fr).chd;;JOGO_EXISTE_OUTRO_LINK;Existe no banco (rom_id 376932, source 1): https://huggingface.co/datasets/luisluis123/ps2chd/resolve/main/NHL 06 (USA) (En,Fr).chd
ps2_chd0.html;NHL 07.chd;https://archive.org/download/ps2-redump-usa-chd-part-N/NHL 07 (USA).chd;;JOGO_EXISTE_OUTRO_LINK;Existe no banco (rom_id 376933, source 1): https://huggingface.co/datasets/luisluis123/ps2chd/resolve/main/NHL 07 (USA).chd
ps2_chd0.html;NHL 08.chd;https://archive.org/download/ps2-redump-usa-chd-part-N/NHL 08 (USA).chd;;JOGO_EXISTE_OUTRO_LINK;Existe no banco (rom_id 376934, source 1): https://huggingface.co/datasets/luisluis123/ps2chd/resolve/main/NHL 08 (USA).chd
ps2_chd0.html;NHL 09.chd;https://archive.org/download/ps2-redump-usa-chd-part-N/NHL 09 (USA) (v2.00).chd;;JOGO_EXISTE_OUTRO_LINK;Existe no banco (rom_id 376935, source 1): https://huggingface.co/datasets/luisluis123/ps2chd/resolve/main/NHL 09 (USA) (v2.00).chd
ps2_chd0.html;NHL 2001.chd;https://archive.org/download/ps2-redump-usa-chd-part-N/NHL 2001 (USA).chd;;JOGO_EXISTE_OUTRO_LINK;Existe no banco (rom_id 376936, source 1): https://huggingface.co/datasets/luisluis123/ps2chd/resolve/main/NHL 2001 (USA).chd
ps2_chd0.html;NHL 2002.chd;https://archive.org/download/ps2-redump-usa-chd-part-N/NHL 2002 (USA).chd;;JOGO_EXISTE_OUTRO_LINK;Existe no banco (rom_id 376937, source 1): https://huggingface.co/datasets/luisluis123/ps2chd/resolve/main/NHL 2002 (USA).chd
ps2_chd0.html;NHL 2003.chd;https://archive.org/download/ps2-redump-usa-chd-part-N/NHL 2003 (USA).chd;3.03 GiB;JOGO_EXISTE_OUTRO_LINK;Existe no banco (rom_id 376938, source 1): https://huggingface.co/datasets/luisluis123/ps2chd/resolve/main/NHL 2003 (USA).chd
ps2_chd0.html;NHL 2004.chd;https://archive.org/download/ps2-redump-usa-chd-part-N/NHL 2004 (USA).chd;;JOGO_EXISTE_OUTRO_LINK;Existe no banco (rom_id 376939, source 1): https://huggingface.co/datasets/luisluis123/ps2chd/resolve/main/NHL 2004 (USA).chd
ps2_chd0.html;NHL 2005.chd;https://archive.org/download/ps2-redump-usa-chd-part-N/NHL 2005 (USA) (En,Fr).chd;3.05 GiB;JOGO_EXISTE_OUTRO_LINK;Existe no banco (rom_id 376940, source 1): https://huggingface.co/datasets/luisluis123/ps2chd/resolve/main/NHL 2005 (USA) (En,Fr).chd
ps2_chd0.html;NHL 2K10.chd;https://archive.org/download/ps2-redump-usa-chd-part-N/NHL 2K10 (USA).chd;2.39 GiB;JOGO_EXISTE_OUTRO_LINK;Existe no banco (rom_id 376941, source 1): https://huggingface.co/datasets/luisluis123/ps2chd/resolve/main/NHL 2K10 (USA).chd
ps2_chd0.html;NHL 2K3.chd;https://archive.org/download/ps2-redump-usa-chd-part-N/NHL 2K3 (USA).chd;;JOGO_EXISTE_OUTRO_LINK;Existe no banco (rom_id 376942, source 1): https://huggingface.co/datasets/luisluis123/ps2chd/resolve/main/NHL 2K3 (USA).chd
ps2_chd0.html;NHL 2K6.chd;https://archive.org/download/ps2-redump-usa-chd-part-N/NHL 2K6 (USA).chd;;JOGO_EXISTE_OUTRO_LINK;Existe no banco (rom_id 376943, source 1): https://huggingface.co/datasets/luisluis123/ps2chd/resolve/main/NHL 2K6 (USA).chd
ps2_chd0.html;NHL 2K7.chd;https://archive.org/download/ps2-redump-usa-chd-part-N/NHL 2K7 (USA).chd;2.49 GiB;JOGO_EXISTE_OUTRO_LINK;Existe no banco (rom_id 376944, source 1): https://huggingface.co/datasets/luisluis123/ps2chd/resolve/main/NHL 2K7 (USA).chd
ps2_chd0.html;NHL 2K8.chd;https://archive.org/download/ps2-redump-usa-chd-part-N/NHL 2K8 (USA).chd;;JOGO_EXISTE_OUTRO_LINK;Existe no banco (rom_id 376945, source 1): https://huggingface.co/datasets/luisluis123/ps2chd/resolve/main/NHL 2K8 (USA).chd
ps2_chd0.html;NHL 2K9.chd;https://archive.org/download/ps2-redump-usa-chd-part-N/NHL 2K9 (USA).chd;;JOGO_EXISTE_OUTRO_LINK;Existe no banco (rom_id 376946, source 1): https://huggingface.co/datasets/luisluis123/ps2chd/resolve/main/NHL 2K9 (USA).chd
ps2_chd0.html;NHL FaceOff 2001.chd;https://archive.org/download/ps2-redump-usa-chd-part-N/NHL FaceOff 2001 (USA).chd;;JOGO_EXISTE_OUTRO_LINK;Existe no banco (rom_id 376947, source 1): https://huggingface.co/datasets/luisluis123/ps2chd/resolve/main/NHL FaceOff 2001 (USA).chd
ps2_chd0.html;NHL FaceOff 2003.chd;https://archive.org/download/ps2-redump-usa-chd-part-N/NHL FaceOff 2003 (USA).chd;;JOGO_EXISTE_OUTRO_LINK;Existe no banco (rom_id 376948, source 1): https://huggingface.co/datasets/luisluis123/ps2chd/resolve/main/NHL FaceOff 2003 (USA).chd
ps2_chd0.html;NHL Hitz 2002.chd;https://archive.org/download/ps2-redump-usa-chd-part-N/NHL Hitz 2002 (USA) (v2.00).chd;377.86 MiB;JOGO_EXISTE_OUTRO_LINK;Existe no banco (rom_id 376949, source 1): https://huggingface.co/datasets/luisluis123/ps2chd/resolve/main/NHL Hitz 2002 (USA) (v1.01).chd
ps2_chd0.html;NHL Hitz 2003.chd;https://archive.org/download/ps2-redump-usa-chd-part-N/NHL Hitz 2003 (USA).chd;1.07 GiB;JOGO_EXISTE_OUTRO_LINK;Existe no banco (rom_id 376951, source 1): https://huggingface.co/datasets/luisluis123/ps2chd/resolve/main/NHL Hitz 2003 (USA).chd
ps2_chd0.html;NHL Hitz Pro.chd;https://archive.org/download/ps2-redump-usa-chd-part-N/NHL Hitz Pro (USA).chd;;JOGO_EXISTE_OUTRO_LINK;Existe no banco (rom_id 376952, source 1): https://huggingface.co/datasets/luisluis123/ps2chd/resolve/main/NHL Hitz Pro (USA).chd
ps2_chd0.html;NHRA Championship Drag Racing.chd;https://archive.org/download/ps2-redump-usa-chd-part-N/NHRA Championship Drag Racing (USA).chd;;JOGO_EXISTE_OUTRO_LINK;Existe no banco (rom_id 376953, source 1): https://huggingface.co/datasets/luisluis123/ps2chd/resolve/main/NHRA Championship Drag Racing (USA).chd
ps2_chd0.html;NHRA Drag Racing - Countdown to the Championship.chd;https://archive.org/download/ps2-redump-usa-chd-part-N/NHRA Drag Racing - Countdown to the Championship (USA).chd;398.19 MiB;JOGO_EXISTE_OUTRO_LINK;Existe no banco (rom_id 376954, source 1): https://huggingface.co/datasets/luisluis123/ps2chd/resolve/main/NHRA Drag Racing - Countdown to the Championship (USA).chd
ps2_chd0.html;Nick Jr. Dora the Explorer - Dora Saves the Mermaids.chd;https://archive.org/download/ps2-redump-usa-chd-part-N/Nick Jr. Dora the Explorer - Dora Saves the Mermaids (USA).chd;161.13 MiB;JOGO_EXISTE_OUTRO_LINK;Existe no banco (rom_id 376982, source 1): https://huggingface.co/datasets/luisluis123/ps2chd/resolve/main/Nick Jr. Dora the Explorer - Dora Saves the Mermaids (USA).chd
ps2_chd0.html;Nick Jr. Dora the Explorer - Journey to the Purple Planet.chd;https://archive.org/download/ps2-redump-usa-chd-part-N/Nick Jr. Dora the Explorer - Journey to the Purple Planet (USA).chd;275.93 MiB;JOGO_EXISTE_OUTRO_LINK;Existe no banco (rom_id 376983, source 1): https://huggingface.co/datasets/luisluis123/ps2chd/resolve/main/Nick Jr. Dora the Explorer - Journey to the Purple Planet (USA).chd
ps2_chd0.html;Nick Jr. Go Diego Go! Safari Rescue.chd;https://archive.org/download/ps2-redump-usa-chd-part-N/Nick Jr. Go Diego Go! Safari Rescue (USA).chd;895.76 MiB;JOGO_EXISTE_OUTRO_LINK;Existe no banco (rom_id 376984, source 1): https://huggingface.co/datasets/luisluis123/ps2chd/resolve/main/Nick Jr. Go Diego Go! Safari Rescue (USA).chd
ps2_chd0.html;Nickelodeon Avatar - The Last Airbender - Into the Inferno.chd;https://archive.org/download/ps2-redump-usa-chd-part-N/Nickelodeon Avatar - The Last Airbender - Into the Inferno (USA).chd;650.52 MiB;JOGO_EXISTE_OUTRO_LINK;Existe no banco (rom_id 376986, source 1): https://huggingface.co/datasets/luisluis123/ps2chd/resolve/main/Nickelodeon Avatar - The Last Airbender - Into the Inferno (USA).chd
ps2_chd0.html;Nickelodeon Avatar - The Last Airbender - The Burning Earth.chd;https://archive.org/download/ps2-redump-usa-chd-part-N/Nickelodeon Avatar - The Last Airbender - The Burning Earth (USA).chd;995.35 MiB;JOGO_EXISTE_OUTRO_LINK;Existe no banco (rom_id 376987, source 1): https://huggingface.co/datasets/luisluis123/ps2chd/resolve/main/Nickelodeon Avatar - The Last Airbender - The Burning Earth (USA).chd
ps2_chd0.html;Nickelodeon Avatar - The Last Airbender.chd;https://archive.org/download/ps2-redump-usa-chd-part-N/Nickelodeon Avatar - The Last Airbender (USA).chd;582.03 MiB;JOGO_EXISTE_OUTRO_LINK;Existe no banco (rom_id 376985, source 1): https://huggingface.co/datasets/luisluis123/ps2chd/resolve/main/Nickelodeon Avatar - The Last Airbender (USA).chd
ps2_chd0.html;Nickelodeon Barnyard.chd;https://archive.org/download/ps2-redump-usa-chd-part-N/Nickelodeon Barnyard (USA).chd;622.08 MiB;JOGO_EXISTE_OUTRO_LINK;Existe no banco (rom_id 376988, source 1): https://huggingface.co/datasets/luisluis123/ps2chd/resolve/main/Nickelodeon Barnyard (USA).chd
ps2_chd0.html;Nickelodeon Dora the Explorer - Dora Saves the Crystal Kingdom.chd;https://archive.org/download/ps2-redump-usa-chd-part-N/Nickelodeon Dora the Explorer - Dora Saves the Crystal Kingdom (USA).chd;403.60 MiB;JOGO_EXISTE_OUTRO_LINK;Existe no banco (rom_id 376989, source 1): https://huggingface.co/datasets/luisluis123/ps2chd/resolve/main/Nickelodeon Dora the Explorer - Dora Saves the Crystal Kingdom (USA).chd
ps2_chd0.html;Nickelodeon Dora the Explorer - Dora Saves the Snow Princess.chd;https://archive.org/download/ps2-redump-usa-chd-part-N/Nickelodeon Dora the Explorer - Dora Saves the Snow Princess (USA).chd;409.57 MiB;JOGO_EXISTE_OUTRO_LINK;Existe no banco (rom_id 376990, source 1): https://huggingface.co/datasets/luisluis123/ps2chd/resolve/main/Nickelodeon Dora the Explorer - Dora Saves the Snow Princess (USA).chd
ps2_chd0.html;Nickelodeon Dora's Big Birthday Adventure.chd;https://archive.org/download/ps2-redump-usa-chd-part-N/Nickelodeon Dora's Big Birthday Adventure (USA).chd;964.63 MiB;JOGO_EXISTE_OUTRO_LINK;Existe no banco (rom_id 376991, source 1): https://huggingface.co/datasets/luisluis123/ps2chd/resolve/main/Nickelodeon Dora's Big Birthday Adventure (USA).chd
ps2_chd0.html;Nickelodeon El Tigre - The Adventures of Manny Rivera.chd;https://archive.org/download/ps2-redump-usa-chd-part-N/Nickelodeon El Tigre - The Adventures of Manny Rivera (USA).chd;570.41 MiB;JOGO_EXISTE_OUTRO_LINK;Existe no banco (rom_id 376992, source 1): https://huggingface.co/datasets/luisluis123/ps2chd/resolve/main/Nickelodeon El Tigre - The Adventures of Manny Rivera (USA).chd
ps2_chd0.html;Nickelodeon Go Diego Go! Great Dinosaur Rescue.chd;https://archive.org/download/ps2-redump-usa-chd-part-N/Nickelodeon Go Diego Go! Great Dinosaur Rescue (USA) (En,Fr).chd;404.76 MiB;JOGO_EXISTE_OUTRO_LINK;Existe no banco (rom_id 376993, source 1): https://huggingface.co/datasets/luisluis123/ps2chd/resolve/main/Nickelodeon Go Diego Go! Great Dinosaur Rescue (USA) (En,Fr).chd
ps2_chd0.html;Nickelodeon Jimmy Neutron - Boy Genius - Attack of the Twonkies.chd;https://archive.org/download/ps2-redump-usa-chd-part-N/Nickelodeon Jimmy Neutron - Boy Genius - Attack of the Twonkies (USA).chd;730.72 MiB;JOGO_EXISTE_OUTRO_LINK;Existe no banco (rom_id 376995, source 1): https://huggingface.co/datasets/luisluis123/ps2chd/resolve/main/Nickelodeon Jimmy Neutron - Boy Genius - Attack of the Twonkies (USA).chd
ps2_chd0.html;Nickelodeon Jimmy Neutron - Boy Genius - Jet Fusion.chd;https://archive.org/download/ps2-redump-usa-chd-part-N/Nickelodeon Jimmy Neutron - Boy Genius - Jet Fusion (USA).chd;888.96 MiB;JOGO_EXISTE_OUTRO_LINK;Existe no banco (rom_id 376996, source 1): https://huggingface.co/datasets/luisluis123/ps2chd/resolve/main/Nickelodeon Jimmy Neutron - Boy Genius - Jet Fusion (USA).chd
ps2_chd0.html;Nickelodeon Jimmy Neutron - Boy Genius.chd;https://archive.org/download/ps2-redump-usa-chd-part-N/Nickelodeon Jimmy Neutron - Boy Genius (USA).chd;1.19 GiB;JOGO_EXISTE_OUTRO_LINK;Existe no banco (rom_id 376994, source 1): https://huggingface.co/datasets/luisluis123/ps2chd/resolve/main/Nickelodeon Jimmy Neutron - Boy Genius (USA).chd
ps2_chd0.html;Nickelodeon Ni Hao, Kai-Lan - Super Game Day.chd;https://archive.org/download/ps2-redump-usa-chd-part-N/Nickelodeon Ni Hao, Kai-Lan - Super Game Day (USA).chd;619.17 MiB;JOGO_EXISTE_OUTRO_LINK;Existe no banco (rom_id 376997, source 1): https://huggingface.co/datasets/luisluis123/ps2chd/resolve/main/Nickelodeon Ni Hao, Kai-Lan - Super Game Day (USA).chd
ps2_chd0.html;Nickelodeon Rocket Power - Beach Bandits.chd;https://archive.org/download/ps2-redump-usa-chd-part-N/Nickelodeon Rocket Power - Beach Bandits (USA).chd;2.22 GiB;JOGO_EXISTE_OUTRO_LINK;Existe no banco (rom_id 376998, source 1): https://huggingface.co/datasets/luisluis123/ps2chd/resolve/main/Nickelodeon Rocket Power - Beach Bandits (USA).chd
ps2_chd0.html;Nickelodeon Rugrats - Royal Ransom.chd;https://archive.org/download/ps2-redump-usa-chd-part-N/Nickelodeon Rugrats - Royal Ransom (USA).chd;1.74 GiB;JOGO_EXISTE_OUTRO_LINK;Existe no banco (rom_id 376999, source 1): https://huggingface.co/datasets/luisluis123/ps2chd/resolve/main/Nickelodeon Rugrats - Royal Ransom (USA).chd
ps2_chd0.html;Nickelodeon SpongeBob SquarePants - Battle for Bikini Bottom.chd;https://archive.org/download/ps2-redump-usa-chd-part-N/Nickelodeon SpongeBob SquarePants - Battle for Bikini Bottom (USA).chd;620.65 MiB;JOGO_EXISTE_OUTRO_LINK;Existe no banco (rom_id 377000, source 1): https://huggingface.co/datasets/luisluis123/ps2chd/resolve/main/Nickelodeon SpongeBob SquarePants - Battle for Bikini Bottom (USA).chd
ps2_chd0.html;Nickelodeon SpongeBob SquarePants - Creature from the Krusty Krab.chd;https://archive.org/download/ps2-redump-usa-chd-part-N/Nickelodeon SpongeBob SquarePants - Creature from the Krusty Krab (USA).chd;1011.03 MiB;JOGO_EXISTE_OUTRO_LINK;Existe no banco (rom_id 377001, source 1): https://huggingface.co/datasets/luisluis123/ps2chd/resolve/main/Nickelodeon SpongeBob SquarePants - Creature from the Krusty Krab (USA).chd
ps2_chd0.html;Nickelodeon SpongeBob SquarePants - Lights, Camera, Pants!.chd;https://archive.org/download/ps2-redump-usa-chd-part-N/Nickelodeon SpongeBob SquarePants - Lights, Camera, Pants! (USA).chd;799.28 MiB;JOGO_EXISTE_OUTRO_LINK;Existe no banco (rom_id 377002, source 1): https://huggingface.co/datasets/luisluis123/ps2chd/resolve/main/Nickelodeon SpongeBob SquarePants - Lights, Camera, Pants! (USA).chd
ps2_chd0.html;Nickelodeon SpongeBob SquarePants - Revenge of the Flying Dutchman.chd;https://archive.org/download/ps2-redump-usa-chd-part-N/Nickelodeon SpongeBob SquarePants - Revenge of the Flying Dutchman (USA).chd;444.91 MiB;JOGO_EXISTE_OUTRO_LINK;Existe no banco (rom_id 377003, source 1): https://huggingface.co/datasets/luisluis123/ps2chd/resolve/main/Nickelodeon SpongeBob SquarePants - Revenge of the Flying Dutchman (USA).chd
ps2_chd0.html;Nickelodeon SpongeBob SquarePants - The Movie.chd;https://archive.org/download/ps2-redump-usa-chd-part-N/Nickelodeon SpongeBob SquarePants - The Movie (USA).chd;633.85 MiB;JOGO_EXISTE_OUTRO_LINK;Existe no banco (rom_id 377004, source 1): https://huggingface.co/datasets/luisluis123/ps2chd/resolve/main/Nickelodeon SpongeBob SquarePants - The Movie (USA).chd
ps2_chd0.html;Nickelodeon SpongeBob SquarePants featuring Nicktoons - Globs of Doom.chd;https://archive.org/download/ps2-redump-usa-chd-part-N/Nickelodeon SpongeBob SquarePants featuring Nicktoons - Globs of Doom (USA).chd;839.84 MiB;JOGO_EXISTE_OUTRO_LINK;Existe no banco (rom_id 377005, source 1): https://huggingface.co/datasets/luisluis123/ps2chd/resolve/main/Nickelodeon SpongeBob SquarePants featuring Nicktoons - Globs of Doom (USA).chd
ps2_chd0.html;Nickelodeon SpongeBob's Atlantis SquarePantis.chd;https://archive.org/download/ps2-redump-usa-chd-part-N/Nickelodeon SpongeBob's Atlantis SquarePantis (USA).chd;795.72 MiB;JOGO_EXISTE_OUTRO_LINK;Existe no banco (rom_id 377006, source 1): https://huggingface.co/datasets/luisluis123/ps2chd/resolve/main/Nickelodeon SpongeBob's Atlantis SquarePantis (USA).chd
ps2_chd0.html;Nickelodeon Tak - The Great Juju Challenge.chd;https://archive.org/download/ps2-redump-usa-chd-part-N/Nickelodeon Tak - The Great Juju Challenge (USA).chd;1.77 GiB;JOGO_EXISTE_OUTRO_LINK;Existe no banco (rom_id 377007, source 1): https://huggingface.co/datasets/luisluis123/ps2chd/resolve/main/Nickelodeon Tak - The Great Juju Challenge (USA).chd
ps2_chd0.html;Nickelodeon Tak 2 - The Staff of Dreams.chd;https://archive.org/download/ps2-redump-usa-chd-part-N/Nickelodeon Tak 2 - The Staff of Dreams (USA).chd;2.53 GiB;JOGO_EXISTE_OUTRO_LINK;Existe no banco (rom_id 377008, source 1): https://huggingface.co/datasets/luisluis123/ps2chd/resolve/main/Nickelodeon Tak 2 - The Staff of Dreams (USA).chd
ps2_chd0.html;Nickelodeon Tak and the Guardians of Gross.chd;https://archive.org/download/ps2-redump-usa-chd-part-N/Nickelodeon Tak and the Guardians of Gross (USA).chd;1.40 GiB;JOGO_EXISTE_OUTRO_LINK;Existe no banco (rom_id 377009, source 1): https://huggingface.co/datasets/luisluis123/ps2chd/resolve/main/Nickelodeon Tak and the Guardians of Gross (USA).chd
ps2_chd0.html;Nickelodeon The Naked Brothers Band - The Video Game.chd;https://archive.org/download/ps2-redump-usa-chd-part-N/Nickelodeon The Naked Brothers Band - The Video Game (USA).chd;667.58 MiB;JOGO_EXISTE_OUTRO_LINK;Existe no banco (rom_id 377010, source 1): https://huggingface.co/datasets/luisluis123/ps2chd/resolve/main/Nickelodeon The Naked Brothers Band - The Video Game (USA).chd
ps2_chd0.html;Nicktoons - Attack of the Toybots.chd;https://archive.org/download/ps2-redump-usa-chd-part-N/Nicktoons - Attack of the Toybots (USA).chd;;JOGO_EXISTE_OUTRO_LINK;Existe no banco (rom_id 377011, source 1): https://huggingface.co/datasets/luisluis123/ps2chd/resolve/main/Nicktoons - Attack of the Toybots (USA).chd
ps2_chd0.html;Nicktoons - Battle for Volcano Island.chd;https://archive.org/download/ps2-redump-usa-chd-part-N/Nicktoons - Battle for Volcano Island (USA).chd;;JOGO_EXISTE_OUTRO_LINK;Existe no banco (rom_id 377012, source 1): https://huggingface.co/datasets/luisluis123/ps2chd/resolve/main/Nicktoons - Battle for Volcano Island (USA).chd
ps2_chd0.html;Nicktoons Movin'.chd;https://archive.org/download/ps2-redump-usa-chd-part-N/Nicktoons Movin' (USA).chd;;JOGO_EXISTE_OUTRO_LINK;Existe no banco (rom_id 377013, source 1): https://huggingface.co/datasets/luisluis123/ps2chd/resolve/main/Nicktoons Movin' (USA).chd
ps2_chd0.html;Nicktoons Unite!.chd;https://archive.org/download/ps2-redump-usa-chd-part-N/Nicktoons Unite! (USA).chd;;JOGO_EXISTE_OUTRO_LINK;Existe no banco (rom_id 377014, source 1): https://huggingface.co/datasets/luisluis123/ps2chd/resolve/main/Nicktoons Unite! (USA).chd
ps2_chd0.html;Nightmare of Druaga, The - Fushigino Dungeon.chd;https://archive.org/download/ps2-redump-usa-chd-part-N/Nightmare of Druaga, The - Fushigino Dungeon (USA).chd;426.98 MiB;JOGO_EXISTE_OUTRO_LINK;Existe no banco (rom_id 377015, source 1): https://huggingface.co/datasets/luisluis123/ps2chd/resolve/main/Nightmare of Druaga, The - Fushigino Dungeon (USA).chd
ps2_chd0.html;Nightshade.chd;https://archive.org/download/ps2-redump-usa-chd-part-N/Nightshade (USA).chd;619.50 MiB;JOGO_EXISTE_OUTRO_LINK;Existe no banco (rom_id 377016, source 1): https://huggingface.co/datasets/luisluis123/ps2chd/resolve/main/Nightshade (USA).chd
ps2_chd0.html;Ninja Assault.chd;https://archive.org/download/ps2-redump-usa-chd-part-N/Ninja Assault (USA).chd;;JOGO_EXISTE_OUTRO_LINK;Existe no banco (rom_id 377017, source 1): https://huggingface.co/datasets/luisluis123/ps2chd/resolve/main/Ninja Assault (USA).chd
ps2_chd0.html;Nitrobike.chd;https://archive.org/download/ps2-redump-usa-chd-part-N/Nitrobike (USA) (En,Fr,Es).chd;905.05 MiB;JOGO_EXISTE_OUTRO_LINK;Existe no banco (rom_id 377018, source 1): https://huggingface.co/datasets/luisluis123/ps2chd/resolve/main/Nitrobike (USA) (En,Fr,Es).chd
ps2_chd0.html;Nobunaga's Ambition - Iron Triangle.chd;https://archive.org/download/ps2-redump-usa-chd-part-N/Nobunaga's Ambition - Iron Triangle (USA).chd;;JOGO_EXISTE_OUTRO_LINK;Existe no banco (rom_id 377019, source 1): https://huggingface.co/datasets/luisluis123/ps2chd/resolve/main/Nobunaga's Ambition - Iron Triangle (USA).chd
ps2_chd0.html;Nobunaga's Ambition - Rise to Power.chd;https://archive.org/download/ps2-redump-usa-chd-part-N/Nobunaga's Ambition - Rise to Power (USA).chd;;JOGO_EXISTE_OUTRO_LINK;Existe no banco (rom_id 377020, source 1): https://huggingface.co/datasets/luisluis123/ps2chd/resolve/main/Nobunaga's Ambition - Rise to Power (USA).chd
ps2_chd0.html;NPPL Championship Paintball 2009.chd;https://archive.org/download/ps2-redump-usa-chd-part-N/NPPL Championship Paintball 2009 (USA).chd;;JOGO_EXISTE_OUTRO_LINK;Existe no banco (rom_id 376955, source 1): https://huggingface.co/datasets/luisluis123/ps2chd/resolve/main/NPPL Championship Paintball 2009 (USA).chd
ps2_chd0.html;NRA Gun Club.chd;https://archive.org/download/ps2-redump-usa-chd-part-N/NRA Gun Club (USA).chd;;JOGO_EXISTE_OUTRO_LINK;Existe no banco (rom_id 376956, source 1): https://huggingface.co/datasets/luisluis123/ps2chd/resolve/main/NRA Gun Club (USA).chd
ps2_chd0.html;ObsCure - The Aftermath.chd;https://archive.org/download/ps2-redump-usa-chd-part-O/ObsCure - The Aftermath (USA) (En,Fr,Es).chd;;JOGO_EXISTE_OUTRO_LINK;Existe no banco (rom_id 377022, source 1): https://huggingface.co/datasets/luisluis123/ps2chd/resolve/main/ObsCure - The Aftermath (USA) (En,Fr,Es).chd
ps2_chd0.html;ObsCure.chd;https://archive.org/download/ps2-redump-usa-chd-part-O/ObsCure (USA) (En,Fr,Es).chd;;JOGO_EXISTE_OUTRO_LINK;Existe no banco (rom_id 377021, source 1): https://huggingface.co/datasets/luisluis123/ps2chd/resolve/main/ObsCure (USA) (En,Fr,Es).chd
ps2_chd0.html;Odin Sphere.chd;https://archive.org/download/ps2-redump-usa-chd-part-O/Odin Sphere (USA).chd;;JOGO_EXISTE_OUTRO_LINK;Existe no banco (rom_id 377023, source 1): https://huggingface.co/datasets/luisluis123/ps2chd/resolve/main/Odin Sphere (USA).chd
ps2_chd0.html;Okage - Shadow King.chd;https://archive.org/download/ps2-redump-usa-chd-part-O/Okage - Shadow King (USA).chd;;JOGO_EXISTE_OUTRO_LINK;Existe no banco (rom_id 377024, source 1): https://huggingface.co/datasets/luisluis123/ps2chd/resolve/main/Okage - Shadow King (USA).chd
ps2_chd0.html;Oni.chd;https://archive.org/download/ps2-redump-usa-chd-part-O/Oni (USA).chd;;JOGO_EXISTE_OUTRO_LINK;Existe no banco (rom_id 377025, source 1): https://huggingface.co/datasets/luisluis123/ps2chd/resolve/main/Oni (USA).chd
ps2_chd0.html;Onimusha - Blade Warriors.chd;https://archive.org/download/ps2-redump-usa-chd-part-O/Onimusha - Blade Warriors (USA).chd;;JOGO_EXISTE_OUTRO_LINK;Existe no banco (rom_id 377026, source 1): https://huggingface.co/datasets/luisluis123/ps2chd/resolve/main/Onimusha - Blade Warriors (USA).chd
ps2_chd0.html;Onimusha - Dawn of Dreams (Disc 1).chd;https://archive.org/download/ps2-redump-usa-chd-part-O/Onimusha - Dawn of Dreams (USA) (Disc 1).chd;;JOGO_EXISTE_OUTRO_LINK;Existe no banco (rom_id 377027, source 1): https://huggingface.co/datasets/luisluis123/ps2chd/resolve/main/Onimusha - Dawn of Dreams (USA) (Disc 1).chd
ps2_chd0.html;Onimusha - Dawn of Dreams (Disc 2).chd;https://archive.org/download/ps2-redump-usa-chd-part-O/Onimusha - Dawn of Dreams (USA) (Disc 2).chd;;JOGO_EXISTE_OUTRO_LINK;Existe no banco (rom_id 377027, source 1): https://huggingface.co/datasets/luisluis123/ps2chd/resolve/main/Onimusha - Dawn of Dreams (USA) (Disc 1).chd
ps2_chd0.html;Onimusha - Warlords.chd;https://archive.org/download/ps2-redump-usa-chd-part-O/Onimusha - Warlords (USA).chd;;JOGO_EXISTE_OUTRO_LINK;Existe no banco (rom_id 377029, source 1): https://huggingface.co/datasets/luisluis123/ps2chd/resolve/main/Onimusha - Warlords (USA).chd
ps2_chd0.html;Onimusha 2 - Samurai's Destiny.chd;https://archive.org/download/ps2-redump-usa-chd-part-O/Onimusha 2 - Samurai's Destiny (USA).chd;;JOGO_EXISTE_OUTRO_LINK;Existe no banco (rom_id 377030, source 1): https://huggingface.co/datasets/luisluis123/ps2chd/resolve/main/Onimusha 2 - Samurai's Destiny (USA).chd
ps2_chd0.html;Ookami.chd;https://archive.org/download/ps2-redump-usa-chd-part-O/Ookami (USA).chd;3.05 GiB;JOGO_EXISTE_OUTRO_LINK;Existe no banco (rom_id 377032, source 1): https://huggingface.co/datasets/luisluis123/ps2chd/resolve/main/Ookami (USA).chd
ps2_chd0.html;Open Season.chd;https://archive.org/download/ps2-redump-usa-chd-part-O/Open Season (USA).chd;;JOGO_EXISTE_OUTRO_LINK;Existe no banco (rom_id 377033, source 1): https://huggingface.co/datasets/luisluis123/ps2chd/resolve/main/Open Season (USA).chd
ps2_chd0.html;Operative, The - No One Lives Forever.chd;https://archive.org/download/ps2-redump-usa-chd-part-O/Operative, The - No One Lives Forever (USA).chd;1.64 GiB;JOGO_EXISTE_OUTRO_LINK;Existe no banco (rom_id 377034, source 1): https://huggingface.co/datasets/luisluis123/ps2chd/resolve/main/Operative, The - No One Lives Forever (USA).chd
ps2_chd0.html;Orphen - Scion of Sorcery.chd;https://archive.org/download/ps2-redump-usa-chd-part-O/Orphen - Scion of Sorcery (USA).chd;;JOGO_EXISTE_OUTRO_LINK;Existe no banco (rom_id 377035, source 1): https://huggingface.co/datasets/luisluis123/ps2chd/resolve/main/Orphen - Scion of Sorcery (USA).chd
ps2_chd0.html;Outlaw Golf 2.chd;https://archive.org/download/ps2-redump-usa-chd-part-O/Outlaw Golf 2 (USA).chd;;JOGO_EXISTE_OUTRO_LINK;Existe no banco (rom_id 377037, source 1): https://huggingface.co/datasets/luisluis123/ps2chd/resolve/main/Outlaw Golf 2 (USA).chd
ps2_chd0.html;Outlaw Tennis.chd;https://archive.org/download/ps2-redump-usa-chd-part-O/Outlaw Tennis (USA).chd;;JOGO_EXISTE_OUTRO_LINK;Existe no banco (rom_id 377038, source 1): https://huggingface.co/datasets/luisluis123/ps2chd/resolve/main/Outlaw Tennis (USA).chd
ps2_chd0.html;Outlaw Volleyball Remixed.chd;https://archive.org/download/ps2-redump-usa-chd-part-O/Outlaw Volleyball Remixed (USA).chd;;JOGO_EXISTE_OUTRO_LINK;Existe no banco (rom_id 377039, source 1): https://huggingface.co/datasets/luisluis123/ps2chd/resolve/main/Outlaw Volleyball Remixed (USA).chd
ps2_chd0.html;OutRun 2006 - Coast 2 Coast.chd;https://archive.org/download/ps2-redump-usa-chd-part-O/OutRun 2006 - Coast 2 Coast (USA) (En,Fr,Es).chd;;JOGO_EXISTE_OUTRO_LINK;Existe no banco (rom_id 377036, source 1): https://huggingface.co/datasets/luisluis123/ps2chd/resolve/main/OutRun 2006 - Coast 2 Coast (USA) (En,Fr,Es).chd
ps2_chd0.html;R-Racing Evolution.chd;https://archive.org/download/ps2-redump-usa-chd-part-R/R-Racing Evolution (USA).chd;;JOGO_EXISTE_OUTRO_LINK;Existe no banco (rom_id 377102, source 1): https://huggingface.co/datasets/luisluis123/ps2chd/resolve/main/R-Racing Evolution (USA).chd
ps2_chd0.html;R-Type Final.chd;https://archive.org/download/ps2-redump-usa-chd-part-R/R-Type Final (USA).chd;;JOGO_EXISTE_OUTRO_LINK;Existe no banco (rom_id 377103, source 1): https://huggingface.co/datasets/luisluis123/ps2chd/resolve/main/R-Type Final (USA).chd
ps2_chd0.html;Radiata Stories.chd;https://archive.org/download/ps2-redump-usa-chd-part-R/Radiata Stories (USA).chd;;JOGO_EXISTE_OUTRO_LINK;Existe no banco (rom_id 377111, source 1): https://huggingface.co/datasets/luisluis123/ps2chd/resolve/main/Radiata Stories (USA).chd
ps2_chd0.html;Raiden III.chd;https://archive.org/download/ps2-redump-usa-chd-part-R/Raiden III (USA).chd;;JOGO_EXISTE_OUTRO_LINK;Existe no banco (rom_id 377112, source 1): https://huggingface.co/datasets/luisluis123/ps2chd/resolve/main/Raiden III (USA).chd
ps2_chd0.html;Rally Fusion - Race of Champions.chd;https://archive.org/download/ps2-redump-usa-chd-part-R/Rally Fusion - Race of Champions (USA).chd;;JOGO_EXISTE_OUTRO_LINK;Existe no banco (rom_id 377113, source 1): https://huggingface.co/datasets/luisluis123/ps2chd/resolve/main/Rally Fusion - Race of Champions (USA).chd
ps2_chd0.html;Rampage - Total Destruction.chd;https://archive.org/download/ps2-redump-usa-chd-part-R/Rampage - Total Destruction (USA).chd;;JOGO_EXISTE_OUTRO_LINK;Existe no banco (rom_id 377114, source 1): https://huggingface.co/datasets/luisluis123/ps2chd/resolve/main/Rampage - Total Destruction (USA).chd
ps2_chd0.html;Rapala Pro Bass Fishing.chd;https://archive.org/download/ps2-redump-usa-chd-part-R/Rapala Pro Bass Fishing (USA).chd;;JOGO_EXISTE_OUTRO_LINK;Existe no banco (rom_id 377115, source 1): https://huggingface.co/datasets/luisluis123/ps2chd/resolve/main/Rapala Pro Bass Fishing (USA).chd
ps2_chd0.html;Rapala Pro Fishing.chd;https://archive.org/download/ps2-redump-usa-chd-part-R/Rapala Pro Fishing (USA).chd;;JOGO_EXISTE_OUTRO_LINK;Existe no banco (rom_id 377116, source 1): https://huggingface.co/datasets/luisluis123/ps2chd/resolve/main/Rapala Pro Fishing (USA).chd
ps2_chd0.html;Ratchet & Clank - Going Commando.chd;https://archive.org/download/ps2-redump-usa-chd-part-R/Ratchet & Clank - Going Commando (USA) (v2.00).chd;;JOGO_EXISTE_OUTRO_LINK;Existe no banco (rom_id 377118, source 1): https://huggingface.co/datasets/luisluis123/ps2chd/resolve/main/Ratchet & Clank - Going Commando (USA) (v1.01).chd
ps2_chd0.html;Ratchet & Clank - Size Matters.chd;https://archive.org/download/ps2-redump-usa-chd-part-R/Ratchet & Clank - Size Matters (USA).chd;;JOGO_EXISTE_OUTRO_LINK;Existe no banco (rom_id 377120, source 1): https://huggingface.co/datasets/luisluis123/ps2chd/resolve/main/Ratchet & Clank - Size Matters (USA).chd
ps2_chd0.html;Ratchet & Clank - Up Your Arsenal.chd;https://archive.org/download/ps2-redump-usa-chd-part-R/Ratchet & Clank - Up Your Arsenal (USA) (En,Fr,Es).chd;;JOGO_EXISTE_OUTRO_LINK;Existe no banco (rom_id 377121, source 1): https://huggingface.co/datasets/luisluis123/ps2chd/resolve/main/Ratchet & Clank - Up Your Arsenal (USA) (En,Fr,Es).chd
ps2_chd0.html;Ratchet & Clank.chd;https://archive.org/download/ps2-redump-usa-chd-part-R/Ratchet & Clank (USA) (En,Fr,De,Es,It).chd;;JOGO_EXISTE_OUTRO_LINK;Existe no banco (rom_id 377117, source 1): https://huggingface.co/datasets/luisluis123/ps2chd/resolve/main/Ratchet & Clank (USA) (En,Fr,De,Es,It).chd
ps2_chd0.html;Ratchet - Deadlocked.chd;https://archive.org/download/ps2-redump-usa-chd-part-R/Ratchet - Deadlocked (USA) (En,Fr,Es).chd;;JOGO_EXISTE_OUTRO_LINK;Existe no banco (rom_id 377122, source 1): https://huggingface.co/datasets/luisluis123/ps2chd/resolve/main/Ratchet - Deadlocked (USA) (En,Fr,Es).chd
ps2_chd0.html;Raw Danger.chd;https://archive.org/download/ps2-redump-usa-chd-part-R/Raw Danger (USA).chd;;JOGO_EXISTE_OUTRO_LINK;Existe no banco (rom_id 377123, source 1): https://huggingface.co/datasets/luisluis123/ps2chd/resolve/main/Raw Danger (USA).chd
ps2_chd0.html;Rayman - Raving Rabbids.chd;https://archive.org/download/ps2-redump-usa-chd-part-R/Rayman - Raving Rabbids (USA) (En,Fr,Es).chd;;JOGO_EXISTE_OUTRO_LINK;Existe no banco (rom_id 377124, source 1): https://huggingface.co/datasets/luisluis123/ps2chd/resolve/main/Rayman - Raving Rabbids (USA) (En,Fr,Es).chd
ps2_chd0.html;Rayman 2 - Revolution.chd;https://archive.org/download/ps2-redump-usa-chd-part-R/Rayman 2 - Revolution (USA) (En,Fr,De,Es,It).chd;;JOGO_EXISTE_OUTRO_LINK;Existe no banco (rom_id 377125, source 1): https://huggingface.co/datasets/luisluis123/ps2chd/resolve/main/Rayman 2 - Revolution (USA) (En,Fr,De,Es,It).chd
ps2_chd0.html;Rayman 3 - Hoodlum Havoc.chd;https://archive.org/download/ps2-redump-usa-chd-part-R/Rayman 3 - Hoodlum Havoc (USA) (En,Fr,De,Es,It).chd;;JOGO_EXISTE_OUTRO_LINK;Existe no banco (rom_id 377126, source 1): https://huggingface.co/datasets/luisluis123/ps2chd/resolve/main/Rayman 3 - Hoodlum Havoc (USA) (En,Fr,De,Es,It).chd
ps2_chd0.html;Rayman Arena.chd;https://archive.org/download/ps2-redump-usa-chd-part-R/Rayman Arena (USA).chd;;JOGO_EXISTE_OUTRO_LINK;Existe no banco (rom_id 377127, source 1): https://huggingface.co/datasets/luisluis123/ps2chd/resolve/main/Rayman Arena (USA).chd
ps2_chd0.html;RC Revenge Pro.chd;https://archive.org/download/ps2-redump-usa-chd-part-R/RC Revenge Pro (USA).chd;;JOGO_EXISTE_OUTRO_LINK;Existe no banco (rom_id 377104, source 1): https://huggingface.co/datasets/luisluis123/ps2chd/resolve/main/RC Revenge Pro (USA).chd
ps2_chd0.html;Ready 2 Rumble Boxing - Round 2.chd;https://archive.org/download/ps2-redump-usa-chd-part-R/Ready 2 Rumble Boxing - Round 2 (USA).chd;;JOGO_EXISTE_OUTRO_LINK;Existe no banco (rom_id 377128, source 1): https://huggingface.co/datasets/luisluis123/ps2chd/resolve/main/Ready 2 Rumble Boxing - Round 2 (USA).chd
ps2_chd0.html;Real Pool.chd;https://archive.org/download/ps2-redump-usa-chd-part-R/Real Pool (USA).chd;;JOGO_EXISTE_OUTRO_LINK;Existe no banco (rom_id 377129, source 1): https://huggingface.co/datasets/luisluis123/ps2chd/resolve/main/Real Pool (USA).chd
ps2_chd0.html;Real World Golf.chd;https://archive.org/download/ps2-redump-usa-chd-part-R/Real World Golf (USA).chd;;JOGO_EXISTE_OUTRO_LINK;Existe no banco (rom_id 377130, source 1): https://huggingface.co/datasets/luisluis123/ps2chd/resolve/main/Real World Golf (USA).chd
ps2_chd0.html;Rebel Raiders - Operation Nighthawk.chd;https://archive.org/download/ps2-redump-usa-chd-part-R/Rebel Raiders - Operation Nighthawk (USA).chd;;JOGO_EXISTE_OUTRO_LINK;Existe no banco (rom_id 377131, source 1): https://huggingface.co/datasets/luisluis123/ps2chd/resolve/main/Rebel Raiders - Operation Nighthawk (USA).chd
ps2_chd0.html;Red Dead Revolver.chd;https://archive.org/download/ps2-redump-usa-chd-part-R/Red Dead Revolver (USA).chd;;JOGO_EXISTE_OUTRO_LINK;Existe no banco (rom_id 377132, source 1): https://huggingface.co/datasets/luisluis123/ps2chd/resolve/main/Red Dead Revolver (USA).chd
ps2_chd0.html;Red Faction II.chd;https://archive.org/download/ps2-redump-usa-chd-part-R/Red Faction II (USA).chd;;JOGO_EXISTE_OUTRO_LINK;Existe no banco (rom_id 377135, source 1): https://huggingface.co/datasets/luisluis123/ps2chd/resolve/main/Red Faction II (USA).chd
ps2_chd0.html;Red Faction.chd;https://archive.org/download/ps2-redump-usa-chd-part-R/Red Faction (USA) (v2.00).chd;;JOGO_EXISTE_OUTRO_LINK;Existe no banco (rom_id 377133, source 1): https://huggingface.co/datasets/luisluis123/ps2chd/resolve/main/Red Faction (USA) (v1.01).chd
ps2_chd0.html;Red Ninja - End of Honor.chd;https://archive.org/download/ps2-redump-usa-chd-part-R/Red Ninja - End of Honor (USA).chd;1.73 GiB;JOGO_EXISTE_OUTRO_LINK;Existe no banco (rom_id 377136, source 1): https://huggingface.co/datasets/luisluis123/ps2chd/resolve/main/Red Ninja - End of Honor (USA).chd
ps2_chd0.html;Red Star, The.chd;https://archive.org/download/ps2-redump-usa-chd-part-R/Red Star, The (USA).chd;540.05 MiB;JOGO_EXISTE_OUTRO_LINK;Existe no banco (rom_id 377137, source 1): https://huggingface.co/datasets/luisluis123/ps2chd/resolve/main/Red Star, The (USA).chd
ps2_chd0.html;RedCard 20-03.chd;https://archive.org/download/ps2-redump-usa-chd-part-R/RedCard 20-03 (USA) (En,Fr,De,Es,It).chd;;JOGO_EXISTE_OUTRO_LINK;Existe no banco (rom_id 377138, source 1): https://huggingface.co/datasets/luisluis123/ps2chd/resolve/main/RedCard 20-03 (USA) (En,Fr,De,Es,It).chd
ps2_chd0.html;Reel Fishing III.chd;https://archive.org/download/ps2-redump-usa-chd-part-R/Reel Fishing III (USA).chd;;JOGO_EXISTE_OUTRO_LINK;Existe no banco (rom_id 377139, source 1): https://huggingface.co/datasets/luisluis123/ps2chd/resolve/main/Reel Fishing III (USA).chd
ps2_chd0.html;Reign of Fire.chd;https://archive.org/download/ps2-redump-usa-chd-part-R/Reign of Fire (USA).chd;;JOGO_EXISTE_OUTRO_LINK;Existe no banco (rom_id 377140, source 1): https://huggingface.co/datasets/luisluis123/ps2chd/resolve/main/Reign of Fire (USA).chd
ps2_chd0.html;Reservoir Dogs.chd;https://archive.org/download/ps2-redump-usa-chd-part-R/Reservoir Dogs (USA) (En,Fr,Es).chd;;JOGO_EXISTE_OUTRO_LINK;Existe no banco (rom_id 377141, source 1): https://huggingface.co/datasets/luisluis123/ps2chd/resolve/main/Reservoir Dogs (USA) (En,Fr,Es).chd
ps2_chd0.html;Resident Evil - Code - Veronica X.chd;https://archive.org/download/ps2-redump-usa-chd-part-R/Resident Evil - Code - Veronica X (USA).chd;;JOGO_EXISTE_OUTRO_LINK;Existe no banco (rom_id 377142, source 1): https://huggingface.co/datasets/luisluis123/ps2chd/resolve/main/Resident Evil - Code - Veronica X (USA).chd
ps2_chd0.html;Resident Evil - Dead Aim.chd;https://archive.org/download/ps2-redump-usa-chd-part-R/Resident Evil - Dead Aim (USA).chd;;JOGO_EXISTE_OUTRO_LINK;Existe no banco (rom_id 377143, source 1): https://huggingface.co/datasets/luisluis123/ps2chd/resolve/main/Resident Evil - Dead Aim (USA).chd
ps2_chd0.html;Resident Evil - Outbreak - File 2.chd;https://archive.org/download/ps2-redump-usa-chd-part-R/Resident Evil - Outbreak - File 2 (USA).chd;;JOGO_EXISTE_OUTRO_LINK;Existe no banco (rom_id 377146, source 1): https://huggingface.co/datasets/luisluis123/ps2chd/resolve/main/Resident Evil - Outbreak - File 2 (USA).chd
ps2_chd0.html;Resident Evil - Outbreak.chd;https://archive.org/download/ps2-redump-usa-chd-part-R/Resident Evil - Outbreak (USA) (v2.00).chd;;JOGO_EXISTE_OUTRO_LINK;Existe no banco (rom_id 377144, source 1): https://huggingface.co/datasets/luisluis123/ps2chd/resolve/main/Resident Evil - Outbreak (USA) (v1.01).chd
ps2_chd0.html;Resident Evil 4.chd;https://archive.org/download/ps2-redump-usa-chd-part-R/Resident Evil 4 (USA).chd;;JOGO_EXISTE_OUTRO_LINK;Existe no banco (rom_id 377147, source 1): https://huggingface.co/datasets/luisluis123/ps2chd/resolve/main/Resident Evil 4 (USA).chd
ps2_chd0.html;Return to Castle Wolfenstein - Operation Resurrection.chd;https://archive.org/download/ps2-redump-usa-chd-part-R/Return to Castle Wolfenstein - Operation Resurrection (USA).chd;;JOGO_EXISTE_OUTRO_LINK;Existe no banco (rom_id 377148, source 1): https://huggingface.co/datasets/luisluis123/ps2chd/resolve/main/Return to Castle Wolfenstein - Operation Resurrection (USA).chd
ps2_chd0.html;Rez.chd;https://archive.org/download/ps2-redump-usa-chd-part-R/Rez (USA) (En,Fr,De,Es,It).chd;;JOGO_EXISTE_OUTRO_LINK;Existe no banco (rom_id 377149, source 1): https://huggingface.co/datasets/luisluis123/ps2chd/resolve/main/Rez (USA) (En,Fr,De,Es,It).chd
ps2_chd0.html;Ribbit King.chd;https://archive.org/download/ps2-redump-usa-chd-part-R/Ribbit King (USA) (En,Es).chd;;JOGO_EXISTE_OUTRO_LINK;Existe no banco (rom_id 377150, source 1): https://huggingface.co/datasets/luisluis123/ps2chd/resolve/main/Ribbit King (USA) (En,Es).chd
ps2_chd0.html;Ridge Racer V.chd;https://archive.org/download/ps2-redump-usa-chd-part-R/Ridge Racer V (USA).chd;;JOGO_EXISTE_OUTRO_LINK;Existe no banco (rom_id 377151, source 1): https://huggingface.co/datasets/luisluis123/ps2chd/resolve/main/Ridge Racer V (USA).chd
ps2_chd0.html;Riding Star.chd;https://archive.org/download/ps2-redump-usa-chd-part-R/Riding Star (USA) (En,Fr,Es).chd;;JOGO_EXISTE_OUTRO_LINK;Existe no banco (rom_id 377152, source 1): https://huggingface.co/datasets/luisluis123/ps2chd/resolve/main/Riding Star (USA) (En,Fr,Es).chd
ps2_chd0.html;Ring of Red.chd;https://archive.org/download/ps2-redump-usa-chd-part-R/Ring of Red (USA).chd;;JOGO_EXISTE_OUTRO_LINK;Existe no banco (rom_id 377153, source 1): https://huggingface.co/datasets/luisluis123/ps2chd/resolve/main/Ring of Red (USA).chd
ps2_chd0.html;Rise of the Kasai.chd;https://archive.org/download/ps2-redump-usa-chd-part-R/Rise of the Kasai (USA).chd;;JOGO_EXISTE_OUTRO_LINK;Existe no banco (rom_id 377154, source 1): https://huggingface.co/datasets/luisluis123/ps2chd/resolve/main/Rise of the Kasai (USA).chd
ps2_chd0.html;Risk - Global Domination.chd;https://archive.org/download/ps2-redump-usa-chd-part-R/Risk - Global Domination (USA).chd;;JOGO_EXISTE_OUTRO_LINK;Existe no banco (rom_id 377155, source 1): https://huggingface.co/datasets/luisluis123/ps2chd/resolve/main/Risk - Global Domination (USA).chd
ps2_chd0.html;River King - A Wonderful Journey.chd;https://archive.org/download/ps2-redump-usa-chd-part-R/River King - A Wonderful Journey (USA).chd;;JOGO_EXISTE_OUTRO_LINK;Existe no banco (rom_id 377156, source 1): https://huggingface.co/datasets/luisluis123/ps2chd/resolve/main/River King - A Wonderful Journey (USA).chd
ps2_chd0.html;RLH - Run Like Hell.chd;https://archive.org/download/ps2-redump-usa-chd-part-R/RLH - Run Like Hell (USA).chd;;JOGO_EXISTE_OUTRO_LINK;Existe no banco (rom_id 377105, source 1): https://huggingface.co/datasets/luisluis123/ps2chd/resolve/main/RLH - Run Like Hell (USA).chd
ps2_chd0.html;Road Trip.chd;https://archive.org/download/ps2-redump-usa-chd-part-R/Road Trip (USA).chd;;JOGO_EXISTE_OUTRO_LINK;Existe no banco (rom_id 377157, source 1): https://huggingface.co/datasets/luisluis123/ps2chd/resolve/main/Road Trip (USA).chd
ps2_chd0.html;RoadKill.chd;https://archive.org/download/ps2-redump-usa-chd-part-R/RoadKill (USA).chd;;JOGO_EXISTE_OUTRO_LINK;Existe no banco (rom_id 377158, source 1): https://huggingface.co/datasets/luisluis123/ps2chd/resolve/main/RoadKill (USA).chd
ps2_chd0.html;Robin Hood - Defender of the Crown.chd;https://archive.org/download/ps2-redump-usa-chd-part-R/Robin Hood - Defender of the Crown (USA).chd;;JOGO_EXISTE_OUTRO_LINK;Existe no banco (rom_id 377159, source 1): https://huggingface.co/datasets/luisluis123/ps2chd/resolve/main/Robin Hood - Defender of the Crown (USA).chd
ps2_chd0.html;Robot Alchemic Drive.chd;https://archive.org/download/ps2-redump-usa-chd-part-R/Robot Alchemic Drive (USA).chd;;JOGO_EXISTE_OUTRO_LINK;Existe no banco (rom_id 377160, source 1): https://huggingface.co/datasets/luisluis123/ps2chd/resolve/main/Robot Alchemic Drive (USA).chd
ps2_chd0.html;Robotech - Battlecry.chd;https://archive.org/download/ps2-redump-usa-chd-part-R/Robotech - Battlecry (USA).chd;;JOGO_EXISTE_OUTRO_LINK;Existe no banco (rom_id 377161, source 1): https://huggingface.co/datasets/luisluis123/ps2chd/resolve/main/Robotech - Battlecry (USA).chd
ps2_chd0.html;Robotech - Invasion.chd;https://archive.org/download/ps2-redump-usa-chd-part-R/Robotech - Invasion (USA).chd;;JOGO_EXISTE_OUTRO_LINK;Existe no banco (rom_id 377162, source 1): https://huggingface.co/datasets/luisluis123/ps2chd/resolve/main/Robotech - Invasion (USA).chd
ps2_chd0.html;Robots.chd;https://archive.org/download/ps2-redump-usa-chd-part-R/Robots (USA).chd;;JOGO_EXISTE_OUTRO_LINK;Existe no banco (rom_id 377163, source 1): https://huggingface.co/datasets/luisluis123/ps2chd/resolve/main/Robots (USA).chd
ps2_chd0.html;Rock Band - Country Track Pack.chd;https://archive.org/download/ps2-redump-usa-chd-part-R/Rock Band - Country Track Pack (USA).chd;;JOGO_EXISTE_OUTRO_LINK;Existe no banco (rom_id 377165, source 1): https://huggingface.co/datasets/luisluis123/ps2chd/resolve/main/Rock Band - Country Track Pack (USA).chd
ps2_chd0.html;Rock Band - Metal Track Pack.chd;https://archive.org/download/ps2-redump-usa-chd-part-R/Rock Band - Metal Track Pack (USA).chd;;JOGO_EXISTE_OUTRO_LINK;Existe no banco (rom_id 377166, source 1): https://huggingface.co/datasets/luisluis123/ps2chd/resolve/main/Rock Band - Metal Track Pack (USA).chd
ps2_chd0.html;Rock Band - Track Pack Volume 1.chd;https://archive.org/download/ps2-redump-usa-chd-part-R/Rock Band - Track Pack Volume 1 (USA).chd;;JOGO_EXISTE_OUTRO_LINK;Existe no banco (rom_id 377167, source 1): https://huggingface.co/datasets/luisluis123/ps2chd/resolve/main/Rock Band - Track Pack Volume 1 (USA).chd
ps2_chd0.html;Rock Band - Track Pack Volume 2.chd;https://archive.org/download/ps2-redump-usa-chd-part-R/Rock Band - Track Pack Volume 2 (USA).chd;;JOGO_EXISTE_OUTRO_LINK;Existe no banco (rom_id 377168, source 1): https://huggingface.co/datasets/luisluis123/ps2chd/resolve/main/Rock Band - Track Pack Volume 2 (USA).chd
ps2_chd0.html;Rock Band 2.chd;https://archive.org/download/ps2-redump-usa-chd-part-R/Rock Band 2 (USA).chd;;JOGO_EXISTE_OUTRO_LINK;Existe no banco (rom_id 377169, source 1): https://huggingface.co/datasets/luisluis123/ps2chd/resolve/main/Rock Band 2 (USA).chd
ps2_chd0.html;Rock Band Track Pack - Classic Rock.chd;https://archive.org/download/ps2-redump-usa-chd-part-R/Rock Band Track Pack - Classic Rock (USA).chd;;JOGO_EXISTE_OUTRO_LINK;Existe no banco (rom_id 377170, source 1): https://huggingface.co/datasets/luisluis123/ps2chd/resolve/main/Rock Band Track Pack - Classic Rock (USA).chd
ps2_chd0.html;Rock Band.chd;https://archive.org/download/ps2-redump-usa-chd-part-R/Rock Band (USA).chd;;JOGO_EXISTE_OUTRO_LINK;Existe no banco (rom_id 377164, source 1): https://huggingface.co/datasets/luisluis123/ps2chd/resolve/main/Rock Band (USA).chd
ps2_chd0.html;Rocky Legends.chd;https://archive.org/download/ps2-redump-usa-chd-part-R/Rocky Legends (USA).chd;;JOGO_EXISTE_OUTRO_LINK;Existe no banco (rom_id 377172, source 1): https://huggingface.co/datasets/luisluis123/ps2chd/resolve/main/Rocky Legends (USA).chd
ps2_chd0.html;Rocky.chd;https://archive.org/download/ps2-redump-usa-chd-part-R/Rocky (USA).chd;;JOGO_EXISTE_OUTRO_LINK;Existe no banco (rom_id 377171, source 1): https://huggingface.co/datasets/luisluis123/ps2chd/resolve/main/Rocky (USA).chd
ps2_chd0.html;Rogue Galaxy.chd;https://archive.org/download/ps2-redump-usa-chd-part-R/Rogue Galaxy (USA).chd;;JOGO_EXISTE_OUTRO_LINK;Existe no banco (rom_id 377173, source 1): https://huggingface.co/datasets/luisluis123/ps2chd/resolve/main/Rogue Galaxy (USA).chd
ps2_chd0.html;Rogue Ops.chd;https://archive.org/download/ps2-redump-usa-chd-part-R/Rogue Ops (USA).chd;;JOGO_EXISTE_OUTRO_LINK;Existe no banco (rom_id 377174, source 1): https://huggingface.co/datasets/luisluis123/ps2chd/resolve/main/Rogue Ops (USA).chd
ps2_chd0.html;Rogue Trooper.chd;https://archive.org/download/ps2-redump-usa-chd-part-R/Rogue Trooper (USA).chd;;JOGO_EXISTE_OUTRO_LINK;Existe no banco (rom_id 377175, source 1): https://huggingface.co/datasets/luisluis123/ps2chd/resolve/main/Rogue Trooper (USA).chd
ps2_chd0.html;Romance of the Three Kingdoms IX.chd;https://archive.org/download/ps2-redump-usa-chd-part-R/Romance of the Three Kingdoms IX (USA).chd;;JOGO_EXISTE_OUTRO_LINK;Existe no banco (rom_id 377176, source 1): https://huggingface.co/datasets/luisluis123/ps2chd/resolve/main/Romance of the Three Kingdoms IX (USA).chd
ps2_chd0.html;Romance of the Three Kingdoms VII.chd;https://archive.org/download/ps2-redump-usa-chd-part-R/Romance of the Three Kingdoms VII (USA).chd;;JOGO_EXISTE_OUTRO_LINK;Existe no banco (rom_id 377177, source 1): https://huggingface.co/datasets/luisluis123/ps2chd/resolve/main/Romance of the Three Kingdoms VII (USA).chd
ps2_chd0.html;Romance of the Three Kingdoms VIII.chd;https://archive.org/download/ps2-redump-usa-chd-part-R/Romance of the Three Kingdoms VIII (USA).chd;;JOGO_EXISTE_OUTRO_LINK;Existe no banco (rom_id 377178, source 1): https://huggingface.co/datasets/luisluis123/ps2chd/resolve/main/Romance of the Three Kingdoms VIII (USA).chd
ps2_chd0.html;Romance of the Three Kingdoms X.chd;https://archive.org/download/ps2-redump-usa-chd-part-R/Romance of the Three Kingdoms X (USA).chd;;JOGO_EXISTE_OUTRO_LINK;Existe no banco (rom_id 377179, source 1): https://huggingface.co/datasets/luisluis123/ps2chd/resolve/main/Romance of the Three Kingdoms X (USA).chd
ps2_chd0.html;Romance of the Three Kingdoms XI.chd;https://archive.org/download/ps2-redump-usa-chd-part-R/Romance of the Three Kingdoms XI (USA).chd;;JOGO_EXISTE_OUTRO_LINK;Existe no banco (rom_id 377180, source 1): https://huggingface.co/datasets/luisluis123/ps2chd/resolve/main/Romance of the Three Kingdoms XI (USA).chd
ps2_chd0.html;Romancing SaGa.chd;https://archive.org/download/ps2-redump-usa-chd-part-R/Romancing SaGa (USA).chd;;JOGO_EXISTE_OUTRO_LINK;Existe no banco (rom_id 377181, source 1): https://huggingface.co/datasets/luisluis123/ps2chd/resolve/main/Romancing SaGa (USA).chd
ps2_chd0.html;RPG Maker 3.chd;https://archive.org/download/ps2-redump-usa-chd-part-R/RPG Maker 3 (USA).chd;;JOGO_EXISTE_OUTRO_LINK;Existe no banco (rom_id 377106, source 1): https://huggingface.co/datasets/luisluis123/ps2chd/resolve/main/RPG Maker 3 (USA).chd
ps2_chd0.html;RPG Maker II.chd;https://archive.org/download/ps2-redump-usa-chd-part-R/RPG Maker II (USA).chd;;JOGO_EXISTE_OUTRO_LINK;Existe no banco (rom_id 377107, source 1): https://huggingface.co/datasets/luisluis123/ps2chd/resolve/main/RPG Maker II (USA).chd
ps2_chd0.html;RS - Riding Spirits.chd;https://archive.org/download/ps2-redump-usa-chd-part-R/RS - Riding Spirits (USA).chd;2.10 GiB;JOGO_EXISTE_OUTRO_LINK;Existe no banco (rom_id 377108, source 1): https://huggingface.co/datasets/luisluis123/ps2chd/resolve/main/RS - Riding Spirits (USA).chd
ps2_chd0.html;RTL Biathlon 2008.chd;https://archive.org/download/ps2-redump-usa-chd-part-R/RTL Biathlon 2008 (USA) (En,Fr).chd;467.69 MiB;JOGO_EXISTE_OUTRO_LINK;Existe no banco (rom_id 377109, source 1): https://huggingface.co/datasets/luisluis123/ps2chd/resolve/main/RTL Biathlon 2008 (USA) (En,Fr).chd
ps2_chd0.html;RTX - Red Rock.chd;https://archive.org/download/ps2-redump-usa-chd-part-R/RTX - Red Rock (USA).chd;;JOGO_EXISTE_OUTRO_LINK;Existe no banco (rom_id 377110, source 1): https://huggingface.co/datasets/luisluis123/ps2chd/resolve/main/RTX - Red Rock (USA).chd
ps2_chd0.html;Ruff Trigger - The Vanocore Conspiracy.chd;https://archive.org/download/ps2-redump-usa-chd-part-R/Ruff Trigger - The Vanocore Conspiracy (USA).chd;;JOGO_EXISTE_OUTRO_LINK;Existe no banco (rom_id 377182, source 1): https://huggingface.co/datasets/luisluis123/ps2chd/resolve/main/Ruff Trigger - The Vanocore Conspiracy (USA).chd
ps2_chd0.html;Rugby 06.chd;https://archive.org/download/ps2-redump-usa-chd-part-R/Rugby 06 (USA).chd;;JOGO_EXISTE_OUTRO_LINK;Existe no banco (rom_id 377184, source 1): https://huggingface.co/datasets/luisluis123/ps2chd/resolve/main/Rugby 06 (USA).chd
ps2_chd0.html;Rugby 08.chd;https://archive.org/download/ps2-redump-usa-chd-part-R/Rugby 08 (USA).chd;;JOGO_EXISTE_OUTRO_LINK;Existe no banco (rom_id 377185, source 1): https://huggingface.co/datasets/luisluis123/ps2chd/resolve/main/Rugby 08 (USA).chd
ps2_chd0.html;Rugby 2004.chd;https://archive.org/download/ps2-redump-usa-chd-part-R/Rugby 2004 (USA).chd;;JOGO_EXISTE_OUTRO_LINK;Existe no banco (rom_id 377186, source 1): https://huggingface.co/datasets/luisluis123/ps2chd/resolve/main/Rugby 2004 (USA).chd
ps2_chd0.html;Rugby 2005.chd;https://archive.org/download/ps2-redump-usa-chd-part-R/Rugby 2005 (USA).chd;;JOGO_EXISTE_OUTRO_LINK;Existe no banco (rom_id 377187, source 1): https://huggingface.co/datasets/luisluis123/ps2chd/resolve/main/Rugby 2005 (USA).chd
ps2_chd0.html;Rugby.chd;https://archive.org/download/ps2-redump-usa-chd-part-R/Rugby (USA).chd;;JOGO_EXISTE_OUTRO_LINK;Existe no banco (rom_id 377183, source 1): https://huggingface.co/datasets/luisluis123/ps2chd/resolve/main/Rugby (USA).chd
ps2_chd0.html;Rule of Rose.chd;https://archive.org/download/ps2-redump-usa-chd-part-R/Rule of Rose (USA).chd;;JOGO_EXISTE_OUTRO_LINK;Existe no banco (rom_id 377188, source 1): https://huggingface.co/datasets/luisluis123/ps2chd/resolve/main/Rule of Rose (USA).chd
ps2_chd0.html;Rumble Racing.chd;https://archive.org/download/ps2-redump-usa-chd-part-R/Rumble Racing (USA).chd;;JOGO_EXISTE_OUTRO_LINK;Existe no banco (rom_id 377189, source 1): https://huggingface.co/datasets/luisluis123/ps2chd/resolve/main/Rumble Racing (USA).chd
ps2_chd0.html;Rumble Roses.chd;https://archive.org/download/ps2-redump-usa-chd-part-R/Rumble Roses (USA).chd;;JOGO_EXISTE_OUTRO_LINK;Existe no banco (rom_id 377190, source 1): https://huggingface.co/datasets/luisluis123/ps2chd/resolve/main/Rumble Roses (USA).chd
ps2_chd0.html;Rune - Viking Warlord.chd;https://archive.org/download/ps2-redump-usa-chd-part-R/Rune - Viking Warlord (USA).chd;;JOGO_EXISTE_OUTRO_LINK;Existe no banco (rom_id 377191, source 1): https://huggingface.co/datasets/luisluis123/ps2chd/resolve/main/Rune - Viking Warlord (USA).chd
ps2_chd0.html;Rygar - The Legendary Adventure.chd;https://archive.org/download/ps2-redump-usa-chd-part-R/Rygar - The Legendary Adventure (USA).chd;;JOGO_EXISTE_OUTRO_LINK;Existe no banco (rom_id 377192, source 1): https://huggingface.co/datasets/luisluis123/ps2chd/resolve/main/Rygar - The Legendary Adventure (USA).chd
ps2_chd0.html;S.L.A.I. - Steel Lancer Arena International.chd;https://archive.org/download/ps2-redump-usa-chd-part-S/S.L.A.I. - Steel Lancer Arena International (USA).chd;1.49 GiB;JOGO_EXISTE_OUTRO_LINK;Existe no banco (rom_id 377193, source 1): https://huggingface.co/datasets/luisluis123/ps2chd/resolve/main/S.L.A.I. - Steel Lancer Arena International (USA).chd
ps2_chd0.html;Sakura Wars - So Long, My Love (Disc 1).chd;https://archive.org/download/ps2-redump-usa-chd-part-S/Sakura Wars - So Long, My Love (USA) (Disc 1) (English Voice Over).chd;;JOGO_EXISTE_OUTRO_LINK;Existe no banco (rom_id 377210, source 1): https://huggingface.co/datasets/luisluis123/ps2chd/resolve/main/Sakura Wars - So Long, My Love (USA) (Disc 1) (English Voice Over).chd
ps2_chd0.html;Sakura Wars - So Long, My Love (Disc 2).chd;https://archive.org/download/ps2-redump-usa-chd-part-S/Sakura Wars - So Long, My Love (USA) (Disc 2) (Japanese Voice Over).chd;;JOGO_EXISTE_OUTRO_LINK;Existe no banco (rom_id 377210, source 1): https://huggingface.co/datasets/luisluis123/ps2chd/resolve/main/Sakura Wars - So Long, My Love (USA) (Disc 1) (English Voice Over).chd
ps2_chd0.html;Salt Lake 2002.chd;https://archive.org/download/ps2-redump-usa-chd-part-S/Salt Lake 2002 (USA).chd;;JOGO_EXISTE_OUTRO_LINK;Existe no banco (rom_id 377212, source 1): https://huggingface.co/datasets/luisluis123/ps2chd/resolve/main/Salt Lake 2002 (USA).chd
ps2_chd0.html;Samurai Champloo - Sidetracked.chd;https://archive.org/download/ps2-redump-usa-chd-part-S/Samurai Champloo - Sidetracked (USA).chd;;JOGO_EXISTE_OUTRO_LINK;Existe no banco (rom_id 377213, source 1): https://huggingface.co/datasets/luisluis123/ps2chd/resolve/main/Samurai Champloo - Sidetracked (USA).chd
ps2_chd0.html;Samurai Jack - The Shadow of Aku.chd;https://archive.org/download/ps2-redump-usa-chd-part-S/Samurai Jack - The Shadow of Aku (USA).chd;;JOGO_EXISTE_OUTRO_LINK;Existe no banco (rom_id 377214, source 1): https://huggingface.co/datasets/luisluis123/ps2chd/resolve/main/Samurai Jack - The Shadow of Aku (USA).chd
ps2_chd0.html;Samurai Shodown Anthology.chd;https://archive.org/download/ps2-redump-usa-chd-part-S/Samurai Shodown Anthology (USA).chd;;JOGO_EXISTE_OUTRO_LINK;Existe no banco (rom_id 377215, source 1): https://huggingface.co/datasets/luisluis123/ps2chd/resolve/main/Samurai Shodown Anthology (USA).chd
ps2_chd0.html;Samurai Warriors - Xtreme Legends.chd;https://archive.org/download/ps2-redump-usa-chd-part-S/Samurai Warriors - Xtreme Legends (USA).chd;;JOGO_EXISTE_OUTRO_LINK;Existe no banco (rom_id 377217, source 1): https://huggingface.co/datasets/luisluis123/ps2chd/resolve/main/Samurai Warriors - Xtreme Legends (USA).chd
ps2_chd0.html;Samurai Warriors 2 - Empires.chd;https://archive.org/download/ps2-redump-usa-chd-part-S/Samurai Warriors 2 - Empires (USA).chd;;JOGO_EXISTE_OUTRO_LINK;Existe no banco (rom_id 377219, source 1): https://huggingface.co/datasets/luisluis123/ps2chd/resolve/main/Samurai Warriors 2 - Empires (USA).chd
ps2_chd0.html;Samurai Warriors 2 - Xtreme Legends.chd;https://archive.org/download/ps2-redump-usa-chd-part-S/Samurai Warriors 2 - Xtreme Legends (USA).chd;;JOGO_EXISTE_OUTRO_LINK;Existe no banco (rom_id 377220, source 1): https://huggingface.co/datasets/luisluis123/ps2chd/resolve/main/Samurai Warriors 2 - Xtreme Legends (USA).chd
ps2_chd0.html;Samurai Warriors 2.chd;https://archive.org/download/ps2-redump-usa-chd-part-S/Samurai Warriors 2 (USA).chd;;JOGO_EXISTE_OUTRO_LINK;Existe no banco (rom_id 377218, source 1): https://huggingface.co/datasets/luisluis123/ps2chd/resolve/main/Samurai Warriors 2 (USA).chd
ps2_chd0.html;Samurai Warriors.chd;https://archive.org/download/ps2-redump-usa-chd-part-S/Samurai Warriors (USA).chd;;JOGO_EXISTE_OUTRO_LINK;Existe no banco (rom_id 377216, source 1): https://huggingface.co/datasets/luisluis123/ps2chd/resolve/main/Samurai Warriors (USA).chd
ps2_chd0.html;Samurai Western.chd;https://archive.org/download/ps2-redump-usa-chd-part-S/Samurai Western (USA).chd;;JOGO_EXISTE_OUTRO_LINK;Existe no banco (rom_id 377221, source 1): https://huggingface.co/datasets/luisluis123/ps2chd/resolve/main/Samurai Western (USA).chd
ps2_chd0.html;Saturday Night Speedway.chd;https://archive.org/download/ps2-redump-usa-chd-part-S/Saturday Night Speedway (USA).chd;;JOGO_EXISTE_OUTRO_LINK;Existe no banco (rom_id 377222, source 1): https://huggingface.co/datasets/luisluis123/ps2chd/resolve/main/Saturday Night Speedway (USA).chd
ps2_chd0.html;Savage Skies.chd;https://archive.org/download/ps2-redump-usa-chd-part-S/Savage Skies (USA).chd;;JOGO_EXISTE_OUTRO_LINK;Existe no banco (rom_id 377223, source 1): https://huggingface.co/datasets/luisluis123/ps2chd/resolve/main/Savage Skies (USA).chd
ps2_chd0.html;SBK - Superbike World Championship.chd;https://archive.org/download/ps2-redump-usa-chd-part-S/SBK - Superbike World Championship (USA).chd;;JOGO_EXISTE_OUTRO_LINK;Existe no banco (rom_id 377194, source 1): https://huggingface.co/datasets/luisluis123/ps2chd/resolve/main/SBK - Superbike World Championship (USA).chd
ps2_chd0.html;Scaler.chd;https://archive.org/download/ps2-redump-usa-chd-part-S/Scaler (USA) (En,Fr).chd;786.82 MiB;JOGO_EXISTE_OUTRO_LINK;Existe no banco (rom_id 377224, source 1): https://huggingface.co/datasets/luisluis123/ps2chd/resolve/main/Scaler (USA) (En,Fr).chd
ps2_chd0.html;Scarface - The World Is Yours.chd;https://archive.org/download/ps2-redump-usa-chd-part-S/Scarface - The World Is Yours (USA).chd;;JOGO_EXISTE_OUTRO_LINK;Existe no banco (rom_id 377225, source 1): https://huggingface.co/datasets/luisluis123/ps2chd/resolve/main/Scarface - The World Is Yours (USA).chd
ps2_chd0.html;Scooby-Doo! and the Spooky Swamp.chd;https://archive.org/download/ps2-redump-usa-chd-part-S/Scooby-Doo! and the Spooky Swamp (USA) (En,Fr,Es).chd;;JOGO_EXISTE_OUTRO_LINK;Existe no banco (rom_id 377230, source 1): https://huggingface.co/datasets/luisluis123/ps2chd/resolve/main/Scooby-Doo! and the Spooky Swamp (USA) (En,Fr,Es).chd
ps2_chd0.html;Scooby-Doo! First Frights.chd;https://archive.org/download/ps2-redump-usa-chd-part-S/Scooby-Doo! First Frights (USA) (En,Fr,Es).chd;;JOGO_EXISTE_OUTRO_LINK;Existe no banco (rom_id 377226, source 1): https://huggingface.co/datasets/luisluis123/ps2chd/resolve/main/Scooby-Doo! First Frights (USA) (En,Fr,Es).chd
ps2_chd0.html;Scooby-Doo! Mystery Mayhem.chd;https://archive.org/download/ps2-redump-usa-chd-part-S/Scooby-Doo! Mystery Mayhem (USA) (En,Fr).chd;;JOGO_EXISTE_OUTRO_LINK;Existe no banco (rom_id 377227, source 1): https://huggingface.co/datasets/luisluis123/ps2chd/resolve/main/Scooby-Doo! Mystery Mayhem (USA) (En,Fr).chd
ps2_chd0.html;Scooby-Doo! Night of 100 Frights.chd;https://archive.org/download/ps2-redump-usa-chd-part-S/Scooby-Doo! Night of 100 Frights (USA).chd;;JOGO_EXISTE_OUTRO_LINK;Existe no banco (rom_id 377228, source 1): https://huggingface.co/datasets/luisluis123/ps2chd/resolve/main/Scooby-Doo! Night of 100 Frights (USA).chd
ps2_chd0.html;Scooby-Doo! Unmasked.chd;https://archive.org/download/ps2-redump-usa-chd-part-S/Scooby-Doo! Unmasked (USA) (En,Fr).chd;;JOGO_EXISTE_OUTRO_LINK;Existe no banco (rom_id 377229, source 1): https://huggingface.co/datasets/luisluis123/ps2chd/resolve/main/Scooby-Doo! Unmasked (USA) (En,Fr).chd
ps2_chd0.html;Score International Baja 1000 - The Official Game.chd;https://archive.org/download/ps2-redump-usa-chd-part-S/Score International Baja 1000 - The Official Game (USA).chd;1.45 GiB;JOGO_EXISTE_OUTRO_LINK;Existe no banco (rom_id 377231, source 1): https://huggingface.co/datasets/luisluis123/ps2chd/resolve/main/Score International Baja 1000 - The Official Game (USA).chd
ps2_chd0.html;Scorpion King, The - Rise of the Akkadian.chd;https://archive.org/download/ps2-redump-usa-chd-part-S/Scorpion King, The - Rise of the Akkadian (USA).chd;833.47 MiB;JOGO_EXISTE_OUTRO_LINK;Existe no banco (rom_id 377232, source 1): https://huggingface.co/datasets/luisluis123/ps2chd/resolve/main/Scorpion King, The - Rise of the Akkadian (USA).chd
ps2_chd0.html;SD Gundam Force - Showdown!.chd;https://archive.org/download/ps2-redump-usa-chd-part-S/SD Gundam Force - Showdown! (USA).chd;;JOGO_EXISTE_OUTRO_LINK;Existe no banco (rom_id 377195, source 1): https://huggingface.co/datasets/luisluis123/ps2chd/resolve/main/SD Gundam Force - Showdown! (USA).chd
ps2_chd0.html;Sea Monsters - A Prehistoric Adventure.chd;https://archive.org/download/ps2-redump-usa-chd-part-S/Sea Monsters - A Prehistoric Adventure (USA).chd;;JOGO_EXISTE_OUTRO_LINK;Existe no banco (rom_id 377233, source 1): https://huggingface.co/datasets/luisluis123/ps2chd/resolve/main/Sea Monsters - A Prehistoric Adventure (USA).chd
ps2_chd0.html;SeaWorld Adventure Parks - Shamu's Deep Sea Adventures.chd;https://archive.org/download/ps2-redump-usa-chd-part-S/SeaWorld Adventure Parks - Shamu's Deep Sea Adventures (USA).chd;813.09 MiB;JOGO_EXISTE_OUTRO_LINK;Existe no banco (rom_id 377234, source 1): https://huggingface.co/datasets/luisluis123/ps2chd/resolve/main/SeaWorld Adventure Parks - Shamu's Deep Sea Adventures (USA).chd
ps2_chd0.html;Second Sight.chd;https://archive.org/download/ps2-redump-usa-chd-part-S/Second Sight (USA).chd;;JOGO_EXISTE_OUTRO_LINK;Existe no banco (rom_id 377235, source 1): https://huggingface.co/datasets/luisluis123/ps2chd/resolve/main/Second Sight (USA).chd
ps2_chd0.html;Secret Agent Clank.chd;https://archive.org/download/ps2-redump-usa-chd-part-S/Secret Agent Clank (USA) (En,Fr,De,Es,It).chd;;JOGO_EXISTE_OUTRO_LINK;Existe no banco (rom_id 377236, source 1): https://huggingface.co/datasets/luisluis123/ps2chd/resolve/main/Secret Agent Clank (USA) (En,Fr,De,Es,It).chd
ps2_chd0.html;Secret Saturdays, The - Beasts of the 5th Sun.chd;https://archive.org/download/ps2-redump-usa-chd-part-S/Secret Saturdays, The - Beasts of the 5th Sun (USA) (En,Fr,De,Es,It).chd;1.21 GiB;JOGO_EXISTE_OUTRO_LINK;Existe no banco (rom_id 377237, source 1): https://huggingface.co/datasets/luisluis123/ps2chd/resolve/main/Secret Saturdays, The - Beasts of the 5th Sun (USA) (En,Fr,De,Es,It).chd
ps2_chd0.html;Secret Service.chd;https://archive.org/download/ps2-redump-usa-chd-part-S/Secret Service (USA).chd;;JOGO_EXISTE_OUTRO_LINK;Existe no banco (rom_id 377238, source 1): https://huggingface.co/datasets/luisluis123/ps2chd/resolve/main/Secret Service (USA).chd
ps2_chd0.html;Secret Weapons over Normandy.chd;https://archive.org/download/ps2-redump-usa-chd-part-S/Secret Weapons over Normandy (USA).chd;;JOGO_EXISTE_OUTRO_LINK;Existe no banco (rom_id 377239, source 1): https://huggingface.co/datasets/luisluis123/ps2chd/resolve/main/Secret Weapons over Normandy (USA).chd
ps2_chd0.html;Seek and Destroy.chd;https://archive.org/download/ps2-redump-usa-chd-part-S/Seek and Destroy (USA).chd;;JOGO_EXISTE_OUTRO_LINK;Existe no banco (rom_id 377240, source 1): https://huggingface.co/datasets/luisluis123/ps2chd/resolve/main/Seek and Destroy (USA).chd
ps2_chd0.html;Sega Bass Fishing Duel.chd;https://archive.org/download/ps2-redump-usa-chd-part-S/Sega Bass Fishing Duel (USA).chd;;JOGO_EXISTE_OUTRO_LINK;Existe no banco (rom_id 377241, source 1): https://huggingface.co/datasets/luisluis123/ps2chd/resolve/main/Sega Bass Fishing Duel (USA).chd
ps2_chd0.html;Sega Classics Collection.chd;https://archive.org/download/ps2-redump-usa-chd-part-S/Sega Classics Collection (USA).chd;;JOGO_EXISTE_OUTRO_LINK;Existe no banco (rom_id 377242, source 1): https://huggingface.co/datasets/luisluis123/ps2chd/resolve/main/Sega Classics Collection (USA).chd
ps2_chd0.html;Sega Genesis Collection.chd;https://archive.org/download/ps2-redump-usa-chd-part-S/Sega Genesis Collection (USA).chd;;JOGO_EXISTE_OUTRO_LINK;Existe no banco (rom_id 377243, source 1): https://huggingface.co/datasets/luisluis123/ps2chd/resolve/main/Sega Genesis Collection (USA).chd
ps2_chd0.html;Sega Soccer Slam.chd;https://archive.org/download/ps2-redump-usa-chd-part-S/Sega Soccer Slam (USA).chd;;JOGO_EXISTE_OUTRO_LINK;Existe no banco (rom_id 377244, source 1): https://huggingface.co/datasets/luisluis123/ps2chd/resolve/main/Sega Soccer Slam (USA).chd
ps2_chd0.html;Sega Sports Tennis.chd;https://archive.org/download/ps2-redump-usa-chd-part-S/Sega Sports Tennis (USA).chd;;JOGO_EXISTE_OUTRO_LINK;Existe no banco (rom_id 377245, source 1): https://huggingface.co/datasets/luisluis123/ps2chd/resolve/main/Sega Sports Tennis (USA).chd
ps2_chd0.html;Sega Superstars Tennis.chd;https://archive.org/download/ps2-redump-usa-chd-part-S/Sega Superstars Tennis (USA) (En,Fr,De,Es,It).chd;;JOGO_EXISTE_OUTRO_LINK;Existe no banco (rom_id 377247, source 1): https://huggingface.co/datasets/luisluis123/ps2chd/resolve/main/Sega Superstars Tennis (USA) (En,Fr,De,Es,It).chd
ps2_chd0.html;Sega Superstars.chd;https://archive.org/download/ps2-redump-usa-chd-part-S/Sega Superstars (USA).chd;;JOGO_EXISTE_OUTRO_LINK;Existe no banco (rom_id 377246, source 1): https://huggingface.co/datasets/luisluis123/ps2chd/resolve/main/Sega Superstars (USA).chd
ps2_chd0.html;Serious Sam - Next Encounter.chd;https://archive.org/download/ps2-redump-usa-chd-part-S/Serious Sam - Next Encounter (USA).chd;;JOGO_EXISTE_OUTRO_LINK;Existe no banco (rom_id 377248, source 1): https://huggingface.co/datasets/luisluis123/ps2chd/resolve/main/Serious Sam - Next Encounter (USA).chd
ps2_chd0.html;Seven Samurai 20XX.chd;https://archive.org/download/ps2-redump-usa-chd-part-S/Seven Samurai 20XX (USA).chd;;JOGO_EXISTE_OUTRO_LINK;Existe no banco (rom_id 377249, source 1): https://huggingface.co/datasets/luisluis123/ps2chd/resolve/main/Seven Samurai 20XX (USA).chd
ps2_chd0.html;Shadow Hearts - Covenant (Disc 1).chd;https://archive.org/download/ps2-redump-usa-chd-part-S/Shadow Hearts - Covenant (USA) (Disc 1).chd;;JOGO_EXISTE_OUTRO_LINK;Existe no banco (rom_id 377251, source 1): https://huggingface.co/datasets/luisluis123/ps2chd/resolve/main/Shadow Hearts - Covenant (USA) (Disc 1).chd
ps2_chd0.html;Shadow Hearts - Covenant (Disc 2).chd;https://archive.org/download/ps2-redump-usa-chd-part-S/Shadow Hearts - Covenant (USA) (Disc 2).chd;;JOGO_EXISTE_OUTRO_LINK;Existe no banco (rom_id 377251, source 1): https://huggingface.co/datasets/luisluis123/ps2chd/resolve/main/Shadow Hearts - Covenant (USA) (Disc 1).chd
ps2_chd0.html;Shadow Hearts - From the New World.chd;https://archive.org/download/ps2-redump-usa-chd-part-S/Shadow Hearts - From the New World (USA).chd;;JOGO_EXISTE_OUTRO_LINK;Existe no banco (rom_id 377253, source 1): https://huggingface.co/datasets/luisluis123/ps2chd/resolve/main/Shadow Hearts - From the New World (USA).chd
ps2_chd0.html;Shadow Hearts.chd;https://archive.org/download/ps2-redump-usa-chd-part-S/Shadow Hearts (USA).chd;;JOGO_EXISTE_OUTRO_LINK;Existe no banco (rom_id 377250, source 1): https://huggingface.co/datasets/luisluis123/ps2chd/resolve/main/Shadow Hearts (USA).chd
ps2_chd0.html;Shadow Man - 2econd Coming.chd;https://archive.org/download/ps2-redump-usa-chd-part-S/Shadow Man - 2econd Coming (USA).chd;;JOGO_EXISTE_OUTRO_LINK;Existe no banco (rom_id 377254, source 1): https://huggingface.co/datasets/luisluis123/ps2chd/resolve/main/Shadow Man - 2econd Coming (USA).chd
ps2_chd0.html;Shadow of Destiny.chd;https://archive.org/download/ps2-redump-usa-chd-part-S/Shadow of Destiny (USA).chd;;JOGO_EXISTE_OUTRO_LINK;Existe no banco (rom_id 377255, source 1): https://huggingface.co/datasets/luisluis123/ps2chd/resolve/main/Shadow of Destiny (USA).chd
ps2_chd0.html;Shadow of Rome.chd;https://archive.org/download/ps2-redump-usa-chd-part-S/Shadow of Rome (USA).chd;;JOGO_EXISTE_OUTRO_LINK;Existe no banco (rom_id 377256, source 1): https://huggingface.co/datasets/luisluis123/ps2chd/resolve/main/Shadow of Rome (USA).chd
ps2_chd0.html;Shadow of the Colossus.chd;https://archive.org/download/ps2-redump-usa-chd-part-S/Shadow of the Colossus (USA).chd;;JOGO_EXISTE_OUTRO_LINK;Existe no banco (rom_id 377257, source 1): https://huggingface.co/datasets/luisluis123/ps2chd/resolve/main/Shadow of the Colossus (USA).chd
ps2_chd0.html;Shadow the Hedgehog.chd;https://archive.org/download/ps2-redump-usa-chd-part-S/Shadow the Hedgehog (USA) (En,Ja,Fr,De,Es,It).chd;;JOGO_EXISTE_OUTRO_LINK;Existe no banco (rom_id 377258, source 1): https://huggingface.co/datasets/luisluis123/ps2chd/resolve/main/Shadow the Hedgehog (USA) (En,Ja,Fr,De,Es,It).chd
ps2_chd0.html;Shaun Palmer's Pro Snowboarder.chd;https://archive.org/download/ps2-redump-usa-chd-part-S/Shaun Palmer's Pro Snowboarder (USA).chd;;JOGO_EXISTE_OUTRO_LINK;Existe no banco (rom_id 377259, source 1): https://huggingface.co/datasets/luisluis123/ps2chd/resolve/main/Shaun Palmer's Pro Snowboarder (USA).chd
ps2_chd0.html;Shaun White Snowboarding.chd;https://archive.org/download/ps2-redump-usa-chd-part-S/Shaun White Snowboarding (USA).chd;;JOGO_EXISTE_OUTRO_LINK;Existe no banco (rom_id 377260, source 1): https://huggingface.co/datasets/luisluis123/ps2chd/resolve/main/Shaun White Snowboarding (USA).chd
ps2_chd0.html;ShellShock - Nam '67.chd;https://archive.org/download/ps2-redump-usa-chd-part-S/ShellShock - Nam '67 (USA).chd;;JOGO_EXISTE_OUTRO_LINK;Existe no banco (rom_id 377261, source 1): https://huggingface.co/datasets/luisluis123/ps2chd/resolve/main/ShellShock - Nam '67 (USA).chd
ps2_chd0.html;Shepherd's Crossing.chd;https://archive.org/download/ps2-redump-usa-chd-part-S/Shepherd's Crossing (USA).chd;;JOGO_EXISTE_OUTRO_LINK;Existe no banco (rom_id 377262, source 1): https://huggingface.co/datasets/luisluis123/ps2chd/resolve/main/Shepherd's Crossing (USA).chd
ps2_chd0.html;Shield, The - The Game.chd;https://archive.org/download/ps2-redump-usa-chd-part-S/Shield, The - The Game (USA).chd;1.14 GiB;JOGO_EXISTE_OUTRO_LINK;Existe no banco (rom_id 377263, source 1): https://huggingface.co/datasets/luisluis123/ps2chd/resolve/main/Shield, The - The Game (USA).chd
ps2_chd0.html;Shifters.chd;https://archive.org/download/ps2-redump-usa-chd-part-S/Shifters (USA).chd;;JOGO_EXISTE_OUTRO_LINK;Existe no banco (rom_id 377264, source 1): https://huggingface.co/datasets/luisluis123/ps2chd/resolve/main/Shifters (USA).chd
ps2_chd0.html;Shin Megami Tensei - Devil Summoner - Raidou Kuzunoha vs. the Soulless Army.chd;https://archive.org/download/ps2-redump-usa-chd-part-S/Shin Megami Tensei - Devil Summoner - Raidou Kuzunoha vs. the Soulless Army (USA).chd;2.30 GiB;JOGO_EXISTE_OUTRO_LINK;Existe no banco (rom_id 377265, source 1): https://huggingface.co/datasets/luisluis123/ps2chd/resolve/main/Shin Megami Tensei - Devil Summoner - Raidou Kuzunoha vs. the Soulless Army (USA).chd
ps2_chd0.html;Shin Megami Tensei - Devil Summoner 2 - Raidou Kuzunoha vs. King Abaddon.chd;https://archive.org/download/ps2-redump-usa-chd-part-S/Shin Megami Tensei - Devil Summoner 2 - Raidou Kuzunoha vs. King Abaddon (USA).chd;2.76 GiB;JOGO_EXISTE_OUTRO_LINK;Existe no banco (rom_id 377266, source 1): https://huggingface.co/datasets/luisluis123/ps2chd/resolve/main/Shin Megami Tensei - Devil Summoner 2 - Raidou Kuzunoha vs. King Abaddon (USA).chd
ps2_chd0.html;Shin Megami Tensei - Digital Devil Saga 2.chd;https://archive.org/download/ps2-redump-usa-chd-part-S/Shin Megami Tensei - Digital Devil Saga 2 (USA).chd;;JOGO_EXISTE_OUTRO_LINK;Existe no banco (rom_id 377268, source 1): https://huggingface.co/datasets/luisluis123/ps2chd/resolve/main/Shin Megami Tensei - Digital Devil Saga 2 (USA).chd
ps2_chd0.html;Shin Megami Tensei - Digital Devil Saga.chd;https://archive.org/download/ps2-redump-usa-chd-part-S/Shin Megami Tensei - Digital Devil Saga (USA).chd;;JOGO_EXISTE_OUTRO_LINK;Existe no banco (rom_id 377267, source 1): https://huggingface.co/datasets/luisluis123/ps2chd/resolve/main/Shin Megami Tensei - Digital Devil Saga (USA).chd
ps2_chd0.html;Shin Megami Tensei - Nocturne.chd;https://archive.org/download/ps2-redump-usa-chd-part-S/Shin Megami Tensei - Nocturne (USA).chd;;JOGO_EXISTE_OUTRO_LINK;Existe no banco (rom_id 377269, source 1): https://huggingface.co/datasets/luisluis123/ps2chd/resolve/main/Shin Megami Tensei - Nocturne (USA).chd
ps2_chd0.html;Shin Megami Tensei - Persona 3 FES.chd;https://archive.org/download/ps2-redump-usa-chd-part-S/Shin Megami Tensei - Persona 3 FES (USA).chd;;JOGO_EXISTE_OUTRO_LINK;Existe no banco (rom_id 377271, source 1): https://huggingface.co/datasets/luisluis123/ps2chd/resolve/main/Shin Megami Tensei - Persona 3 FES (USA).chd
ps2_chd0.html;Shin Megami Tensei - Persona 3.chd;https://archive.org/download/ps2-redump-usa-chd-part-S/Shin Megami Tensei - Persona 3 (USA).chd;;JOGO_EXISTE_OUTRO_LINK;Existe no banco (rom_id 377270, source 1): https://huggingface.co/datasets/luisluis123/ps2chd/resolve/main/Shin Megami Tensei - Persona 3 (USA).chd
ps2_chd0.html;Shin Megami Tensei - Persona 4.chd;https://archive.org/download/ps2-redump-usa-chd-part-S/Shin Megami Tensei - Persona 4 (USA).chd;2.45 GiB;JOGO_EXISTE_OUTRO_LINK;Existe no banco (rom_id 377272, source 1): https://huggingface.co/datasets/luisluis123/ps2chd/resolve/main/Shin Megami Tensei - Persona 4 (USA).chd
ps2_chd0.html;Shining Force EXA.chd;https://archive.org/download/ps2-redump-usa-chd-part-S/Shining Force EXA (USA).chd;;JOGO_EXISTE_OUTRO_LINK;Existe no banco (rom_id 377273, source 1): https://huggingface.co/datasets/luisluis123/ps2chd/resolve/main/Shining Force EXA (USA).chd
ps2_chd0.html;Shining Force Neo.chd;https://archive.org/download/ps2-redump-usa-chd-part-S/Shining Force Neo (USA).chd;;JOGO_EXISTE_OUTRO_LINK;Existe no banco (rom_id 377274, source 1): https://huggingface.co/datasets/luisluis123/ps2chd/resolve/main/Shining Force Neo (USA).chd
ps2_chd0.html;Shining Tears.chd;https://archive.org/download/ps2-redump-usa-chd-part-S/Shining Tears (USA).chd;;JOGO_EXISTE_OUTRO_LINK;Existe no banco (rom_id 377275, source 1): https://huggingface.co/datasets/luisluis123/ps2chd/resolve/main/Shining Tears (USA).chd
ps2_chd0.html;Shinobi.chd;https://archive.org/download/ps2-redump-usa-chd-part-S/Shinobi (USA) (En,Ja).chd;;JOGO_EXISTE_OUTRO_LINK;Existe no banco (rom_id 377276, source 1): https://huggingface.co/datasets/luisluis123/ps2chd/resolve/main/Shinobi (USA) (En,Ja).chd
ps2_chd0.html;Shonen Jump's One Piece - Grand Adventure.chd;https://archive.org/download/ps2-redump-usa-chd-part-S/Shonen Jump's One Piece - Grand Adventure (USA).chd;803.06 MiB;JOGO_EXISTE_OUTRO_LINK;Existe no banco (rom_id 377277, source 1): https://huggingface.co/datasets/luisluis123/ps2chd/resolve/main/Shonen Jump's One Piece - Grand Adventure (USA).chd
ps2_chd0.html;Shonen Jump's One Piece - Grand Battle.chd;https://archive.org/download/ps2-redump-usa-chd-part-S/Shonen Jump's One Piece - Grand Battle (USA).chd;984.93 MiB;JOGO_EXISTE_OUTRO_LINK;Existe no banco (rom_id 377278, source 1): https://huggingface.co/datasets/luisluis123/ps2chd/resolve/main/Shonen Jump's One Piece - Grand Battle (USA).chd
ps2_chd0.html;Shonen Jump's One Piece - Pirates' Carnival.chd;https://archive.org/download/ps2-redump-usa-chd-part-S/Shonen Jump's One Piece - Pirates' Carnival (USA).chd;1.58 GiB;JOGO_EXISTE_OUTRO_LINK;Existe no banco (rom_id 377279, source 1): https://huggingface.co/datasets/luisluis123/ps2chd/resolve/main/Shonen Jump's One Piece - Pirates' Carnival (USA).chd
ps2_chd0.html;Shonen Jump's Shaman King - Power of Spirit.chd;https://archive.org/download/ps2-redump-usa-chd-part-S/Shonen Jump's Shaman King - Power of Spirit (USA).chd;693.07 MiB;JOGO_EXISTE_OUTRO_LINK;Existe no banco (rom_id 377280, source 1): https://huggingface.co/datasets/luisluis123/ps2chd/resolve/main/Shonen Jump's Shaman King - Power of Spirit (USA).chd
ps2_chd0.html;Short Track Racing - Trading Paint.chd;https://archive.org/download/ps2-redump-usa-chd-part-S/Short Track Racing - Trading Paint (USA).chd;;JOGO_EXISTE_OUTRO_LINK;Existe no banco (rom_id 377281, source 1): https://huggingface.co/datasets/luisluis123/ps2chd/resolve/main/Short Track Racing - Trading Paint (USA).chd
ps2_chd0.html;Showdown - Legends of Wrestling.chd;https://archive.org/download/ps2-redump-usa-chd-part-S/Showdown - Legends of Wrestling (USA).chd;;JOGO_EXISTE_OUTRO_LINK;Existe no banco (rom_id 377282, source 1): https://huggingface.co/datasets/luisluis123/ps2chd/resolve/main/Showdown - Legends of Wrestling (USA).chd
ps2_chd0.html;Shox.chd;https://archive.org/download/ps2-redump-usa-chd-part-S/Shox (USA) (En,Fr,Es).chd;;JOGO_EXISTE_OUTRO_LINK;Existe no banco (rom_id 377283, source 1): https://huggingface.co/datasets/luisluis123/ps2chd/resolve/main/Shox (USA) (En,Fr,Es).chd
ps2_chd0.html;Shrek 2.chd;https://archive.org/download/ps2-redump-usa-chd-part-S/Shrek 2 (USA).chd;;JOGO_EXISTE_OUTRO_LINK;Existe no banco (rom_id 377284, source 1): https://huggingface.co/datasets/luisluis123/ps2chd/resolve/main/Shrek 2 (USA).chd
ps2_chd0.html;Shrek Super Party.chd;https://archive.org/download/ps2-redump-usa-chd-part-S/Shrek Super Party (USA).chd;;JOGO_EXISTE_OUTRO_LINK;Existe no banco (rom_id 377285, source 1): https://huggingface.co/datasets/luisluis123/ps2chd/resolve/main/Shrek Super Party (USA).chd
ps2_chd0.html;Silent Hill - Shattered Memories.chd;https://archive.org/download/ps2-redump-usa-chd-part-S/Silent Hill - Shattered Memories (USA) (En,Fr,Es).chd;;JOGO_EXISTE_OUTRO_LINK;Existe no banco (rom_id 377286, source 1): https://huggingface.co/datasets/luisluis123/ps2chd/resolve/main/Silent Hill - Shattered Memories (USA) (En,Fr,Es).chd
ps2_chd0.html;Silent Hill 2.chd;https://archive.org/download/ps2-redump-usa-chd-part-S/Silent Hill 2 (USA) (En,Ja,Fr,De,Es,It) (v2.01).chd;;JOGO_EXISTE_OUTRO_LINK;Existe no banco (rom_id 377287, source 1): https://huggingface.co/datasets/luisluis123/ps2chd/resolve/main/Silent Hill 2 (USA) (En,Ja) (v1.20).chd
ps2_chd0.html;Silent Hill 3.chd;https://archive.org/download/ps2-redump-usa-chd-part-S/Silent Hill 3 (USA) (En,Ja,Fr,De,Es,It,Ko).chd;;JOGO_EXISTE_OUTRO_LINK;Existe no banco (rom_id 377289, source 1): https://huggingface.co/datasets/luisluis123/ps2chd/resolve/main/Silent Hill 3 (USA) (En,Ja,Fr,De,Es,It,Ko).chd
ps2_chd0.html;Silent Hill 4 - The Room.chd;https://archive.org/download/ps2-redump-usa-chd-part-S/Silent Hill 4 - The Room (USA) (En,Ja).chd;;JOGO_EXISTE_OUTRO_LINK;Existe no banco (rom_id 377290, source 1): https://huggingface.co/datasets/luisluis123/ps2chd/resolve/main/Silent Hill 4 - The Room (USA) (En,Ja).chd
ps2_chd0.html;Silent Hill Origins.chd;https://archive.org/download/ps2-redump-usa-chd-part-S/Silent Hill Origins (USA) (En,Fr,De,Es,It).chd;;JOGO_EXISTE_OUTRO_LINK;Existe no banco (rom_id 377291, source 1): https://huggingface.co/datasets/luisluis123/ps2chd/resolve/main/Silent Hill Origins (USA) (En,Fr,De,Es,It).chd
ps2_chd0.html;Silent Line - Armored Core.chd;https://archive.org/download/ps2-redump-usa-chd-part-S/Silent Line - Armored Core (USA).chd;;JOGO_EXISTE_OUTRO_LINK;Existe no banco (rom_id 377292, source 1): https://huggingface.co/datasets/luisluis123/ps2chd/resolve/main/Silent Line - Armored Core (USA).chd
ps2_chd0.html;Silent Scope 2 - Dark Silhouette.chd;https://archive.org/download/ps2-redump-usa-chd-part-S/Silent Scope 2 - Dark Silhouette (USA) (En,Ja,Es).chd;;JOGO_EXISTE_OUTRO_LINK;Existe no banco (rom_id 377294, source 1): https://huggingface.co/datasets/luisluis123/ps2chd/resolve/main/Silent Scope 2 - Dark Silhouette (USA) (En,Ja,Es).chd
ps2_chd0.html;Silent Scope 3.chd;https://archive.org/download/ps2-redump-usa-chd-part-S/Silent Scope 3 (USA) (En,Ja,Es).chd;;JOGO_EXISTE_OUTRO_LINK;Existe no banco (rom_id 377295, source 1): https://huggingface.co/datasets/luisluis123/ps2chd/resolve/main/Silent Scope 3 (USA) (En,Ja,Es).chd
ps2_chd0.html;Silent Scope.chd;https://archive.org/download/ps2-redump-usa-chd-part-S/Silent Scope (USA).chd;;JOGO_EXISTE_OUTRO_LINK;Existe no banco (rom_id 377293, source 1): https://huggingface.co/datasets/luisluis123/ps2chd/resolve/main/Silent Scope (USA).chd
ps2_chd0.html;Silpheed - The Lost Planet.chd;https://archive.org/download/ps2-redump-usa-chd-part-S/Silpheed - The Lost Planet (USA).chd;;JOGO_EXISTE_OUTRO_LINK;Existe no banco (rom_id 377296, source 1): https://huggingface.co/datasets/luisluis123/ps2chd/resolve/main/Silpheed - The Lost Planet (USA).chd
ps2_chd0.html;Simpsons Game, The.chd;https://archive.org/download/ps2-redump-usa-chd-part-S/Simpsons Game, The (USA).chd;2.92 GiB;JOGO_EXISTE_OUTRO_LINK;Existe no banco (rom_id 377297, source 1): https://huggingface.co/datasets/luisluis123/ps2chd/resolve/main/Simpsons Game, The (USA).chd
ps2_chd0.html;Simpsons Skateboarding, The.chd;https://archive.org/download/ps2-redump-usa-chd-part-S/Simpsons Skateboarding, The (USA).chd;499.97 MiB;JOGO_EXISTE_OUTRO_LINK;Existe no banco (rom_id 377298, source 1): https://huggingface.co/datasets/luisluis123/ps2chd/resolve/main/Simpsons Skateboarding, The (USA).chd
ps2_chd0.html;Simpsons, The - Hit & Run.chd;https://archive.org/download/ps2-redump-usa-chd-part-S/Simpsons, The - Hit & Run (USA).chd;839.95 MiB;JOGO_EXISTE_OUTRO_LINK;Existe no banco (rom_id 377299, source 1): https://huggingface.co/datasets/luisluis123/ps2chd/resolve/main/Simpsons, The - Hit & Run (USA).chd
ps2_chd0.html;Simpsons, The - Road Rage.chd;https://archive.org/download/ps2-redump-usa-chd-part-S/Simpsons, The - Road Rage (USA).chd;249.98 MiB;JOGO_EXISTE_OUTRO_LINK;Existe no banco (rom_id 377300, source 1): https://huggingface.co/datasets/luisluis123/ps2chd/resolve/main/Simpsons, The - Road Rage (USA).chd
ps2_chd0.html;Sims 2, The - Castaway.chd;https://archive.org/download/ps2-redump-usa-chd-part-S/Sims 2, The - Castaway (USA).chd;1.07 GiB;JOGO_EXISTE_OUTRO_LINK;Existe no banco (rom_id 377302, source 1): https://huggingface.co/datasets/luisluis123/ps2chd/resolve/main/Sims 2, The - Castaway (USA).chd
ps2_chd0.html;Sims 2, The - Pets.chd;https://archive.org/download/ps2-redump-usa-chd-part-S/Sims 2, The - Pets (USA).chd;608.89 MiB;JOGO_EXISTE_OUTRO_LINK;Existe no banco (rom_id 377303, source 1): https://huggingface.co/datasets/luisluis123/ps2chd/resolve/main/Sims 2, The - Pets (USA).chd
ps2_chd0.html;Sims 2, The.chd;https://archive.org/download/ps2-redump-usa-chd-part-S/Sims 2, The (USA).chd;890.80 MiB;JOGO_EXISTE_OUTRO_LINK;Existe no banco (rom_id 377301, source 1): https://huggingface.co/datasets/luisluis123/ps2chd/resolve/main/Sims 2, The (USA).chd
ps2_chd0.html;Sims, The - Bustin' Out.chd;https://archive.org/download/ps2-redump-usa-chd-part-S/Sims, The - Bustin' Out (USA).chd;1.66 GiB;JOGO_EXISTE_OUTRO_LINK;Existe no banco (rom_id 377305, source 1): https://huggingface.co/datasets/luisluis123/ps2chd/resolve/main/Sims, The - Bustin' Out (USA).chd
ps2_chd0.html;Sims, The.chd;https://archive.org/download/ps2-redump-usa-chd-part-S/Sims, The (USA).chd;347.32 MiB;JOGO_EXISTE_OUTRO_LINK;Existe no banco (rom_id 377304, source 1): https://huggingface.co/datasets/luisluis123/ps2chd/resolve/main/Sims, The (USA).chd
ps2_chd0.html;SingStar '80s.chd;https://archive.org/download/ps2-redump-usa-chd-part-S/SingStar '80s (USA).chd;;JOGO_EXISTE_OUTRO_LINK;Existe no banco (rom_id 377306, source 1): https://huggingface.co/datasets/luisluis123/ps2chd/resolve/main/SingStar '80s (USA).chd
ps2_chd0.html;SingStar '90s.chd;https://archive.org/download/ps2-redump-usa-chd-part-S/SingStar '90s (USA).chd;;JOGO_EXISTE_OUTRO_LINK;Existe no banco (rom_id 377307, source 1): https://huggingface.co/datasets/luisluis123/ps2chd/resolve/main/SingStar '90s (USA).chd
ps2_chd0.html;SingStar ABBA.chd;https://archive.org/download/ps2-redump-usa-chd-part-S/SingStar ABBA (USA).chd;;JOGO_EXISTE_OUTRO_LINK;Existe no banco (rom_id 377308, source 1): https://huggingface.co/datasets/luisluis123/ps2chd/resolve/main/SingStar ABBA (USA).chd
ps2_chd0.html;SingStar Amped.chd;https://archive.org/download/ps2-redump-usa-chd-part-S/SingStar Amped (USA).chd;;JOGO_EXISTE_OUTRO_LINK;Existe no banco (rom_id 377309, source 1): https://huggingface.co/datasets/luisluis123/ps2chd/resolve/main/SingStar Amped (USA).chd
ps2_chd0.html;SingStar Country.chd;https://archive.org/download/ps2-redump-usa-chd-part-S/SingStar Country (USA).chd;;JOGO_EXISTE_OUTRO_LINK;Existe no banco (rom_id 377310, source 1): https://huggingface.co/datasets/luisluis123/ps2chd/resolve/main/SingStar Country (USA).chd
ps2_chd0.html;SingStar Latino.chd;https://archive.org/download/ps2-redump-usa-chd-part-S/SingStar Latino (USA).chd;;JOGO_EXISTE_OUTRO_LINK;Existe no banco (rom_id 377311, source 1): https://huggingface.co/datasets/luisluis123/ps2chd/resolve/main/SingStar Latino (USA).chd
ps2_chd0.html;SingStar Legends.chd;https://archive.org/download/ps2-redump-usa-chd-part-S/SingStar Legends (USA).chd;;JOGO_EXISTE_OUTRO_LINK;Existe no banco (rom_id 377312, source 1): https://huggingface.co/datasets/luisluis123/ps2chd/resolve/main/SingStar Legends (USA).chd
ps2_chd0.html;SingStar Pop Vol. 2.chd;https://archive.org/download/ps2-redump-usa-chd-part-S/SingStar Pop Vol. 2 (USA).chd;3.45 GiB;JOGO_EXISTE_OUTRO_LINK;Existe no banco (rom_id 377314, source 1): https://huggingface.co/datasets/luisluis123/ps2chd/resolve/main/SingStar Pop Vol. 2 (USA).chd
ps2_chd0.html;SingStar Pop.chd;https://archive.org/download/ps2-redump-usa-chd-part-S/SingStar Pop (USA).chd;;JOGO_EXISTE_OUTRO_LINK;Existe no banco (rom_id 377313, source 1): https://huggingface.co/datasets/luisluis123/ps2chd/resolve/main/SingStar Pop (USA).chd
ps2_chd0.html;SingStar Queen.chd;https://archive.org/download/ps2-redump-usa-chd-part-S/SingStar Queen (USA).chd;;JOGO_EXISTE_OUTRO_LINK;Existe no banco (rom_id 377315, source 1): https://huggingface.co/datasets/luisluis123/ps2chd/resolve/main/SingStar Queen (USA).chd
ps2_chd0.html;SingStar Rocks!.chd;https://archive.org/download/ps2-redump-usa-chd-part-S/SingStar Rocks! (USA).chd;;JOGO_EXISTE_OUTRO_LINK;Existe no banco (rom_id 377316, source 1): https://huggingface.co/datasets/luisluis123/ps2chd/resolve/main/SingStar Rocks! (USA).chd
ps2_chd0.html;Siren.chd;https://archive.org/download/ps2-redump-usa-chd-part-S/Siren (USA).chd;2.82 GiB;JOGO_EXISTE_OUTRO_LINK;Existe no banco (rom_id 377317, source 1): https://huggingface.co/datasets/luisluis123/ps2chd/resolve/main/Siren (USA).chd
ps2_chd0.html;Sitting Ducks.chd;https://archive.org/download/ps2-redump-usa-chd-part-S/Sitting Ducks (USA).chd;;JOGO_EXISTE_OUTRO_LINK;Existe no banco (rom_id 377318, source 1): https://huggingface.co/datasets/luisluis123/ps2chd/resolve/main/Sitting Ducks (USA).chd
ps2_chd0.html;Ski and Shoot.chd;https://archive.org/download/ps2-redump-usa-chd-part-S/Ski and Shoot (USA) (En,Fr).chd;;JOGO_EXISTE_OUTRO_LINK;Existe no banco (rom_id 377319, source 1): https://huggingface.co/datasets/luisluis123/ps2chd/resolve/main/Ski and Shoot (USA) (En,Fr).chd
ps2_chd0.html;Ski-Doo Snow X Racing.chd;https://archive.org/download/ps2-redump-usa-chd-part-S/Ski-Doo Snow X Racing (USA).chd;;JOGO_EXISTE_OUTRO_LINK;Existe no banco (rom_id 377320, source 1): https://huggingface.co/datasets/luisluis123/ps2chd/resolve/main/Ski-Doo Snow X Racing (USA).chd
ps2_chd0.html;Sky Odyssey.chd;https://archive.org/download/ps2-redump-usa-chd-part-S/Sky Odyssey (USA).chd;;JOGO_EXISTE_OUTRO_LINK;Existe no banco (rom_id 377321, source 1): https://huggingface.co/datasets/luisluis123/ps2chd/resolve/main/Sky Odyssey (USA).chd
ps2_chd0.html;SkyGunner.chd;https://archive.org/download/ps2-redump-usa-chd-part-S/SkyGunner (USA).chd;;JOGO_EXISTE_OUTRO_LINK;Existe no banco (rom_id 377322, source 1): https://huggingface.co/datasets/luisluis123/ps2chd/resolve/main/SkyGunner (USA).chd
ps2_chd0.html;Sled Storm.chd;https://archive.org/download/ps2-redump-usa-chd-part-S/Sled Storm (USA).chd;;JOGO_EXISTE_OUTRO_LINK;Existe no banco (rom_id 377323, source 1): https://huggingface.co/datasets/luisluis123/ps2chd/resolve/main/Sled Storm (USA).chd
ps2_chd0.html;Sly 2 - Band of Thieves.chd;https://archive.org/download/ps2-redump-usa-chd-part-S/Sly 2 - Band of Thieves (USA).chd;;JOGO_EXISTE_OUTRO_LINK;Existe no banco (rom_id 377324, source 1): https://huggingface.co/datasets/luisluis123/ps2chd/resolve/main/Sly 2 - Band of Thieves (USA).chd
ps2_chd0.html;Sly 3 - Honor Among Thieves.chd;https://archive.org/download/ps2-redump-usa-chd-part-S/Sly 3 - Honor Among Thieves (USA).chd;;JOGO_EXISTE_OUTRO_LINK;Existe no banco (rom_id 377325, source 1): https://huggingface.co/datasets/luisluis123/ps2chd/resolve/main/Sly 3 - Honor Among Thieves (USA).chd
ps2_chd0.html;Sly Cooper and the Thievius Raccoonus.chd;https://archive.org/download/ps2-redump-usa-chd-part-S/Sly Cooper and the Thievius Raccoonus (USA).chd;;JOGO_EXISTE_OUTRO_LINK;Existe no banco (rom_id 377326, source 1): https://huggingface.co/datasets/luisluis123/ps2chd/resolve/main/Sly Cooper and the Thievius Raccoonus (USA).chd
ps2_chd0.html;Smash Cars.chd;https://archive.org/download/ps2-redump-usa-chd-part-S/Smash Cars (USA).chd;;JOGO_EXISTE_OUTRO_LINK;Existe no banco (rom_id 377327, source 1): https://huggingface.co/datasets/luisluis123/ps2chd/resolve/main/Smash Cars (USA).chd
ps2_chd0.html;Smash Court Tennis - Pro Tournament 2.chd;https://archive.org/download/ps2-redump-usa-chd-part-S/Smash Court Tennis - Pro Tournament 2 (USA).chd;;JOGO_EXISTE_OUTRO_LINK;Existe no banco (rom_id 377329, source 1): https://huggingface.co/datasets/luisluis123/ps2chd/resolve/main/Smash Court Tennis - Pro Tournament 2 (USA).chd
ps2_chd0.html;Smash Court Tennis - Pro Tournament.chd;https://archive.org/download/ps2-redump-usa-chd-part-S/Smash Court Tennis - Pro Tournament (USA).chd;;JOGO_EXISTE_OUTRO_LINK;Existe no banco (rom_id 377328, source 1): https://huggingface.co/datasets/luisluis123/ps2chd/resolve/main/Smash Court Tennis - Pro Tournament (USA).chd
ps2_chd0.html;Smuggler's Run 2 - Hostile Territory.chd;https://archive.org/download/ps2-redump-usa-chd-part-S/Smuggler's Run 2 - Hostile Territory (USA).chd;;JOGO_EXISTE_OUTRO_LINK;Existe no banco (rom_id 377331, source 1): https://huggingface.co/datasets/luisluis123/ps2chd/resolve/main/Smuggler's Run 2 - Hostile Territory (USA).chd
ps2_chd0.html;Smuggler's Run.chd;https://archive.org/download/ps2-redump-usa-chd-part-S/Smuggler's Run (USA).chd;;JOGO_EXISTE_OUTRO_LINK;Existe no banco (rom_id 377330, source 1): https://huggingface.co/datasets/luisluis123/ps2chd/resolve/main/Smuggler's Run (USA).chd
ps2_chd0.html;Sniper Elite.chd;https://archive.org/download/ps2-redump-usa-chd-part-S/Sniper Elite (USA).chd;;JOGO_EXISTE_OUTRO_LINK;Existe no banco (rom_id 377332, source 1): https://huggingface.co/datasets/luisluis123/ps2chd/resolve/main/Sniper Elite (USA).chd
ps2_chd0.html;SNK Arcade Classics Vol. 1.chd;https://archive.org/download/ps2-redump-usa-chd-part-S/SNK Arcade Classics Vol. 1 (USA).chd;719.17 MiB;JOGO_EXISTE_OUTRO_LINK;Existe no banco (rom_id 377196, source 1): https://huggingface.co/datasets/luisluis123/ps2chd/resolve/main/SNK Arcade Classics Vol. 1 (USA).chd
ps2_chd0.html;SnoCross 2 featuring Blair Morgan.chd;https://archive.org/download/ps2-redump-usa-chd-part-S/SnoCross 2 featuring Blair Morgan (USA).chd;;JOGO_EXISTE_OUTRO_LINK;Existe no banco (rom_id 377333, source 1): https://huggingface.co/datasets/luisluis123/ps2chd/resolve/main/SnoCross 2 featuring Blair Morgan (USA).chd
ps2_chd0.html;Snoopy vs. the Red Baron.chd;https://archive.org/download/ps2-redump-usa-chd-part-S/Snoopy vs. the Red Baron (USA).chd;575.05 MiB;JOGO_EXISTE_OUTRO_LINK;Existe no banco (rom_id 377334, source 1): https://huggingface.co/datasets/luisluis123/ps2chd/resolve/main/Snoopy vs. the Red Baron (USA).chd
ps2_chd0.html;Soccer America - International Cup.chd;https://archive.org/download/ps2-redump-usa-chd-part-S/Soccer America - International Cup (USA) (En,Es).chd;;JOGO_EXISTE_OUTRO_LINK;Existe no banco (rom_id 377335, source 1): https://huggingface.co/datasets/luisluis123/ps2chd/resolve/main/Soccer America - International Cup (USA) (En,Es).chd
ps2_chd0.html;Soccer Mania.chd;https://archive.org/download/ps2-redump-usa-chd-part-S/Soccer Mania (USA).chd;296.29 MiB;JOGO_EXISTE_OUTRO_LINK;Existe no banco (rom_id 377336, source 1): https://huggingface.co/datasets/luisluis123/ps2chd/resolve/main/Soccer Mania (USA).chd
ps2_chd0.html;SOCOM - U.S. Navy SEALs - Combined Assault.chd;https://archive.org/download/ps2-redump-usa-chd-part-S/SOCOM - U.S. Navy SEALs - Combined Assault (USA).chd;2.88 GiB;JOGO_EXISTE_OUTRO_LINK;Existe no banco (rom_id 377200, source 1): https://huggingface.co/datasets/luisluis123/ps2chd/resolve/main/SOCOM - U.S. Navy SEALs - Combined Assault (USA).chd
ps2_chd0.html;SOCOM - U.S. Navy SEALs.chd;https://archive.org/download/ps2-redump-usa-chd-part-S/SOCOM - U.S. Navy SEALs (USA) (v3.00).chd;2.80 GiB;JOGO_EXISTE_OUTRO_LINK;Existe no banco (rom_id 377197, source 1): https://huggingface.co/datasets/luisluis123/ps2chd/resolve/main/SOCOM - U.S. Navy SEALs (USA) (v1.00).chd
ps2_chd0.html;SOCOM 3 - U.S. Navy SEALs.chd;https://archive.org/download/ps2-redump-usa-chd-part-S/SOCOM 3 - U.S. Navy SEALs (USA).chd;2.96 GiB;JOGO_EXISTE_OUTRO_LINK;Existe no banco (rom_id 377201, source 1): https://huggingface.co/datasets/luisluis123/ps2chd/resolve/main/SOCOM 3 - U.S. Navy SEALs (USA).chd
ps2_chd0.html;SOCOM II - U.S. Navy SEALs.chd;https://archive.org/download/ps2-redump-usa-chd-part-S/SOCOM II - U.S. Navy SEALs (USA).chd;3.48 GiB;JOGO_EXISTE_OUTRO_LINK;Existe no banco (rom_id 377202, source 1): https://huggingface.co/datasets/luisluis123/ps2chd/resolve/main/SOCOM II - U.S. Navy SEALs (USA).chd
ps2_chd0.html;Soldier of Fortune - Gold Edition.chd;https://archive.org/download/ps2-redump-usa-chd-part-S/Soldier of Fortune - Gold Edition (USA).chd;;JOGO_EXISTE_OUTRO_LINK;Existe no banco (rom_id 377337, source 1): https://huggingface.co/datasets/luisluis123/ps2chd/resolve/main/Soldier of Fortune - Gold Edition (USA).chd
ps2_chd0.html;Sonic Heroes.chd;https://archive.org/download/ps2-redump-usa-chd-part-S/Sonic Heroes (USA) (En,Ja,Fr,De,Es,It).chd;;JOGO_EXISTE_OUTRO_LINK;Existe no banco (rom_id 377338, source 1): https://huggingface.co/datasets/luisluis123/ps2chd/resolve/main/Sonic Heroes (USA) (En,Ja,Fr,De,Es,It).chd
ps2_chd0.html;Sonic Mega Collection Plus.chd;https://archive.org/download/ps2-redump-usa-chd-part-S/Sonic Mega Collection Plus (USA).chd;;JOGO_EXISTE_OUTRO_LINK;Existe no banco (rom_id 377339, source 1): https://huggingface.co/datasets/luisluis123/ps2chd/resolve/main/Sonic Mega Collection Plus (USA).chd
ps2_chd0.html;Sonic Riders - Zero Gravity.chd;https://archive.org/download/ps2-redump-usa-chd-part-S/Sonic Riders - Zero Gravity (USA) (En,Ja,Fr,De,Es,It).chd;;JOGO_EXISTE_OUTRO_LINK;Existe no banco (rom_id 377341, source 1): https://huggingface.co/datasets/luisluis123/ps2chd/resolve/main/Sonic Riders - Zero Gravity (USA) (En,Ja,Fr,De,Es,It).chd
ps2_chd0.html;Sonic Riders.chd;https://archive.org/download/ps2-redump-usa-chd-part-S/Sonic Riders (USA) (En,Ja,Fr,De,Es,It).chd;;JOGO_EXISTE_OUTRO_LINK;Existe no banco (rom_id 377340, source 1): https://huggingface.co/datasets/luisluis123/ps2chd/resolve/main/Sonic Riders (USA) (En,Ja,Fr,De,Es,It).chd
ps2_chd0.html;Sonic Unleashed.chd;https://archive.org/download/ps2-redump-usa-chd-part-S/Sonic Unleashed (USA) (En,Ja,Fr,De,Es,It).chd;;JOGO_EXISTE_OUTRO_LINK;Existe no banco (rom_id 377342, source 1): https://huggingface.co/datasets/luisluis123/ps2chd/resolve/main/Sonic Unleashed (USA) (En,Ja,Fr,De,Es,It).chd
ps2_chd0.html;Sopranos, The - Road to Respect.chd;https://archive.org/download/ps2-redump-usa-chd-part-S/Sopranos, The - Road to Respect (USA).chd;1.90 GiB;JOGO_EXISTE_OUTRO_LINK;Existe no banco (rom_id 377343, source 1): https://huggingface.co/datasets/luisluis123/ps2chd/resolve/main/Sopranos, The - Road to Respect (USA).chd
ps2_chd0.html;Soul Nomad & the World Eaters.chd;https://archive.org/download/ps2-redump-usa-chd-part-S/Soul Nomad & the World Eaters (USA).chd;;JOGO_EXISTE_OUTRO_LINK;Existe no banco (rom_id 377344, source 1): https://huggingface.co/datasets/luisluis123/ps2chd/resolve/main/Soul Nomad & the World Eaters (USA).chd
ps2_chd0.html;Soulcalibur II.chd;https://archive.org/download/ps2-redump-usa-chd-part-S/Soulcalibur II (USA).chd;;JOGO_EXISTE_OUTRO_LINK;Existe no banco (rom_id 377345, source 1): https://huggingface.co/datasets/luisluis123/ps2chd/resolve/main/Soulcalibur II (USA).chd
ps2_chd0.html;Soulcalibur III.chd;https://archive.org/download/ps2-redump-usa-chd-part-S/Soulcalibur III (USA).chd;;JOGO_EXISTE_OUTRO_LINK;Existe no banco (rom_id 377346, source 1): https://huggingface.co/datasets/luisluis123/ps2chd/resolve/main/Soulcalibur III (USA).chd
ps2_chd0.html;Space Channel 5 - Special Edition (Disc 1).chd;https://archive.org/download/ps2-redump-usa-chd-part-S/Space Channel 5 - Special Edition (USA) (Disc 1).chd;;JOGO_EXISTE_OUTRO_LINK;Existe no banco (rom_id 377347, source 1): https://huggingface.co/datasets/luisluis123/ps2chd/resolve/main/Space Channel 5 - Special Edition (USA) (Disc 1).chd
ps2_chd0.html;Space Channel 5 - Special Edition (Disc 2).chd;https://archive.org/download/ps2-redump-usa-chd-part-S/Space Channel 5 - Special Edition (USA) (Disc 2).chd;;JOGO_EXISTE_OUTRO_LINK;Existe no banco (rom_id 377347, source 1): https://huggingface.co/datasets/luisluis123/ps2chd/resolve/main/Space Channel 5 - Special Edition (USA) (Disc 1).chd
ps2_chd0.html;Space Chimps.chd;https://archive.org/download/ps2-redump-usa-chd-part-S/Space Chimps (USA).chd;;JOGO_EXISTE_OUTRO_LINK;Existe no banco (rom_id 377349, source 1): https://huggingface.co/datasets/luisluis123/ps2chd/resolve/main/Space Chimps (USA).chd
ps2_chd0.html;Spartan - Total Warrior.chd;https://archive.org/download/ps2-redump-usa-chd-part-S/Spartan - Total Warrior (USA).chd;;JOGO_EXISTE_OUTRO_LINK;Existe no banco (rom_id 377350, source 1): https://huggingface.co/datasets/luisluis123/ps2chd/resolve/main/Spartan - Total Warrior (USA).chd
ps2_chd0.html;Spawn - Armageddon.chd;https://archive.org/download/ps2-redump-usa-chd-part-S/Spawn - Armageddon (USA).chd;;JOGO_EXISTE_OUTRO_LINK;Existe no banco (rom_id 377351, source 1): https://huggingface.co/datasets/luisluis123/ps2chd/resolve/main/Spawn - Armageddon (USA).chd
ps2_chd0.html;Speed Kings.chd;https://archive.org/download/ps2-redump-usa-chd-part-S/Speed Kings (USA).chd;;JOGO_EXISTE_OUTRO_LINK;Existe no banco (rom_id 377352, source 1): https://huggingface.co/datasets/luisluis123/ps2chd/resolve/main/Speed Kings (USA).chd
ps2_chd0.html;Speed Racer.chd;https://archive.org/download/ps2-redump-usa-chd-part-S/Speed Racer (USA) (En,Fr,Es,Pt).chd;;JOGO_EXISTE_OUTRO_LINK;Existe no banco (rom_id 377353, source 1): https://huggingface.co/datasets/luisluis123/ps2chd/resolve/main/Speed Racer (USA) (En,Fr,Es,Pt).chd
ps2_chd0.html;Sphinx and the Cursed Mummy.chd;https://archive.org/download/ps2-redump-usa-chd-part-S/Sphinx and the Cursed Mummy (USA).chd;;JOGO_EXISTE_OUTRO_LINK;Existe no banco (rom_id 377354, source 1): https://huggingface.co/datasets/luisluis123/ps2chd/resolve/main/Sphinx and the Cursed Mummy (USA).chd
ps2_chd0.html;Spider-Man - Friend or Foe.chd;https://archive.org/download/ps2-redump-usa-chd-part-S/Spider-Man - Friend or Foe (USA).chd;;JOGO_EXISTE_OUTRO_LINK;Existe no banco (rom_id 377357, source 1): https://huggingface.co/datasets/luisluis123/ps2chd/resolve/main/Spider-Man - Friend or Foe (USA).chd
ps2_chd0.html;Spider-Man - Web of Shadows - Amazing Allies Edition.chd;https://archive.org/download/ps2-redump-usa-chd-part-S/Spider-Man - Web of Shadows - Amazing Allies Edition (USA).chd;335.85 MiB;JOGO_EXISTE_OUTRO_LINK;Existe no banco (rom_id 377358, source 1): https://huggingface.co/datasets/luisluis123/ps2chd/resolve/main/Spider-Man - Web of Shadows - Amazing Allies Edition (USA).chd
ps2_chd0.html;Spider-Man 2.chd;https://archive.org/download/ps2-redump-usa-chd-part-S/Spider-Man 2 (USA).chd;;JOGO_EXISTE_OUTRO_LINK;Existe no banco (rom_id 377359, source 1): https://huggingface.co/datasets/luisluis123/ps2chd/resolve/main/Spider-Man 2 (USA).chd
ps2_chd0.html;Spider-Man 3.chd;https://archive.org/download/ps2-redump-usa-chd-part-S/Spider-Man 3 (USA) (v2.00).chd;;JOGO_EXISTE_OUTRO_LINK;Existe no banco (rom_id 377360, source 1): https://huggingface.co/datasets/luisluis123/ps2chd/resolve/main/Spider-Man 3 (USA) (v1.02).chd
ps2_chd0.html;Spider-Man.chd;https://archive.org/download/ps2-redump-usa-chd-part-S/Spider-Man (USA) (v2.01).chd;;JOGO_EXISTE_OUTRO_LINK;Existe no banco (rom_id 377355, source 1): https://huggingface.co/datasets/luisluis123/ps2chd/resolve/main/Spider-Man (USA) (v1.00).chd
ps2_chd0.html;Spiderwick Chronicles, The.chd;https://archive.org/download/ps2-redump-usa-chd-part-S/Spiderwick Chronicles, The (USA).chd;1.01 GiB;JOGO_EXISTE_OUTRO_LINK;Existe no banco (rom_id 377362, source 1): https://huggingface.co/datasets/luisluis123/ps2chd/resolve/main/Spiderwick Chronicles, The (USA).chd
ps2_chd0.html;Splashdown - Rides Gone Wild.chd;https://archive.org/download/ps2-redump-usa-chd-part-S/Splashdown - Rides Gone Wild (USA).chd;;JOGO_EXISTE_OUTRO_LINK;Existe no banco (rom_id 377365, source 1): https://huggingface.co/datasets/luisluis123/ps2chd/resolve/main/Splashdown - Rides Gone Wild (USA).chd
ps2_chd0.html;Splashdown.chd;https://archive.org/download/ps2-redump-usa-chd-part-S/Splashdown (USA) (v2.01).chd;;JOGO_EXISTE_OUTRO_LINK;Existe no banco (rom_id 377363, source 1): https://huggingface.co/datasets/luisluis123/ps2chd/resolve/main/Splashdown (USA) (v1.00).chd
ps2_chd0.html;Sprint Cars - Road to Knoxville.chd;https://archive.org/download/ps2-redump-usa-chd-part-S/Sprint Cars - Road to Knoxville (USA).chd;;JOGO_EXISTE_OUTRO_LINK;Existe no banco (rom_id 377366, source 1): https://huggingface.co/datasets/luisluis123/ps2chd/resolve/main/Sprint Cars - Road to Knoxville (USA).chd
ps2_chd0.html;Sprint Cars 2 - Showdown at Eldora.chd;https://archive.org/download/ps2-redump-usa-chd-part-S/Sprint Cars 2 - Showdown at Eldora (USA).chd;;JOGO_EXISTE_OUTRO_LINK;Existe no banco (rom_id 377367, source 1): https://huggingface.co/datasets/luisluis123/ps2chd/resolve/main/Sprint Cars 2 - Showdown at Eldora (USA).chd
ps2_chd0.html;Spy Fiction.chd;https://archive.org/download/ps2-redump-usa-chd-part-S/Spy Fiction (USA).chd;;JOGO_EXISTE_OUTRO_LINK;Existe no banco (rom_id 377368, source 1): https://huggingface.co/datasets/luisluis123/ps2chd/resolve/main/Spy Fiction (USA).chd
ps2_chd0.html;SpyHunter - Nowhere to Run.chd;https://archive.org/download/ps2-redump-usa-chd-part-S/SpyHunter - Nowhere to Run (USA).chd;1.22 GiB;JOGO_EXISTE_OUTRO_LINK;Existe no banco (rom_id 377370, source 1): https://huggingface.co/datasets/luisluis123/ps2chd/resolve/main/SpyHunter - Nowhere to Run (USA).chd
ps2_chd0.html;SpyHunter 2.chd;https://archive.org/download/ps2-redump-usa-chd-part-S/SpyHunter 2 (USA).chd;1.36 GiB;JOGO_EXISTE_OUTRO_LINK;Existe no banco (rom_id 377371, source 1): https://huggingface.co/datasets/luisluis123/ps2chd/resolve/main/SpyHunter 2 (USA).chd
ps2_chd0.html;SpyHunter.chd;https://archive.org/download/ps2-redump-usa-chd-part-S/SpyHunter (USA).chd;1.45 GiB;JOGO_EXISTE_OUTRO_LINK;Existe no banco (rom_id 377369, source 1): https://huggingface.co/datasets/luisluis123/ps2chd/resolve/main/SpyHunter (USA).chd
ps2_chd0.html;Spyro - A Hero's Tail.chd;https://archive.org/download/ps2-redump-usa-chd-part-S/Spyro - A Hero's Tail (USA).chd;;JOGO_EXISTE_OUTRO_LINK;Existe no banco (rom_id 377372, source 1): https://huggingface.co/datasets/luisluis123/ps2chd/resolve/main/Spyro - A Hero's Tail (USA).chd
ps2_chd0.html;Spyro - Enter the Dragonfly.chd;https://archive.org/download/ps2-redump-usa-chd-part-S/Spyro - Enter the Dragonfly (USA).chd;;JOGO_EXISTE_OUTRO_LINK;Existe no banco (rom_id 377373, source 1): https://huggingface.co/datasets/luisluis123/ps2chd/resolve/main/Spyro - Enter the Dragonfly (USA).chd
ps2_chd0.html;SRS - Street Racing Syndicate.chd;https://archive.org/download/ps2-redump-usa-chd-part-S/SRS - Street Racing Syndicate (USA) (v2.00).chd;1.97 GiB;JOGO_EXISTE_OUTRO_LINK;Existe no banco (rom_id 377203, source 1): https://huggingface.co/datasets/luisluis123/ps2chd/resolve/main/SRS - Street Racing Syndicate (USA) (v1.03).chd
ps2_chd0.html;SSX 3.chd;https://archive.org/download/ps2-redump-usa-chd-part-S/SSX 3 (USA).chd;;JOGO_EXISTE_OUTRO_LINK;Existe no banco (rom_id 377206, source 1): https://huggingface.co/datasets/luisluis123/ps2chd/resolve/main/SSX 3 (USA).chd
ps2_chd0.html;SSX On Tour.chd;https://archive.org/download/ps2-redump-usa-chd-part-S/SSX On Tour (USA).chd;;JOGO_EXISTE_OUTRO_LINK;Existe no banco (rom_id 377207, source 1): https://huggingface.co/datasets/luisluis123/ps2chd/resolve/main/SSX On Tour (USA).chd
ps2_chd0.html;SSX Tricky.chd;https://archive.org/download/ps2-redump-usa-chd-part-S/SSX Tricky (USA).chd;;JOGO_EXISTE_OUTRO_LINK;Existe no banco (rom_id 377208, source 1): https://huggingface.co/datasets/luisluis123/ps2chd/resolve/main/SSX Tricky (USA).chd
ps2_chd0.html;SSX.chd;https://archive.org/download/ps2-redump-usa-chd-part-S/SSX (USA).chd;;JOGO_EXISTE_OUTRO_LINK;Existe no banco (rom_id 377205, source 1): https://huggingface.co/datasets/luisluis123/ps2chd/resolve/main/SSX (USA).chd
ps2_chd0.html;Stacked with Daniel Negreanu.chd;https://archive.org/download/ps2-redump-usa-chd-part-S/Stacked with Daniel Negreanu (USA).chd;;JOGO_EXISTE_OUTRO_LINK;Existe no banco (rom_id 377374, source 1): https://huggingface.co/datasets/luisluis123/ps2chd/resolve/main/Stacked with Daniel Negreanu (USA).chd
ps2_chd0.html;Star Ocean - Till the End of Time (Disc 1).chd;https://archive.org/download/ps2-redump-usa-chd-part-S/Star Ocean - Till the End of Time (USA) (Disc 1).chd;;JOGO_EXISTE_OUTRO_LINK;Existe no banco (rom_id 377375, source 1): https://huggingface.co/datasets/luisluis123/ps2chd/resolve/main/Star Ocean - Till the End of Time (USA) (Disc 1).chd
ps2_chd0.html;Star Ocean - Till the End of Time (Disc 2).chd;https://archive.org/download/ps2-redump-usa-chd-part-S/Star Ocean - Till the End of Time (USA) (Disc 2).chd;;JOGO_EXISTE_OUTRO_LINK;Existe no banco (rom_id 377375, source 1): https://huggingface.co/datasets/luisluis123/ps2chd/resolve/main/Star Ocean - Till the End of Time (USA) (Disc 1).chd
ps2_chd0.html;Star Trek - Conquest.chd;https://archive.org/download/ps2-redump-usa-chd-part-S/Star Trek - Conquest (USA).chd;;JOGO_EXISTE_OUTRO_LINK;Existe no banco (rom_id 377377, source 1): https://huggingface.co/datasets/luisluis123/ps2chd/resolve/main/Star Trek - Conquest (USA).chd
ps2_chd0.html;Star Trek - Encounters.chd;https://archive.org/download/ps2-redump-usa-chd-part-S/Star Trek - Encounters (USA).chd;;JOGO_EXISTE_OUTRO_LINK;Existe no banco (rom_id 377378, source 1): https://huggingface.co/datasets/luisluis123/ps2chd/resolve/main/Star Trek - Encounters (USA).chd
ps2_chd0.html;Star Trek - Shattered Universe.chd;https://archive.org/download/ps2-redump-usa-chd-part-S/Star Trek - Shattered Universe (USA).chd;;JOGO_EXISTE_OUTRO_LINK;Existe no banco (rom_id 377379, source 1): https://huggingface.co/datasets/luisluis123/ps2chd/resolve/main/Star Trek - Shattered Universe (USA).chd
ps2_chd0.html;Star Trek - Voyager - Elite Force.chd;https://archive.org/download/ps2-redump-usa-chd-part-S/Star Trek - Voyager - Elite Force (USA).chd;;JOGO_EXISTE_OUTRO_LINK;Existe no banco (rom_id 377380, source 1): https://huggingface.co/datasets/luisluis123/ps2chd/resolve/main/Star Trek - Voyager - Elite Force (USA).chd
ps2_chd0.html;Star Wars - Battlefront II.chd;https://archive.org/download/ps2-redump-usa-chd-part-S/Star Wars - Battlefront II (USA) (v2.01).chd;;JOGO_EXISTE_OUTRO_LINK;Existe no banco (rom_id 377382, source 1): https://huggingface.co/datasets/luisluis123/ps2chd/resolve/main/Star Wars - Battlefront II (USA) (v1.01).chd
ps2_chd0.html;Star Wars - Battlefront.chd;https://archive.org/download/ps2-redump-usa-chd-part-S/Star Wars - Battlefront (USA).chd;;JOGO_EXISTE_OUTRO_LINK;Existe no banco (rom_id 377381, source 1): https://huggingface.co/datasets/luisluis123/ps2chd/resolve/main/Star Wars - Battlefront (USA).chd
ps2_chd0.html;Star Wars - Bounty Hunter.chd;https://archive.org/download/ps2-redump-usa-chd-part-S/Star Wars - Bounty Hunter (USA).chd;;JOGO_EXISTE_OUTRO_LINK;Existe no banco (rom_id 377385, source 1): https://huggingface.co/datasets/luisluis123/ps2chd/resolve/main/Star Wars - Bounty Hunter (USA).chd
ps2_chd0.html;Star Wars - Episode III - Revenge of the Sith.chd;https://archive.org/download/ps2-redump-usa-chd-part-S/Star Wars - Episode III - Revenge of the Sith (USA).chd;;JOGO_EXISTE_OUTRO_LINK;Existe no banco (rom_id 377386, source 1): https://huggingface.co/datasets/luisluis123/ps2chd/resolve/main/Star Wars - Episode III - Revenge of the Sith (USA).chd
ps2_chd0.html;Star Wars - Jedi Starfighter.chd;https://archive.org/download/ps2-redump-usa-chd-part-S/Star Wars - Jedi Starfighter (USA).chd;;JOGO_EXISTE_OUTRO_LINK;Existe no banco (rom_id 377387, source 1): https://huggingface.co/datasets/luisluis123/ps2chd/resolve/main/Star Wars - Jedi Starfighter (USA).chd
ps2_chd0.html;Star Wars - Racer Revenge.chd;https://archive.org/download/ps2-redump-usa-chd-part-S/Star Wars - Racer Revenge (USA).chd;;JOGO_EXISTE_OUTRO_LINK;Existe no banco (rom_id 377388, source 1): https://huggingface.co/datasets/luisluis123/ps2chd/resolve/main/Star Wars - Racer Revenge (USA).chd
ps2_chd0.html;Star Wars - Starfighter.chd;https://archive.org/download/ps2-redump-usa-chd-part-S/Star Wars - Starfighter (USA).chd;;JOGO_EXISTE_OUTRO_LINK;Existe no banco (rom_id 377389, source 1): https://huggingface.co/datasets/luisluis123/ps2chd/resolve/main/Star Wars - Starfighter (USA) (Rev 1).chd
ps2_chd0.html;Star Wars - Super Bombad Racing.chd;https://archive.org/download/ps2-redump-usa-chd-part-S/Star Wars - Super Bombad Racing (USA) (En,Fr,De,Es,It).chd;;JOGO_EXISTE_OUTRO_LINK;Existe no banco (rom_id 377391, source 1): https://huggingface.co/datasets/luisluis123/ps2chd/resolve/main/Star Wars - Super Bombad Racing (USA) (En,Fr,De,Es,It).chd
ps2_chd0.html;Star Wars - The Clone Wars - Republic Heroes.chd;https://archive.org/download/ps2-redump-usa-chd-part-S/Star Wars - The Clone Wars - Republic Heroes (USA).chd;;JOGO_EXISTE_OUTRO_LINK;Existe no banco (rom_id 377393, source 1): https://huggingface.co/datasets/luisluis123/ps2chd/resolve/main/Star Wars - The Clone Wars - Republic Heroes (USA).chd
ps2_chd0.html;Star Wars - The Clone Wars.chd;https://archive.org/download/ps2-redump-usa-chd-part-S/Star Wars - The Clone Wars (USA).chd;;JOGO_EXISTE_OUTRO_LINK;Existe no banco (rom_id 377392, source 1): https://huggingface.co/datasets/luisluis123/ps2chd/resolve/main/Star Wars - The Clone Wars (USA).chd
ps2_chd0.html;Star Wars - The Force Unleashed.chd;https://archive.org/download/ps2-redump-usa-chd-part-S/Star Wars - The Force Unleashed (USA) (En,Fr).chd;;JOGO_EXISTE_OUTRO_LINK;Existe no banco (rom_id 377394, source 1): https://huggingface.co/datasets/luisluis123/ps2chd/resolve/main/Star Wars - The Force Unleashed (USA) (En,Fr).chd
ps2_chd0.html;Starsky & Hutch.chd;https://archive.org/download/ps2-redump-usa-chd-part-S/Starsky & Hutch (USA).chd;;JOGO_EXISTE_OUTRO_LINK;Existe no banco (rom_id 377395, source 1): https://huggingface.co/datasets/luisluis123/ps2chd/resolve/main/Starsky & Hutch (USA).chd
ps2_chd0.html;State of Emergency 2.chd;https://archive.org/download/ps2-redump-usa-chd-part-S/State of Emergency 2 (USA).chd;;JOGO_EXISTE_OUTRO_LINK;Existe no banco (rom_id 377397, source 1): https://huggingface.co/datasets/luisluis123/ps2chd/resolve/main/State of Emergency 2 (USA).chd
ps2_chd0.html;State of Emergency.chd;https://archive.org/download/ps2-redump-usa-chd-part-S/State of Emergency (USA).chd;;JOGO_EXISTE_OUTRO_LINK;Existe no banco (rom_id 377396, source 1): https://huggingface.co/datasets/luisluis123/ps2chd/resolve/main/State of Emergency (USA).chd
ps2_chd0.html;Steambot Chronicles.chd;https://archive.org/download/ps2-redump-usa-chd-part-S/Steambot Chronicles (USA).chd;;JOGO_EXISTE_OUTRO_LINK;Existe no banco (rom_id 377398, source 1): https://huggingface.co/datasets/luisluis123/ps2chd/resolve/main/Steambot Chronicles (USA).chd
ps2_chd0.html;Stella Deus - The Gate of Eternity.chd;https://archive.org/download/ps2-redump-usa-chd-part-S/Stella Deus - The Gate of Eternity (USA).chd;;JOGO_EXISTE_OUTRO_LINK;Existe no banco (rom_id 377399, source 1): https://huggingface.co/datasets/luisluis123/ps2chd/resolve/main/Stella Deus - The Gate of Eternity (USA).chd
ps2_chd0.html;Stolen.chd;https://archive.org/download/ps2-redump-usa-chd-part-S/Stolen (USA) (En,Fr,Es).chd;;JOGO_EXISTE_OUTRO_LINK;Existe no banco (rom_id 377400, source 1): https://huggingface.co/datasets/luisluis123/ps2chd/resolve/main/Stolen (USA) (En,Fr,Es).chd
ps2_chd0.html;Strawberry Shortcake - The Sweet Dreams Game.chd;https://archive.org/download/ps2-redump-usa-chd-part-S/Strawberry Shortcake - The Sweet Dreams Game (USA).chd;;JOGO_EXISTE_OUTRO_LINK;Existe no banco (rom_id 377401, source 1): https://huggingface.co/datasets/luisluis123/ps2chd/resolve/main/Strawberry Shortcake - The Sweet Dreams Game (USA).chd
ps2_chd0.html;Street Fighter Alpha Anthology.chd;https://archive.org/download/ps2-redump-usa-chd-part-S/Street Fighter Alpha Anthology (USA).chd;;JOGO_EXISTE_OUTRO_LINK;Existe no banco (rom_id 377402, source 1): https://huggingface.co/datasets/luisluis123/ps2chd/resolve/main/Street Fighter Alpha Anthology (USA).chd
ps2_chd0.html;Street Fighter Anniversary Collection.chd;https://archive.org/download/ps2-redump-usa-chd-part-S/Street Fighter Anniversary Collection (USA).chd;;JOGO_EXISTE_OUTRO_LINK;Existe no banco (rom_id 377403, source 1): https://huggingface.co/datasets/luisluis123/ps2chd/resolve/main/Street Fighter Anniversary Collection (USA).chd
ps2_chd0.html;Street Fighter EX3.chd;https://archive.org/download/ps2-redump-usa-chd-part-S/Street Fighter EX3 (USA).chd;;JOGO_EXISTE_OUTRO_LINK;Existe no banco (rom_id 377404, source 1): https://huggingface.co/datasets/luisluis123/ps2chd/resolve/main/Street Fighter EX3 (USA).chd
ps2_chd0.html;Street Hoops.chd;https://archive.org/download/ps2-redump-usa-chd-part-S/Street Hoops (USA).chd;;JOGO_EXISTE_OUTRO_LINK;Existe no banco (rom_id 377405, source 1): https://huggingface.co/datasets/luisluis123/ps2chd/resolve/main/Street Hoops (USA).chd
ps2_chd0.html;Stretch Panic.chd;https://archive.org/download/ps2-redump-usa-chd-part-S/Stretch Panic (USA).chd;;JOGO_EXISTE_OUTRO_LINK;Existe no banco (rom_id 377406, source 1): https://huggingface.co/datasets/luisluis123/ps2chd/resolve/main/Stretch Panic (USA).chd
ps2_chd0.html;Strike Force Bowling.chd;https://archive.org/download/ps2-redump-usa-chd-part-S/Strike Force Bowling (USA).chd;;JOGO_EXISTE_OUTRO_LINK;Existe no banco (rom_id 377407, source 1): https://huggingface.co/datasets/luisluis123/ps2chd/resolve/main/Strike Force Bowling (USA).chd
ps2_chd0.html;Stuart Little 3 - Big Photo Adventure.chd;https://archive.org/download/ps2-redump-usa-chd-part-S/Stuart Little 3 - Big Photo Adventure (USA).chd;;JOGO_EXISTE_OUTRO_LINK;Existe no banco (rom_id 377408, source 1): https://huggingface.co/datasets/luisluis123/ps2chd/resolve/main/Stuart Little 3 - Big Photo Adventure (USA).chd
ps2_chd0.html;Stunt GP.chd;https://archive.org/download/ps2-redump-usa-chd-part-S/Stunt GP (USA).chd;;JOGO_EXISTE_OUTRO_LINK;Existe no banco (rom_id 377409, source 1): https://huggingface.co/datasets/luisluis123/ps2chd/resolve/main/Stunt GP (USA).chd
ps2_chd0.html;Stuntman - Ignition.chd;https://archive.org/download/ps2-redump-usa-chd-part-S/Stuntman - Ignition (USA).chd;;JOGO_EXISTE_OUTRO_LINK;Existe no banco (rom_id 377411, source 1): https://huggingface.co/datasets/luisluis123/ps2chd/resolve/main/Stuntman - Ignition (USA).chd
ps2_chd0.html;Stuntman.chd;https://archive.org/download/ps2-redump-usa-chd-part-S/Stuntman (USA).chd;;JOGO_EXISTE_OUTRO_LINK;Existe no banco (rom_id 377410, source 1): https://huggingface.co/datasets/luisluis123/ps2chd/resolve/main/Stuntman (USA).chd
ps2_chd0.html;Sub Rebellion.chd;https://archive.org/download/ps2-redump-usa-chd-part-S/Sub Rebellion (USA).chd;;JOGO_EXISTE_OUTRO_LINK;Existe no banco (rom_id 377412, source 1): https://huggingface.co/datasets/luisluis123/ps2chd/resolve/main/Sub Rebellion (USA).chd
ps2_chd0.html;Suffering, The - Ties That Bind.chd;https://archive.org/download/ps2-redump-usa-chd-part-S/Suffering, The - Ties That Bind (USA).chd;2.07 GiB;JOGO_EXISTE_OUTRO_LINK;Existe no banco (rom_id 377414, source 1): https://huggingface.co/datasets/luisluis123/ps2chd/resolve/main/Suffering, The - Ties That Bind (USA).chd
ps2_chd0.html;Suffering, The.chd;https://archive.org/download/ps2-redump-usa-chd-part-S/Suffering, The (USA).chd;2.88 GiB;JOGO_EXISTE_OUTRO_LINK;Existe no banco (rom_id 377413, source 1): https://huggingface.co/datasets/luisluis123/ps2chd/resolve/main/Suffering, The (USA).chd
ps2_chd0.html;Suikoden III.chd;https://archive.org/download/ps2-redump-usa-chd-part-S/Suikoden III (USA).chd;;JOGO_EXISTE_OUTRO_LINK;Existe no banco (rom_id 377415, source 1): https://huggingface.co/datasets/luisluis123/ps2chd/resolve/main/Suikoden III (USA).chd
ps2_chd0.html;Suikoden IV.chd;https://archive.org/download/ps2-redump-usa-chd-part-S/Suikoden IV (USA).chd;;JOGO_EXISTE_OUTRO_LINK;Existe no banco (rom_id 377416, source 1): https://huggingface.co/datasets/luisluis123/ps2chd/resolve/main/Suikoden IV (USA).chd
ps2_chd0.html;Suikoden Tactics.chd;https://archive.org/download/ps2-redump-usa-chd-part-S/Suikoden Tactics (USA).chd;;JOGO_EXISTE_OUTRO_LINK;Existe no banco (rom_id 377417, source 1): https://huggingface.co/datasets/luisluis123/ps2chd/resolve/main/Suikoden Tactics (USA).chd
ps2_chd0.html;Suikoden V.chd;https://archive.org/download/ps2-redump-usa-chd-part-S/Suikoden V (USA).chd;;JOGO_EXISTE_OUTRO_LINK;Existe no banco (rom_id 377418, source 1): https://huggingface.co/datasets/luisluis123/ps2chd/resolve/main/Suikoden V (USA).chd
ps2_chd0.html;Summer Athletics - The Ultimate Challenge.chd;https://archive.org/download/ps2-redump-usa-chd-part-S/Summer Athletics - The Ultimate Challenge (USA).chd;;JOGO_EXISTE_OUTRO_LINK;Existe no banco (rom_id 377419, source 1): https://huggingface.co/datasets/luisluis123/ps2chd/resolve/main/Summer Athletics - The Ultimate Challenge (USA).chd
ps2_chd0.html;Summer Heat Beach Volleyball.chd;https://archive.org/download/ps2-redump-usa-chd-part-S/Summer Heat Beach Volleyball (USA).chd;;JOGO_EXISTE_OUTRO_LINK;Existe no banco (rom_id 377420, source 1): https://huggingface.co/datasets/luisluis123/ps2chd/resolve/main/Summer Heat Beach Volleyball (USA).chd
ps2_chd0.html;Summoner 2.chd;https://archive.org/download/ps2-redump-usa-chd-part-S/Summoner 2 (USA).chd;;JOGO_EXISTE_OUTRO_LINK;Existe no banco (rom_id 377422, source 1): https://huggingface.co/datasets/luisluis123/ps2chd/resolve/main/Summoner 2 (USA).chd
ps2_chd0.html;Summoner.chd;https://archive.org/download/ps2-redump-usa-chd-part-S/Summoner (USA).chd;;JOGO_EXISTE_OUTRO_LINK;Existe no banco (rom_id 377421, source 1): https://huggingface.co/datasets/luisluis123/ps2chd/resolve/main/Summoner (USA).chd
ps2_chd0.html;Sunny Garcia Surfing.chd;https://archive.org/download/ps2-redump-usa-chd-part-S/Sunny Garcia Surfing (USA).chd;;JOGO_EXISTE_OUTRO_LINK;Existe no banco (rom_id 377423, source 1): https://huggingface.co/datasets/luisluis123/ps2chd/resolve/main/Sunny Garcia Surfing (USA).chd
ps2_chd0.html;Super Bust-A-Move 2.chd;https://archive.org/download/ps2-redump-usa-chd-part-S/Super Bust-A-Move 2 (USA).chd;;JOGO_EXISTE_OUTRO_LINK;Existe no banco (rom_id 377425, source 1): https://huggingface.co/datasets/luisluis123/ps2chd/resolve/main/Super Bust-A-Move 2 (USA).chd
ps2_chd0.html;Super Bust-A-Move.chd;https://archive.org/download/ps2-redump-usa-chd-part-S/Super Bust-A-Move (USA).chd;;JOGO_EXISTE_OUTRO_LINK;Existe no banco (rom_id 377424, source 1): https://huggingface.co/datasets/luisluis123/ps2chd/resolve/main/Super Bust-A-Move (USA).chd
ps2_chd0.html;Super Dragon Ball Z.chd;https://archive.org/download/ps2-redump-usa-chd-part-S/Super Dragon Ball Z (USA).chd;;JOGO_EXISTE_OUTRO_LINK;Existe no banco (rom_id 377426, source 1): https://huggingface.co/datasets/luisluis123/ps2chd/resolve/main/Super Dragon Ball Z (USA).chd
ps2_chd0.html;Super Monkey Ball Adventure.chd;https://archive.org/download/ps2-redump-usa-chd-part-S/Super Monkey Ball Adventure (USA).chd;;JOGO_EXISTE_OUTRO_LINK;Existe no banco (rom_id 377427, source 1): https://huggingface.co/datasets/luisluis123/ps2chd/resolve/main/Super Monkey Ball Adventure (USA).chd
ps2_chd0.html;Super Monkey Ball Deluxe.chd;https://archive.org/download/ps2-redump-usa-chd-part-S/Super Monkey Ball Deluxe (USA).chd;;JOGO_EXISTE_OUTRO_LINK;Existe no banco (rom_id 377428, source 1): https://huggingface.co/datasets/luisluis123/ps2chd/resolve/main/Super Monkey Ball Deluxe (USA).chd
ps2_chd0.html;Super PickUps.chd;https://archive.org/download/ps2-redump-usa-chd-part-S/Super PickUps (USA).chd;;JOGO_EXISTE_OUTRO_LINK;Existe no banco (rom_id 377429, source 1): https://huggingface.co/datasets/luisluis123/ps2chd/resolve/main/Super PickUps (USA).chd
ps2_chd0.html;Super Trucks Racing.chd;https://archive.org/download/ps2-redump-usa-chd-part-S/Super Trucks Racing (USA).chd;;JOGO_EXISTE_OUTRO_LINK;Existe no banco (rom_id 377430, source 1): https://huggingface.co/datasets/luisluis123/ps2chd/resolve/main/Super Trucks Racing (USA).chd
ps2_chd0.html;Supercar Street Challenge.chd;https://archive.org/download/ps2-redump-usa-chd-part-S/Supercar Street Challenge (USA).chd;;JOGO_EXISTE_OUTRO_LINK;Existe no banco (rom_id 377431, source 1): https://huggingface.co/datasets/luisluis123/ps2chd/resolve/main/Supercar Street Challenge (USA).chd
ps2_chd0.html;Superman - Shadow of Apokolips.chd;https://archive.org/download/ps2-redump-usa-chd-part-S/Superman - Shadow of Apokolips (USA).chd;;JOGO_EXISTE_OUTRO_LINK;Existe no banco (rom_id 377432, source 1): https://huggingface.co/datasets/luisluis123/ps2chd/resolve/main/Superman - Shadow of Apokolips (USA).chd
ps2_chd0.html;Superman Returns.chd;https://archive.org/download/ps2-redump-usa-chd-part-S/Superman Returns (USA).chd;;JOGO_EXISTE_OUTRO_LINK;Existe no banco (rom_id 377433, source 1): https://huggingface.co/datasets/luisluis123/ps2chd/resolve/main/Superman Returns (USA).chd
ps2_chd0.html;Surf's Up.chd;https://archive.org/download/ps2-redump-usa-chd-part-S/Surf's Up (USA).chd;;JOGO_EXISTE_OUTRO_LINK;Existe no banco (rom_id 377434, source 1): https://huggingface.co/datasets/luisluis123/ps2chd/resolve/main/Surf's Up (USA).chd
ps2_chd0.html;Surfing H3O.chd;https://archive.org/download/ps2-redump-usa-chd-part-S/Surfing H3O (USA).chd;;JOGO_EXISTE_OUTRO_LINK;Existe no banco (rom_id 377435, source 1): https://huggingface.co/datasets/luisluis123/ps2chd/resolve/main/Surfing H3O (USA).chd
ps2_chd0.html;Suzuki Super-Bikes II - Riding Challenge.chd;https://archive.org/download/ps2-redump-usa-chd-part-S/Suzuki Super-Bikes II - Riding Challenge (USA) (En,Fr,Es).chd;;JOGO_EXISTE_OUTRO_LINK;Existe no banco (rom_id 377436, source 1): https://huggingface.co/datasets/luisluis123/ps2chd/resolve/main/Suzuki Super-Bikes II - Riding Challenge (USA) (En,Fr,Es).chd
ps2_chd0.html;Suzuki TT Superbikes - Real Road Racing Championship.chd;https://archive.org/download/ps2-redump-usa-chd-part-S/Suzuki TT Superbikes - Real Road Racing Championship (USA).chd;;JOGO_EXISTE_OUTRO_LINK;Existe no banco (rom_id 377438, source 1): https://huggingface.co/datasets/luisluis123/ps2chd/resolve/main/Suzuki TT Superbikes - Real Road Racing Championship (USA).chd
ps2_chd0.html;Suzuki TT Superbikes - Real Road Racing.chd;https://archive.org/download/ps2-redump-usa-chd-part-S/Suzuki TT Superbikes - Real Road Racing (USA).chd;1.30 GiB;JOGO_EXISTE_OUTRO_LINK;Existe no banco (rom_id 377437, source 1): https://huggingface.co/datasets/luisluis123/ps2chd/resolve/main/Suzuki TT Superbikes - Real Road Racing (USA).chd
ps2_chd0.html;Swashbucklers - Blue vs. Grey.chd;https://archive.org/download/ps2-redump-usa-chd-part-S/Swashbucklers - Blue vs. Grey (USA).chd;758.25 MiB;JOGO_EXISTE_OUTRO_LINK;Existe no banco (rom_id 377439, source 1): https://huggingface.co/datasets/luisluis123/ps2chd/resolve/main/Swashbucklers - Blue vs. Grey (USA).chd
ps2_chd0.html;SWAT - Global Strike Team.chd;https://archive.org/download/ps2-redump-usa-chd-part-S/SWAT - Global Strike Team (USA).chd;;JOGO_EXISTE_OUTRO_LINK;Existe no banco (rom_id 377209, source 1): https://huggingface.co/datasets/luisluis123/ps2chd/resolve/main/SWAT - Global Strike Team (USA).chd
ps2_chd0.html;Swing Away Golf.chd;https://archive.org/download/ps2-redump-usa-chd-part-S/Swing Away Golf (USA).chd;;JOGO_EXISTE_OUTRO_LINK;Existe no banco (rom_id 377440, source 1): https://huggingface.co/datasets/luisluis123/ps2chd/resolve/main/Swing Away Golf (USA).chd
ps2_chd0.html;Syphon Filter - Dark Mirror.chd;https://archive.org/download/ps2-redump-usa-chd-part-S/Syphon Filter - Dark Mirror (USA).chd;;JOGO_EXISTE_OUTRO_LINK;Existe no banco (rom_id 377441, source 1): https://huggingface.co/datasets/luisluis123/ps2chd/resolve/main/Syphon Filter - Dark Mirror (USA).chd
ps2_chd0.html;Syphon Filter - Logan's Shadow.chd;https://archive.org/download/ps2-redump-usa-chd-part-S/Syphon Filter - Logan's Shadow (USA).chd;;JOGO_EXISTE_OUTRO_LINK;Existe no banco (rom_id 377442, source 1): https://huggingface.co/datasets/luisluis123/ps2chd/resolve/main/Syphon Filter - Logan's Shadow (USA).chd
ps2_chd0.html;Syphon Filter - The Omega Strain.chd;https://archive.org/download/ps2-redump-usa-chd-part-S/Syphon Filter - The Omega Strain (USA).chd;;JOGO_EXISTE_OUTRO_LINK;Existe no banco (rom_id 377443, source 1): https://huggingface.co/datasets/luisluis123/ps2chd/resolve/main/Syphon Filter - The Omega Strain (USA).chd
ps2_chd0.html;Taiko Drum Master.chd;https://archive.org/download/ps2-redump-usa-chd-part-T/Taiko Drum Master (USA).chd;;JOGO_EXISTE_OUTRO_LINK;Existe no banco (rom_id 377451, source 1): https://huggingface.co/datasets/luisluis123/ps2chd/resolve/main/Taiko Drum Master (USA).chd
ps2_chd0.html;Taito Legends 2.chd;https://archive.org/download/ps2-redump-usa-chd-part-T/Taito Legends 2 (USA).chd;;JOGO_EXISTE_OUTRO_LINK;Existe no banco (rom_id 377453, source 1): https://huggingface.co/datasets/luisluis123/ps2chd/resolve/main/Taito Legends 2 (USA).chd
ps2_chd0.html;Taito Legends.chd;https://archive.org/download/ps2-redump-usa-chd-part-T/Taito Legends (USA).chd;;JOGO_EXISTE_OUTRO_LINK;Existe no banco (rom_id 377452, source 1): https://huggingface.co/datasets/luisluis123/ps2chd/resolve/main/Taito Legends (USA).chd
ps2_chd0.html;Tak and the Power of Juju.chd;https://archive.org/download/ps2-redump-usa-chd-part-T/Tak and the Power of Juju (USA).chd;;JOGO_EXISTE_OUTRO_LINK;Existe no banco (rom_id 377454, source 1): https://huggingface.co/datasets/luisluis123/ps2chd/resolve/main/Tak and the Power of Juju (USA).chd
ps2_chd0.html;Tale of Despereaux, The.chd;https://archive.org/download/ps2-redump-usa-chd-part-T/Tale of Despereaux, The (USA) (En,Fr).chd;968.32 MiB;JOGO_EXISTE_OUTRO_LINK;Existe no banco (rom_id 377455, source 1): https://huggingface.co/datasets/luisluis123/ps2chd/resolve/main/Tale of Despereaux, The (USA) (En,Fr).chd
ps2_chd0.html;Tales of Legendia.chd;https://archive.org/download/ps2-redump-usa-chd-part-T/Tales of Legendia (USA).chd;;JOGO_EXISTE_OUTRO_LINK;Existe no banco (rom_id 377456, source 1): https://huggingface.co/datasets/luisluis123/ps2chd/resolve/main/Tales of Legendia (USA).chd
ps2_chd0.html;Tales of the Abyss.chd;https://archive.org/download/ps2-redump-usa-chd-part-T/Tales of the Abyss (USA).chd;;JOGO_EXISTE_OUTRO_LINK;Existe no banco (rom_id 377457, source 1): https://huggingface.co/datasets/luisluis123/ps2chd/resolve/main/Tales of the Abyss (USA).chd
ps2_chd0.html;Taz - Wanted.chd;https://archive.org/download/ps2-redump-usa-chd-part-T/Taz - Wanted (USA) (En,Fr,De,Es,It).chd;;JOGO_EXISTE_OUTRO_LINK;Existe no banco (rom_id 377458, source 1): https://huggingface.co/datasets/luisluis123/ps2chd/resolve/main/Taz - Wanted (USA) (En,Fr,De,Es,It).chd
ps2_chd0.html;Technic Beat.chd;https://archive.org/download/ps2-redump-usa-chd-part-T/Technic Beat (USA).chd;;JOGO_EXISTE_OUTRO_LINK;Existe no banco (rom_id 377459, source 1): https://huggingface.co/datasets/luisluis123/ps2chd/resolve/main/Technic Beat (USA).chd
ps2_chd0.html;Teen Titans.chd;https://archive.org/download/ps2-redump-usa-chd-part-T/Teen Titans (USA).chd;;JOGO_EXISTE_OUTRO_LINK;Existe no banco (rom_id 377460, source 1): https://huggingface.co/datasets/luisluis123/ps2chd/resolve/main/Teen Titans (USA).chd
ps2_chd0.html;Teenage Mutant Ninja Turtles - Smash-Up.chd;https://archive.org/download/ps2-redump-usa-chd-part-T/Teenage Mutant Ninja Turtles - Smash-Up (USA) (En,Fr,Es).chd;;JOGO_EXISTE_OUTRO_LINK;Existe no banco (rom_id 377462, source 1): https://huggingface.co/datasets/luisluis123/ps2chd/resolve/main/Teenage Mutant Ninja Turtles - Smash-Up (USA) (En,Fr,Es).chd
ps2_chd0.html;Teenage Mutant Ninja Turtles 2 - Battle Nexus.chd;https://archive.org/download/ps2-redump-usa-chd-part-T/Teenage Mutant Ninja Turtles 2 - Battle Nexus (USA).chd;;JOGO_EXISTE_OUTRO_LINK;Existe no banco (rom_id 377463, source 1): https://huggingface.co/datasets/luisluis123/ps2chd/resolve/main/Teenage Mutant Ninja Turtles 2 - Battle Nexus (USA).chd
ps2_chd0.html;Teenage Mutant Ninja Turtles 3 - Mutant Nightmare.chd;https://archive.org/download/ps2-redump-usa-chd-part-T/Teenage Mutant Ninja Turtles 3 - Mutant Nightmare (USA).chd;;JOGO_EXISTE_OUTRO_LINK;Existe no banco (rom_id 377464, source 1): https://huggingface.co/datasets/luisluis123/ps2chd/resolve/main/Teenage Mutant Ninja Turtles 3 - Mutant Nightmare (USA).chd
ps2_chd0.html;Teenage Mutant Ninja Turtles.chd;https://archive.org/download/ps2-redump-usa-chd-part-T/Teenage Mutant Ninja Turtles (USA).chd;;JOGO_EXISTE_OUTRO_LINK;Existe no banco (rom_id 377461, source 1): https://huggingface.co/datasets/luisluis123/ps2chd/resolve/main/Teenage Mutant Ninja Turtles (USA).chd
ps2_chd0.html;Tekken 4.chd;https://archive.org/download/ps2-redump-usa-chd-part-T/Tekken 4 (USA).chd;;JOGO_EXISTE_OUTRO_LINK;Existe no banco (rom_id 377465, source 1): https://huggingface.co/datasets/luisluis123/ps2chd/resolve/main/Tekken 4 (USA).chd
ps2_chd0.html;Tekken 5.chd;https://archive.org/download/ps2-redump-usa-chd-part-T/Tekken 5 (USA).chd;;JOGO_EXISTE_OUTRO_LINK;Existe no banco (rom_id 377466, source 1): https://huggingface.co/datasets/luisluis123/ps2chd/resolve/main/Tekken 5 (USA).chd
ps2_chd0.html;Tekken Tag Tournament.chd;https://archive.org/download/ps2-redump-usa-chd-part-T/Tekken Tag Tournament (USA) (v2.00).chd;;JOGO_EXISTE_OUTRO_LINK;Existe no banco (rom_id 377467, source 1): https://huggingface.co/datasets/luisluis123/ps2chd/resolve/main/Tekken Tag Tournament (USA) (v1.00).chd
ps2_chd0.html;Tenchu - Fatal Shadows.chd;https://archive.org/download/ps2-redump-usa-chd-part-T/Tenchu - Fatal Shadows (USA).chd;;JOGO_EXISTE_OUTRO_LINK;Existe no banco (rom_id 377469, source 1): https://huggingface.co/datasets/luisluis123/ps2chd/resolve/main/Tenchu - Fatal Shadows (USA).chd
ps2_chd0.html;Tenchu - Wrath of Heaven.chd;https://archive.org/download/ps2-redump-usa-chd-part-T/Tenchu - Wrath of Heaven (USA) (En,Ja).chd;;JOGO_EXISTE_OUTRO_LINK;Existe no banco (rom_id 377470, source 1): https://huggingface.co/datasets/luisluis123/ps2chd/resolve/main/Tenchu - Wrath of Heaven (USA) (En,Ja).chd
ps2_chd0.html;Terminator 3 - Rise of the Machines.chd;https://archive.org/download/ps2-redump-usa-chd-part-T/Terminator 3 - Rise of the Machines (USA).chd;;JOGO_EXISTE_OUTRO_LINK;Existe no banco (rom_id 377471, source 1): https://huggingface.co/datasets/luisluis123/ps2chd/resolve/main/Terminator 3 - Rise of the Machines (USA).chd
ps2_chd0.html;Terminator 3 - The Redemption.chd;https://archive.org/download/ps2-redump-usa-chd-part-T/Terminator 3 - The Redemption (USA).chd;;JOGO_EXISTE_OUTRO_LINK;Existe no banco (rom_id 377472, source 1): https://huggingface.co/datasets/luisluis123/ps2chd/resolve/main/Terminator 3 - The Redemption (USA).chd
ps2_chd0.html;Terminator, The - Dawn of Fate.chd;https://archive.org/download/ps2-redump-usa-chd-part-T/Terminator, The - Dawn of Fate (USA).chd;2.55 GiB;JOGO_EXISTE_OUTRO_LINK;Existe no banco (rom_id 377473, source 1): https://huggingface.co/datasets/luisluis123/ps2chd/resolve/main/Terminator, The - Dawn of Fate (USA).chd
ps2_chd0.html;Test Drive - Eve of Destruction.chd;https://archive.org/download/ps2-redump-usa-chd-part-T/Test Drive - Eve of Destruction (USA).chd;;JOGO_EXISTE_OUTRO_LINK;Existe no banco (rom_id 377476, source 1): https://huggingface.co/datasets/luisluis123/ps2chd/resolve/main/Test Drive - Eve of Destruction (USA).chd
ps2_chd0.html;Test Drive Off-Road - Wide Open.chd;https://archive.org/download/ps2-redump-usa-chd-part-T/Test Drive Off-Road - Wide Open (USA).chd;;JOGO_EXISTE_OUTRO_LINK;Existe no banco (rom_id 377477, source 1): https://huggingface.co/datasets/luisluis123/ps2chd/resolve/main/Test Drive Off-Road - Wide Open (USA).chd
ps2_chd0.html;Test Drive Unlimited.chd;https://archive.org/download/ps2-redump-usa-chd-part-T/Test Drive Unlimited (USA).chd;;JOGO_EXISTE_OUTRO_LINK;Existe no banco (rom_id 377478, source 1): https://huggingface.co/datasets/luisluis123/ps2chd/resolve/main/Test Drive Unlimited (USA).chd
ps2_chd0.html;Test Drive.chd;https://archive.org/download/ps2-redump-usa-chd-part-T/Test Drive (USA) (v2.00).chd;;JOGO_EXISTE_OUTRO_LINK;Existe no banco (rom_id 377474, source 1): https://huggingface.co/datasets/luisluis123/ps2chd/resolve/main/Test Drive (USA) (v1.00).chd
ps2_chd0.html;Tetris Worlds.chd;https://archive.org/download/ps2-redump-usa-chd-part-T/Tetris Worlds (USA).chd;;JOGO_EXISTE_OUTRO_LINK;Existe no banco (rom_id 377479, source 1): https://huggingface.co/datasets/luisluis123/ps2chd/resolve/main/Tetris Worlds (USA).chd
ps2_chd0.html;Theme Park Roller Coaster.chd;https://archive.org/download/ps2-redump-usa-chd-part-T/Theme Park Roller Coaster (USA).chd;;JOGO_EXISTE_OUTRO_LINK;Existe no banco (rom_id 377480, source 1): https://huggingface.co/datasets/luisluis123/ps2chd/resolve/main/Theme Park Roller Coaster (USA).chd
ps2_chd0.html;Thing, The.chd;https://archive.org/download/ps2-redump-usa-chd-part-T/Thing, The (USA).chd;316.92 MiB;JOGO_EXISTE_OUTRO_LINK;Existe no banco (rom_id 377481, source 1): https://huggingface.co/datasets/luisluis123/ps2chd/resolve/main/Thing, The (USA).chd
ps2_chd0.html;Thrillville - Off the Rails.chd;https://archive.org/download/ps2-redump-usa-chd-part-T/Thrillville - Off the Rails (USA).chd;;JOGO_EXISTE_OUTRO_LINK;Existe no banco (rom_id 377484, source 1): https://huggingface.co/datasets/luisluis123/ps2chd/resolve/main/Thrillville - Off the Rails (USA).chd
ps2_chd0.html;Thrillville.chd;https://archive.org/download/ps2-redump-usa-chd-part-T/Thrillville (USA) (v2.00).chd;;JOGO_EXISTE_OUTRO_LINK;Existe no banco (rom_id 377482, source 1): https://huggingface.co/datasets/luisluis123/ps2chd/resolve/main/Thrillville (USA) (v1.03).chd
ps2_chd0.html;Thunder Strike - Operation Phoenix.chd;https://archive.org/download/ps2-redump-usa-chd-part-T/Thunder Strike - Operation Phoenix (USA) (v2.00).chd;545.88 MiB;JOGO_EXISTE_OUTRO_LINK;Existe no banco (rom_id 377485, source 1): https://huggingface.co/datasets/luisluis123/ps2chd/resolve/main/Thunder Strike - Operation Phoenix (USA) (v1.00).chd
ps2_chd0.html;Tiger Woods PGA Tour 06.chd;https://archive.org/download/ps2-redump-usa-chd-part-T/Tiger Woods PGA Tour 06 (USA).chd;;JOGO_EXISTE_OUTRO_LINK;Existe no banco (rom_id 377487, source 1): https://huggingface.co/datasets/luisluis123/ps2chd/resolve/main/Tiger Woods PGA Tour 06 (USA).chd
ps2_chd0.html;Tiger Woods PGA Tour 07.chd;https://archive.org/download/ps2-redump-usa-chd-part-T/Tiger Woods PGA Tour 07 (USA).chd;;JOGO_EXISTE_OUTRO_LINK;Existe no banco (rom_id 377488, source 1): https://huggingface.co/datasets/luisluis123/ps2chd/resolve/main/Tiger Woods PGA Tour 07 (USA).chd
ps2_chd0.html;Tiger Woods PGA Tour 08.chd;https://archive.org/download/ps2-redump-usa-chd-part-T/Tiger Woods PGA Tour 08 (USA).chd;;JOGO_EXISTE_OUTRO_LINK;Existe no banco (rom_id 377489, source 1): https://huggingface.co/datasets/luisluis123/ps2chd/resolve/main/Tiger Woods PGA Tour 08 (USA).chd
ps2_chd0.html;Tiger Woods PGA Tour 09.chd;https://archive.org/download/ps2-redump-usa-chd-part-T/Tiger Woods PGA Tour 09 (USA).chd;;JOGO_EXISTE_OUTRO_LINK;Existe no banco (rom_id 377490, source 1): https://huggingface.co/datasets/luisluis123/ps2chd/resolve/main/Tiger Woods PGA Tour 09 (USA).chd
ps2_chd0.html;Tiger Woods PGA Tour 10.chd;https://archive.org/download/ps2-redump-usa-chd-part-T/Tiger Woods PGA Tour 10 (USA).chd;;JOGO_EXISTE_OUTRO_LINK;Existe no banco (rom_id 377491, source 1): https://huggingface.co/datasets/luisluis123/ps2chd/resolve/main/Tiger Woods PGA Tour 10 (USA).chd
ps2_chd0.html;Tiger Woods PGA Tour 2001.chd;https://archive.org/download/ps2-redump-usa-chd-part-T/Tiger Woods PGA Tour 2001 (USA).chd;;JOGO_EXISTE_OUTRO_LINK;Existe no banco (rom_id 377492, source 1): https://huggingface.co/datasets/luisluis123/ps2chd/resolve/main/Tiger Woods PGA Tour 2001 (USA).chd
ps2_chd0.html;Tiger Woods PGA Tour 2002.chd;https://archive.org/download/ps2-redump-usa-chd-part-T/Tiger Woods PGA Tour 2002 (USA).chd;;JOGO_EXISTE_OUTRO_LINK;Existe no banco (rom_id 377493, source 1): https://huggingface.co/datasets/luisluis123/ps2chd/resolve/main/Tiger Woods PGA Tour 2002 (USA).chd
ps2_chd0.html;Tiger Woods PGA Tour 2003.chd;https://archive.org/download/ps2-redump-usa-chd-part-T/Tiger Woods PGA Tour 2003 (USA).chd;;JOGO_EXISTE_OUTRO_LINK;Existe no banco (rom_id 377494, source 1): https://huggingface.co/datasets/luisluis123/ps2chd/resolve/main/Tiger Woods PGA Tour 2003 (USA).chd
ps2_chd0.html;Tiger Woods PGA Tour 2004.chd;https://archive.org/download/ps2-redump-usa-chd-part-T/Tiger Woods PGA Tour 2004 (USA).chd;;JOGO_EXISTE_OUTRO_LINK;Existe no banco (rom_id 377495, source 1): https://huggingface.co/datasets/luisluis123/ps2chd/resolve/main/Tiger Woods PGA Tour 2004 (USA).chd
ps2_chd0.html;Tiger Woods PGA Tour 2005.chd;https://archive.org/download/ps2-redump-usa-chd-part-T/Tiger Woods PGA Tour 2005 (USA).chd;;JOGO_EXISTE_OUTRO_LINK;Existe no banco (rom_id 377496, source 1): https://huggingface.co/datasets/luisluis123/ps2chd/resolve/main/Tiger Woods PGA Tour 2005 (USA).chd
ps2_chd0.html;Tim Burton's The Nightmare Before Christmas - Oogie's Revenge.chd;https://archive.org/download/ps2-redump-usa-chd-part-T/Tim Burton's The Nightmare Before Christmas - Oogie's Revenge (USA).chd;;JOGO_EXISTE_OUTRO_LINK;Existe no banco (rom_id 377497, source 1): https://huggingface.co/datasets/luisluis123/ps2chd/resolve/main/Tim Burton's The Nightmare Before Christmas - Oogie's Revenge (USA).chd
ps2_chd0.html;Time Crisis - Crisis Zone.chd;https://archive.org/download/ps2-redump-usa-chd-part-T/Time Crisis - Crisis Zone (USA).chd;;JOGO_EXISTE_OUTRO_LINK;Existe no banco (rom_id 377498, source 1): https://huggingface.co/datasets/luisluis123/ps2chd/resolve/main/Time Crisis - Crisis Zone (USA).chd
ps2_chd0.html;Time Crisis 3.chd;https://archive.org/download/ps2-redump-usa-chd-part-T/Time Crisis 3 (USA).chd;;JOGO_EXISTE_OUTRO_LINK;Existe no banco (rom_id 377499, source 1): https://huggingface.co/datasets/luisluis123/ps2chd/resolve/main/Time Crisis 3 (USA).chd
ps2_chd0.html;Time Crisis II.chd;https://archive.org/download/ps2-redump-usa-chd-part-T/Time Crisis II (USA).chd;;JOGO_EXISTE_OUTRO_LINK;Existe no banco (rom_id 377500, source 1): https://huggingface.co/datasets/luisluis123/ps2chd/resolve/main/Time Crisis II (USA).chd
ps2_chd0.html;TimeSplitters - Future Perfect.chd;https://archive.org/download/ps2-redump-usa-chd-part-T/TimeSplitters - Future Perfect (USA).chd;;JOGO_EXISTE_OUTRO_LINK;Existe no banco (rom_id 377503, source 1): https://huggingface.co/datasets/luisluis123/ps2chd/resolve/main/TimeSplitters - Future Perfect (USA).chd
ps2_chd0.html;TimeSplitters 2.chd;https://archive.org/download/ps2-redump-usa-chd-part-T/TimeSplitters 2 (USA).chd;;JOGO_EXISTE_OUTRO_LINK;Existe no banco (rom_id 377504, source 1): https://huggingface.co/datasets/luisluis123/ps2chd/resolve/main/TimeSplitters 2 (USA).chd
ps2_chd0.html;TimeSplitters.chd;https://archive.org/download/ps2-redump-usa-chd-part-T/TimeSplitters (USA) (v2.00).chd;;JOGO_EXISTE_OUTRO_LINK;Existe no banco (rom_id 377501, source 1): https://huggingface.co/datasets/luisluis123/ps2chd/resolve/main/TimeSplitters (USA) (v1.10).chd
ps2_chd0.html;TMNT.chd;https://archive.org/download/ps2-redump-usa-chd-part-T/TMNT (USA) (En,Fr,Es).chd;;JOGO_EXISTE_OUTRO_LINK;Existe no banco (rom_id 377444, source 1): https://huggingface.co/datasets/luisluis123/ps2chd/resolve/main/TMNT (USA) (En,Fr,Es).chd
ps2_chd0.html;TNA Impact! Total Nonstop Action Wrestling.chd;https://archive.org/download/ps2-redump-usa-chd-part-T/TNA Impact! Total Nonstop Action Wrestling (USA).chd;3.32 GiB;JOGO_EXISTE_OUTRO_LINK;Existe no banco (rom_id 377445, source 1): https://huggingface.co/datasets/luisluis123/ps2chd/resolve/main/TNA Impact! Total Nonstop Action Wrestling (USA).chd
ps2_chd0.html;TOCA Race Driver 2.chd;https://archive.org/download/ps2-redump-usa-chd-part-T/TOCA Race Driver 2 (USA).chd;2.57 GiB;JOGO_EXISTE_OUTRO_LINK;Existe no banco (rom_id 377446, source 1): https://huggingface.co/datasets/luisluis123/ps2chd/resolve/main/TOCA Race Driver 2 (USA).chd
ps2_chd0.html;TOCA Race Driver 3 - The Ultimate Racing Simulator.chd;https://archive.org/download/ps2-redump-usa-chd-part-T/TOCA Race Driver 3 - The Ultimate Racing Simulator (USA).chd;2.41 GiB;JOGO_EXISTE_OUTRO_LINK;Existe no banco (rom_id 377447, source 1): https://huggingface.co/datasets/luisluis123/ps2chd/resolve/main/TOCA Race Driver 3 - The Ultimate Racing Simulator (USA).chd
ps2_chd0.html;Tokobot Plus - Mysteries of the Karakuri.chd;https://archive.org/download/ps2-redump-usa-chd-part-T/Tokobot Plus - Mysteries of the Karakuri (USA).chd;;JOGO_EXISTE_OUTRO_LINK;Existe no banco (rom_id 377505, source 1): https://huggingface.co/datasets/luisluis123/ps2chd/resolve/main/Tokobot Plus - Mysteries of the Karakuri (USA).chd
ps2_chd0.html;Tokyo Xtreme Racer - Drift 2.chd;https://archive.org/download/ps2-redump-usa-chd-part-T/Tokyo Xtreme Racer - Drift 2 (USA).chd;;JOGO_EXISTE_OUTRO_LINK;Existe no banco (rom_id 377507, source 1): https://huggingface.co/datasets/luisluis123/ps2chd/resolve/main/Tokyo Xtreme Racer - Drift 2 (USA).chd
ps2_chd0.html;Tokyo Xtreme Racer - Drift.chd;https://archive.org/download/ps2-redump-usa-chd-part-T/Tokyo Xtreme Racer - Drift (USA).chd;;JOGO_EXISTE_OUTRO_LINK;Existe no banco (rom_id 377506, source 1): https://huggingface.co/datasets/luisluis123/ps2chd/resolve/main/Tokyo Xtreme Racer - Drift (USA).chd
ps2_chd0.html;Tokyo Xtreme Racer - Zero.chd;https://archive.org/download/ps2-redump-usa-chd-part-T/Tokyo Xtreme Racer - Zero (USA).chd;;JOGO_EXISTE_OUTRO_LINK;Existe no banco (rom_id 377508, source 1): https://huggingface.co/datasets/luisluis123/ps2chd/resolve/main/Tokyo Xtreme Racer - Zero (USA).chd
ps2_chd0.html;Tokyo Xtreme Racer 3.chd;https://archive.org/download/ps2-redump-usa-chd-part-T/Tokyo Xtreme Racer 3 (USA).chd;;JOGO_EXISTE_OUTRO_LINK;Existe no banco (rom_id 377509, source 1): https://huggingface.co/datasets/luisluis123/ps2chd/resolve/main/Tokyo Xtreme Racer 3 (USA).chd
ps2_chd0.html;Tom and Jerry in War of the Whiskers.chd;https://archive.org/download/ps2-redump-usa-chd-part-T/Tom and Jerry in War of the Whiskers (USA) (En,Es).chd;368.13 MiB;JOGO_EXISTE_OUTRO_LINK;Existe no banco (rom_id 377520, source 1): https://huggingface.co/datasets/luisluis123/ps2chd/resolve/main/Tom and Jerry in War of the Whiskers (USA) (En,Es).chd
ps2_chd0.html;Tom Clancy's Ghost Recon - Advanced Warfighter.chd;https://archive.org/download/ps2-redump-usa-chd-part-T/Tom Clancy's Ghost Recon - Advanced Warfighter (USA).chd;;JOGO_EXISTE_OUTRO_LINK;Existe no banco (rom_id 377511, source 1): https://huggingface.co/datasets/luisluis123/ps2chd/resolve/main/Tom Clancy's Ghost Recon - Advanced Warfighter (USA).chd
ps2_chd0.html;Tom Clancy's Ghost Recon - Jungle Storm.chd;https://archive.org/download/ps2-redump-usa-chd-part-T/Tom Clancy's Ghost Recon - Jungle Storm (USA).chd;;JOGO_EXISTE_OUTRO_LINK;Existe no banco (rom_id 377512, source 1): https://huggingface.co/datasets/luisluis123/ps2chd/resolve/main/Tom Clancy's Ghost Recon - Jungle Storm (USA).chd
ps2_chd0.html;Tom Clancy's Ghost Recon 2.chd;https://archive.org/download/ps2-redump-usa-chd-part-T/Tom Clancy's Ghost Recon 2 (USA) (En,Fr,Es).chd;;JOGO_EXISTE_OUTRO_LINK;Existe no banco (rom_id 377513, source 1): https://huggingface.co/datasets/luisluis123/ps2chd/resolve/main/Tom Clancy's Ghost Recon 2 (USA) (En,Fr,Es).chd
ps2_chd0.html;Tom Clancy's Ghost Recon.chd;https://archive.org/download/ps2-redump-usa-chd-part-T/Tom Clancy's Ghost Recon (USA).chd;;JOGO_EXISTE_OUTRO_LINK;Existe no banco (rom_id 377510, source 1): https://huggingface.co/datasets/luisluis123/ps2chd/resolve/main/Tom Clancy's Ghost Recon (USA).chd
ps2_chd0.html;Tom Clancy's Rainbow Six - Lockdown.chd;https://archive.org/download/ps2-redump-usa-chd-part-T/Tom Clancy's Rainbow Six - Lockdown (USA).chd;;JOGO_EXISTE_OUTRO_LINK;Existe no banco (rom_id 377514, source 1): https://huggingface.co/datasets/luisluis123/ps2chd/resolve/main/Tom Clancy's Rainbow Six - Lockdown (USA).chd
ps2_chd0.html;Tom Clancy's Rainbow Six 3.chd;https://archive.org/download/ps2-redump-usa-chd-part-T/Tom Clancy's Rainbow Six 3 (USA).chd;;JOGO_EXISTE_OUTRO_LINK;Existe no banco (rom_id 377515, source 1): https://huggingface.co/datasets/luisluis123/ps2chd/resolve/main/Tom Clancy's Rainbow Six 3 (USA).chd
ps2_chd0.html;Tom Clancy's Splinter Cell - Chaos Theory.chd;https://archive.org/download/ps2-redump-usa-chd-part-T/Tom Clancy's Splinter Cell - Chaos Theory (USA) (En,Fr,Es).chd;;JOGO_EXISTE_OUTRO_LINK;Existe no banco (rom_id 377517, source 1): https://huggingface.co/datasets/luisluis123/ps2chd/resolve/main/Tom Clancy's Splinter Cell - Chaos Theory (USA) (En,Fr,Es).chd
ps2_chd0.html;Tom Clancy's Splinter Cell - Double Agent.chd;https://archive.org/download/ps2-redump-usa-chd-part-T/Tom Clancy's Splinter Cell - Double Agent (USA) (En,Fr,Es).chd;;JOGO_EXISTE_OUTRO_LINK;Existe no banco (rom_id 377518, source 1): https://huggingface.co/datasets/luisluis123/ps2chd/resolve/main/Tom Clancy's Splinter Cell - Double Agent (USA) (En,Fr,Es).chd
ps2_chd0.html;Tom Clancy's Splinter Cell - Pandora Tomorrow.chd;https://archive.org/download/ps2-redump-usa-chd-part-T/Tom Clancy's Splinter Cell - Pandora Tomorrow (USA).chd;;JOGO_EXISTE_OUTRO_LINK;Existe no banco (rom_id 377519, source 1): https://huggingface.co/datasets/luisluis123/ps2chd/resolve/main/Tom Clancy's Splinter Cell - Pandora Tomorrow (USA).chd
ps2_chd0.html;Tom Clancy's Splinter Cell.chd;https://archive.org/download/ps2-redump-usa-chd-part-T/Tom Clancy's Splinter Cell (USA).chd;;JOGO_EXISTE_OUTRO_LINK;Existe no banco (rom_id 377516, source 1): https://huggingface.co/datasets/luisluis123/ps2chd/resolve/main/Tom Clancy's Splinter Cell (USA).chd
ps2_chd0.html;Tomb Raider - Underworld.chd;https://archive.org/download/ps2-redump-usa-chd-part-T/Tomb Raider - Underworld (USA) (En,Fr,Es).chd;;JOGO_EXISTE_OUTRO_LINK;Existe no banco (rom_id 377521, source 1): https://huggingface.co/datasets/luisluis123/ps2chd/resolve/main/Tomb Raider - Underworld (USA) (En,Fr,Es).chd
ps2_chd0.html;Tony Hawk's American Wasteland.chd;https://archive.org/download/ps2-redump-usa-chd-part-T/Tony Hawk's American Wasteland (USA).chd;;JOGO_EXISTE_OUTRO_LINK;Existe no banco (rom_id 377522, source 1): https://huggingface.co/datasets/luisluis123/ps2chd/resolve/main/Tony Hawk's American Wasteland (USA) (Collector's Edition).chd
ps2_chd0.html;Tony Hawk's Downhill Jam.chd;https://archive.org/download/ps2-redump-usa-chd-part-T/Tony Hawk's Downhill Jam (USA).chd;;JOGO_EXISTE_OUTRO_LINK;Existe no banco (rom_id 377524, source 1): https://huggingface.co/datasets/luisluis123/ps2chd/resolve/main/Tony Hawk's Downhill Jam (USA).chd
ps2_chd0.html;Tony Hawk's Pro Skater 3.chd;https://archive.org/download/ps2-redump-usa-chd-part-T/Tony Hawk's Pro Skater 3 (USA).chd;;JOGO_EXISTE_OUTRO_LINK;Existe no banco (rom_id 377525, source 1): https://huggingface.co/datasets/luisluis123/ps2chd/resolve/main/Tony Hawk's Pro Skater 3 (USA) (Rev 1).chd
ps2_chd0.html;Tony Hawk's Pro Skater 4.chd;https://archive.org/download/ps2-redump-usa-chd-part-T/Tony Hawk's Pro Skater 4 (USA) (v2.01).chd;;JOGO_EXISTE_OUTRO_LINK;Existe no banco (rom_id 377527, source 1): https://huggingface.co/datasets/luisluis123/ps2chd/resolve/main/Tony Hawk's Pro Skater 4 (USA) (v1.02).chd
ps2_chd0.html;Tony Hawk's Project 8.chd;https://archive.org/download/ps2-redump-usa-chd-part-T/Tony Hawk's Project 8 (USA).chd;;JOGO_EXISTE_OUTRO_LINK;Existe no banco (rom_id 377529, source 1): https://huggingface.co/datasets/luisluis123/ps2chd/resolve/main/Tony Hawk's Project 8 (USA).chd
ps2_chd0.html;Tony Hawk's Proving Ground.chd;https://archive.org/download/ps2-redump-usa-chd-part-T/Tony Hawk's Proving Ground (USA).chd;;JOGO_EXISTE_OUTRO_LINK;Existe no banco (rom_id 377530, source 1): https://huggingface.co/datasets/luisluis123/ps2chd/resolve/main/Tony Hawk's Proving Ground (USA).chd
ps2_chd0.html;Tony Hawk's Underground 2.chd;https://archive.org/download/ps2-redump-usa-chd-part-T/Tony Hawk's Underground 2 (USA).chd;;JOGO_EXISTE_OUTRO_LINK;Existe no banco (rom_id 377532, source 1): https://huggingface.co/datasets/luisluis123/ps2chd/resolve/main/Tony Hawk's Underground 2 (USA).chd
ps2_chd0.html;Tony Hawk's Underground.chd;https://archive.org/download/ps2-redump-usa-chd-part-T/Tony Hawk's Underground (USA).chd;;JOGO_EXISTE_OUTRO_LINK;Existe no banco (rom_id 377531, source 1): https://huggingface.co/datasets/luisluis123/ps2chd/resolve/main/Tony Hawk's Underground (USA).chd
ps2_chd0.html;Top Angler - Real Bass Fishing.chd;https://archive.org/download/ps2-redump-usa-chd-part-T/Top Angler - Real Bass Fishing (USA).chd;541.18 MiB;JOGO_EXISTE_OUTRO_LINK;Existe no banco (rom_id 377533, source 1): https://huggingface.co/datasets/luisluis123/ps2chd/resolve/main/Top Angler - Real Bass Fishing (USA).chd
ps2_chd0.html;Top Gear Dare Devil.chd;https://archive.org/download/ps2-redump-usa-chd-part-T/Top Gear Dare Devil (USA).chd;;JOGO_EXISTE_OUTRO_LINK;Existe no banco (rom_id 377534, source 1): https://huggingface.co/datasets/luisluis123/ps2chd/resolve/main/Top Gear Dare Devil (USA).chd
ps2_chd0.html;Top Gun - Combat Zones.chd;https://archive.org/download/ps2-redump-usa-chd-part-T/Top Gun - Combat Zones (USA).chd;;JOGO_EXISTE_OUTRO_LINK;Existe no banco (rom_id 377535, source 1): https://huggingface.co/datasets/luisluis123/ps2chd/resolve/main/Top Gun - Combat Zones (USA).chd
ps2_chd0.html;Top Spin.chd;https://archive.org/download/ps2-redump-usa-chd-part-T/Top Spin (USA) (En,Fr).chd;;JOGO_EXISTE_OUTRO_LINK;Existe no banco (rom_id 377536, source 1): https://huggingface.co/datasets/luisluis123/ps2chd/resolve/main/Top Spin (USA) (En,Fr).chd
ps2_chd0.html;Torino 2006.chd;https://archive.org/download/ps2-redump-usa-chd-part-T/Torino 2006 (USA).chd;336.46 MiB;JOGO_EXISTE_OUTRO_LINK;Existe no banco (rom_id 377537, source 1): https://huggingface.co/datasets/luisluis123/ps2chd/resolve/main/Torino 2006 (USA).chd
ps2_chd0.html;Total Immersion Racing.chd;https://archive.org/download/ps2-redump-usa-chd-part-T/Total Immersion Racing (USA).chd;;JOGO_EXISTE_OUTRO_LINK;Existe no banco (rom_id 377538, source 1): https://huggingface.co/datasets/luisluis123/ps2chd/resolve/main/Total Immersion Racing (USA).chd
ps2_chd0.html;Total Overdose - A Gunslinger's Tale in Mexico.chd;https://archive.org/download/ps2-redump-usa-chd-part-T/Total Overdose - A Gunslinger's Tale in Mexico (USA) (En,Fr,Es).chd;;JOGO_EXISTE_OUTRO_LINK;Existe no banco (rom_id 377539, source 1): https://huggingface.co/datasets/luisluis123/ps2chd/resolve/main/Total Overdose - A Gunslinger's Tale in Mexico (USA) (En,Fr,Es).chd
ps2_chd0.html;Totally Spies! Totally Party.chd;https://archive.org/download/ps2-redump-usa-chd-part-T/Totally Spies! Totally Party (USA).chd;;JOGO_EXISTE_OUTRO_LINK;Existe no banco (rom_id 377540, source 1): https://huggingface.co/datasets/luisluis123/ps2chd/resolve/main/Totally Spies! Totally Party (USA).chd
ps2_chd0.html;Tourist Trophy - The Real Riding Simulator.chd;https://archive.org/download/ps2-redump-usa-chd-part-T/Tourist Trophy - The Real Riding Simulator (USA).chd;;JOGO_EXISTE_OUTRO_LINK;Existe no banco (rom_id 377541, source 1): https://huggingface.co/datasets/luisluis123/ps2chd/resolve/main/Tourist Trophy - The Real Riding Simulator (USA).chd
ps2_chd0.html;Transformers - Revenge of the Fallen.chd;https://archive.org/download/ps2-redump-usa-chd-part-T/Transformers - Revenge of the Fallen (USA).chd;;JOGO_EXISTE_OUTRO_LINK;Existe no banco (rom_id 377544, source 1): https://huggingface.co/datasets/luisluis123/ps2chd/resolve/main/Transformers - Revenge of the Fallen (USA).chd
ps2_chd0.html;Transformers - The Game.chd;https://archive.org/download/ps2-redump-usa-chd-part-T/Transformers - The Game (USA).chd;;JOGO_EXISTE_OUTRO_LINK;Existe no banco (rom_id 377545, source 1): https://huggingface.co/datasets/luisluis123/ps2chd/resolve/main/Transformers - The Game (USA).chd
ps2_chd0.html;Transformers.chd;https://archive.org/download/ps2-redump-usa-chd-part-T/Transformers (USA).chd;;JOGO_EXISTE_OUTRO_LINK;Existe no banco (rom_id 377543, source 1): https://huggingface.co/datasets/luisluis123/ps2chd/resolve/main/Transformers (USA).chd
ps2_chd0.html;TransWorld Surf.chd;https://archive.org/download/ps2-redump-usa-chd-part-T/TransWorld Surf (USA).chd;;JOGO_EXISTE_OUTRO_LINK;Existe no banco (rom_id 377542, source 1): https://huggingface.co/datasets/luisluis123/ps2chd/resolve/main/TransWorld Surf (USA).chd
ps2_chd0.html;Trapt.chd;https://archive.org/download/ps2-redump-usa-chd-part-T/Trapt (USA).chd;;JOGO_EXISTE_OUTRO_LINK;Existe no banco (rom_id 377546, source 1): https://huggingface.co/datasets/luisluis123/ps2chd/resolve/main/Trapt (USA).chd
ps2_chd0.html;Tribes - Aerial Assault.chd;https://archive.org/download/ps2-redump-usa-chd-part-T/Tribes - Aerial Assault (USA).chd;;JOGO_EXISTE_OUTRO_LINK;Existe no banco (rom_id 377547, source 1): https://huggingface.co/datasets/luisluis123/ps2chd/resolve/main/Tribes - Aerial Assault (USA).chd
ps2_chd0.html;Trigger Man.chd;https://archive.org/download/ps2-redump-usa-chd-part-T/Trigger Man (USA).chd;;JOGO_EXISTE_OUTRO_LINK;Existe no banco (rom_id 377548, source 1): https://huggingface.co/datasets/luisluis123/ps2chd/resolve/main/Trigger Man (USA).chd
ps2_chd0.html;Triple Play 2002.chd;https://archive.org/download/ps2-redump-usa-chd-part-T/Triple Play 2002 (USA).chd;;JOGO_EXISTE_OUTRO_LINK;Existe no banco (rom_id 377549, source 1): https://huggingface.co/datasets/luisluis123/ps2chd/resolve/main/Triple Play 2002 (USA).chd
ps2_chd0.html;Triple Play Baseball.chd;https://archive.org/download/ps2-redump-usa-chd-part-T/Triple Play Baseball (USA).chd;;JOGO_EXISTE_OUTRO_LINK;Existe no banco (rom_id 377550, source 1): https://huggingface.co/datasets/luisluis123/ps2chd/resolve/main/Triple Play Baseball (USA).chd
ps2_chd0.html;Trivial Pursuit - Unhinged.chd;https://archive.org/download/ps2-redump-usa-chd-part-T/Trivial Pursuit - Unhinged (USA).chd;;JOGO_EXISTE_OUTRO_LINK;Existe no banco (rom_id 377552, source 1): https://huggingface.co/datasets/luisluis123/ps2chd/resolve/main/Trivial Pursuit - Unhinged (USA).chd
ps2_chd0.html;Trivial Pursuit.chd;https://archive.org/download/ps2-redump-usa-chd-part-T/Trivial Pursuit (USA).chd;;JOGO_EXISTE_OUTRO_LINK;Existe no banco (rom_id 377551, source 1): https://huggingface.co/datasets/luisluis123/ps2chd/resolve/main/Trivial Pursuit (USA).chd
ps2_chd0.html;True Crime - New York City.chd;https://archive.org/download/ps2-redump-usa-chd-part-T/True Crime - New York City (USA).chd;;JOGO_EXISTE_OUTRO_LINK;Existe no banco (rom_id 377553, source 1): https://huggingface.co/datasets/luisluis123/ps2chd/resolve/main/True Crime - New York City (USA).chd
ps2_chd0.html;True Crime - Streets of LA.chd;https://archive.org/download/ps2-redump-usa-chd-part-T/True Crime - Streets of LA (USA).chd;;JOGO_EXISTE_OUTRO_LINK;Existe no banco (rom_id 377554, source 1): https://huggingface.co/datasets/luisluis123/ps2chd/resolve/main/True Crime - Streets of LA (USA).chd
ps2_chd0.html;Tsugunai - Atonement.chd;https://archive.org/download/ps2-redump-usa-chd-part-T/Tsugunai - Atonement (USA).chd;;JOGO_EXISTE_OUTRO_LINK;Existe no banco (rom_id 377555, source 1): https://huggingface.co/datasets/luisluis123/ps2chd/resolve/main/Tsugunai - Atonement (USA).chd
ps2_chd0.html;Turok - Evolution.chd;https://archive.org/download/ps2-redump-usa-chd-part-T/Turok - Evolution (USA).chd;;JOGO_EXISTE_OUTRO_LINK;Existe no banco (rom_id 377556, source 1): https://huggingface.co/datasets/luisluis123/ps2chd/resolve/main/Turok - Evolution (USA).chd
ps2_chd0.html;Twisted Metal - Black Online.chd;https://archive.org/download/ps2-redump-usa-chd-part-T/Twisted Metal - Black Online (USA).chd;;JOGO_EXISTE_OUTRO_LINK;Existe no banco (rom_id 377558, source 1): https://huggingface.co/datasets/luisluis123/ps2chd/resolve/main/Twisted Metal - Black Online (USA).chd
ps2_chd0.html;Twisted Metal - Black.chd;https://archive.org/download/ps2-redump-usa-chd-part-T/Twisted Metal - Black (USA).chd;;JOGO_EXISTE_OUTRO_LINK;Existe no banco (rom_id 377557, source 1): https://huggingface.co/datasets/luisluis123/ps2chd/resolve/main/Twisted Metal - Black (USA).chd
ps2_chd0.html;Twisted Metal - Head-On - Extra Twisted Edition.chd;https://archive.org/download/ps2-redump-usa-chd-part-T/Twisted Metal - Head-On - Extra Twisted Edition (USA).chd;;JOGO_EXISTE_OUTRO_LINK;Existe no banco (rom_id 377559, source 1): https://huggingface.co/datasets/luisluis123/ps2chd/resolve/main/Twisted Metal - Head-On - Extra Twisted Edition (USA).chd
ps2_chd0.html;TY the Tasmanian Tiger - Night of the Quinkan.chd;https://archive.org/download/ps2-redump-usa-chd-part-T/TY the Tasmanian Tiger - Night of the Quinkan (USA).chd;1.02 GiB;JOGO_EXISTE_OUTRO_LINK;Existe no banco (rom_id 377449, source 1): https://huggingface.co/datasets/luisluis123/ps2chd/resolve/main/TY the Tasmanian Tiger - Night of the Quinkan (USA).chd
ps2_chd0.html;TY the Tasmanian Tiger 2 - Bush Rescue.chd;https://archive.org/download/ps2-redump-usa-chd-part-T/TY the Tasmanian Tiger 2 - Bush Rescue (USA).chd;;JOGO_EXISTE_OUTRO_LINK;Existe no banco (rom_id 377450, source 1): https://huggingface.co/datasets/luisluis123/ps2chd/resolve/main/TY the Tasmanian Tiger 2 - Bush Rescue (USA).chd
ps2_chd0.html;TY the Tasmanian Tiger.chd;https://archive.org/download/ps2-redump-usa-chd-part-T/TY the Tasmanian Tiger (USA) (En,Fr,De,Es).chd;;JOGO_EXISTE_OUTRO_LINK;Existe no banco (rom_id 377448, source 1): https://huggingface.co/datasets/luisluis123/ps2chd/resolve/main/TY the Tasmanian Tiger (USA) (En,Fr,De,Es).chd
ps2_chd0.html;UEFA Champions League 2006-2007.chd;https://archive.org/download/ps2-redump-usa-chd-part-U/UEFA Champions League 2006-2007 (USA).chd;;JOGO_EXISTE_OUTRO_LINK;Existe no banco (rom_id 377560, source 1): https://huggingface.co/datasets/luisluis123/ps2chd/resolve/main/UEFA Champions League 2006-2007 (USA).chd
ps2_chd0.html;UEFA Euro 2004 - Portugal.chd;https://archive.org/download/ps2-redump-usa-chd-part-U/UEFA Euro 2004 - Portugal (USA) (En,Es).chd;;JOGO_EXISTE_OUTRO_LINK;Existe no banco (rom_id 377561, source 1): https://huggingface.co/datasets/luisluis123/ps2chd/resolve/main/UEFA Euro 2004 - Portugal (USA) (En,Es).chd
ps2_chd0.html;UEFA Euro 2008 - Austria-Switzerland.chd;https://archive.org/download/ps2-redump-usa-chd-part-U/UEFA Euro 2008 - Austria-Switzerland (USA).chd;;JOGO_EXISTE_OUTRO_LINK;Existe no banco (rom_id 377562, source 1): https://huggingface.co/datasets/luisluis123/ps2chd/resolve/main/UEFA Euro 2008 - Austria-Switzerland (USA).chd
ps2_chd0.html;UFC - Throwdown.chd;https://archive.org/download/ps2-redump-usa-chd-part-U/UFC - Throwdown (USA).chd;410.88 MiB;JOGO_EXISTE_OUTRO_LINK;Existe no banco (rom_id 377563, source 1): https://huggingface.co/datasets/luisluis123/ps2chd/resolve/main/UFC - Throwdown (USA).chd
ps2_chd0.html;UFC - Ultimate Fighting Championship - Sudden Impact.chd;https://archive.org/download/ps2-redump-usa-chd-part-U/UFC - Ultimate Fighting Championship - Sudden Impact (USA).chd;1.31 GiB;JOGO_EXISTE_OUTRO_LINK;Existe no banco (rom_id 377564, source 1): https://huggingface.co/datasets/luisluis123/ps2chd/resolve/main/UFC - Ultimate Fighting Championship - Sudden Impact (USA).chd
ps2_chd0.html;Ultimate Board Game Collection.chd;https://archive.org/download/ps2-redump-usa-chd-part-U/Ultimate Board Game Collection (USA).chd;;JOGO_EXISTE_OUTRO_LINK;Existe no banco (rom_id 377565, source 1): https://huggingface.co/datasets/luisluis123/ps2chd/resolve/main/Ultimate Board Game Collection (USA).chd
ps2_chd0.html;Ultimate Spider-Man.chd;https://archive.org/download/ps2-redump-usa-chd-part-U/Ultimate Spider-Man (USA).chd;;JOGO_EXISTE_OUTRO_LINK;Existe no banco (rom_id 377566, source 1): https://huggingface.co/datasets/luisluis123/ps2chd/resolve/main/Ultimate Spider-Man (USA) (Limited Edition).chd
ps2_chd0.html;Under the Skin.chd;https://archive.org/download/ps2-redump-usa-chd-part-U/Under the Skin (USA).chd;;JOGO_EXISTE_OUTRO_LINK;Existe no banco (rom_id 377568, source 1): https://huggingface.co/datasets/luisluis123/ps2chd/resolve/main/Under the Skin (USA).chd
ps2_chd0.html;Unison - Rebels of Rhythm & Dance.chd;https://archive.org/download/ps2-redump-usa-chd-part-U/Unison - Rebels of Rhythm & Dance (USA).chd;;JOGO_EXISTE_OUTRO_LINK;Existe no banco (rom_id 377569, source 1): https://huggingface.co/datasets/luisluis123/ps2chd/resolve/main/Unison - Rebels of Rhythm & Dance (USA).chd
ps2_chd0.html;Unlimited Saga.chd;https://archive.org/download/ps2-redump-usa-chd-part-U/Unlimited Saga (USA).chd;;JOGO_EXISTE_OUTRO_LINK;Existe no banco (rom_id 377570, source 1): https://huggingface.co/datasets/luisluis123/ps2chd/resolve/main/Unlimited Saga (USA).chd
ps2_chd0.html;Unreal Tournament.chd;https://archive.org/download/ps2-redump-usa-chd-part-U/Unreal Tournament (USA).chd;;JOGO_EXISTE_OUTRO_LINK;Existe no banco (rom_id 377571, source 1): https://huggingface.co/datasets/luisluis123/ps2chd/resolve/main/Unreal Tournament (USA).chd
ps2_chd0.html;Urban Chaos - Riot Response.chd;https://archive.org/download/ps2-redump-usa-chd-part-U/Urban Chaos - Riot Response (USA).chd;;JOGO_EXISTE_OUTRO_LINK;Existe no banco (rom_id 377572, source 1): https://huggingface.co/datasets/luisluis123/ps2chd/resolve/main/Urban Chaos - Riot Response (USA).chd
ps2_chd0.html;Urban Reign.chd;https://archive.org/download/ps2-redump-usa-chd-part-U/Urban Reign (USA).chd;;JOGO_EXISTE_OUTRO_LINK;Existe no banco (rom_id 377573, source 1): https://huggingface.co/datasets/luisluis123/ps2chd/resolve/main/Urban Reign (USA).chd
ps2_chd0.html;Urbz, The - Sims in the City.chd;https://archive.org/download/ps2-redump-usa-chd-part-U/Urbz, The - Sims in the City (USA).chd;940.61 MiB;JOGO_EXISTE_OUTRO_LINK;Existe no banco (rom_id 377574, source 1): https://huggingface.co/datasets/luisluis123/ps2chd/resolve/main/Urbz, The - Sims in the City (USA).chd
ps2_chd0.html;V-Rally 3.chd;https://archive.org/download/ps2-redump-usa-chd-part-V/V-Rally 3 (USA).chd;;JOGO_EXISTE_OUTRO_LINK;Existe no banco (rom_id 377575, source 1): https://huggingface.co/datasets/luisluis123/ps2chd/resolve/main/V-Rally 3 (USA).chd
ps2_chd0.html;Valkyrie Profile 2 - Silmeria.chd;https://archive.org/download/ps2-redump-usa-chd-part-V/Valkyrie Profile 2 - Silmeria (USA).chd;;JOGO_EXISTE_OUTRO_LINK;Existe no banco (rom_id 377576, source 1): https://huggingface.co/datasets/luisluis123/ps2chd/resolve/main/Valkyrie Profile 2 - Silmeria (USA).chd
ps2_chd0.html;Vampire Night.chd;https://archive.org/download/ps2-redump-usa-chd-part-V/Vampire Night (USA).chd;;JOGO_EXISTE_OUTRO_LINK;Existe no banco (rom_id 377577, source 1): https://huggingface.co/datasets/luisluis123/ps2chd/resolve/main/Vampire Night (USA).chd
ps2_chd0.html;Van Helsing.chd;https://archive.org/download/ps2-redump-usa-chd-part-V/Van Helsing (USA).chd;;JOGO_EXISTE_OUTRO_LINK;Existe no banco (rom_id 377578, source 1): https://huggingface.co/datasets/luisluis123/ps2chd/resolve/main/Van Helsing (USA).chd
ps2_chd0.html;Vehicular Combat League Presents - Motor Mayhem.chd;https://archive.org/download/ps2-redump-usa-chd-part-V/Vehicular Combat League Presents - Motor Mayhem (USA).chd;873.46 MiB;JOGO_EXISTE_OUTRO_LINK;Existe no banco (rom_id 377579, source 1): https://huggingface.co/datasets/luisluis123/ps2chd/resolve/main/Vehicular Combat League Presents - Motor Mayhem (USA).chd
ps2_chd0.html;Vexx.chd;https://archive.org/download/ps2-redump-usa-chd-part-V/Vexx (USA).chd;;JOGO_EXISTE_OUTRO_LINK;Existe no banco (rom_id 377580, source 1): https://huggingface.co/datasets/luisluis123/ps2chd/resolve/main/Vexx (USA).chd
ps2_chd0.html;Victorious Boxers - Ippo's Road to Glory.chd;https://archive.org/download/ps2-redump-usa-chd-part-V/Victorious Boxers - Ippo's Road to Glory (USA).chd;;JOGO_EXISTE_OUTRO_LINK;Existe no banco (rom_id 377581, source 1): https://huggingface.co/datasets/luisluis123/ps2chd/resolve/main/Victorious Boxers - Ippo's Road to Glory (USA).chd
ps2_chd0.html;Victorious Boxers 2 - Fighting Spirit.chd;https://archive.org/download/ps2-redump-usa-chd-part-V/Victorious Boxers 2 - Fighting Spirit (USA).chd;;JOGO_EXISTE_OUTRO_LINK;Existe no banco (rom_id 377582, source 1): https://huggingface.co/datasets/luisluis123/ps2chd/resolve/main/Victorious Boxers 2 - Fighting Spirit (USA).chd
ps2_chd0.html;Vietcong - Purple Haze.chd;https://archive.org/download/ps2-redump-usa-chd-part-V/Vietcong - Purple Haze (USA).chd;;JOGO_EXISTE_OUTRO_LINK;Existe no banco (rom_id 377583, source 1): https://huggingface.co/datasets/luisluis123/ps2chd/resolve/main/Vietcong - Purple Haze (USA).chd
ps2_chd0.html;Viewtiful Joe 2.chd;https://archive.org/download/ps2-redump-usa-chd-part-V/Viewtiful Joe 2 (USA).chd;;JOGO_EXISTE_OUTRO_LINK;Existe no banco (rom_id 377585, source 1): https://huggingface.co/datasets/luisluis123/ps2chd/resolve/main/Viewtiful Joe 2 (USA).chd
ps2_chd0.html;Viewtiful Joe.chd;https://archive.org/download/ps2-redump-usa-chd-part-V/Viewtiful Joe (USA).chd;;JOGO_EXISTE_OUTRO_LINK;Existe no banco (rom_id 377584, source 1): https://huggingface.co/datasets/luisluis123/ps2chd/resolve/main/Viewtiful Joe (USA).chd
ps2_chd0.html;Virtua Fighter 4 - Evolution.chd;https://archive.org/download/ps2-redump-usa-chd-part-V/Virtua Fighter 4 - Evolution (USA).chd;;JOGO_EXISTE_OUTRO_LINK;Existe no banco (rom_id 377587, source 1): https://huggingface.co/datasets/luisluis123/ps2chd/resolve/main/Virtua Fighter 4 - Evolution (USA).chd
ps2_chd0.html;Virtua Fighter 4.chd;https://archive.org/download/ps2-redump-usa-chd-part-V/Virtua Fighter 4 (USA).chd;;JOGO_EXISTE_OUTRO_LINK;Existe no banco (rom_id 377586, source 1): https://huggingface.co/datasets/luisluis123/ps2chd/resolve/main/Virtua Fighter 4 (USA).chd
ps2_chd0.html;Virtua Quest.chd;https://archive.org/download/ps2-redump-usa-chd-part-V/Virtua Quest (USA).chd;;JOGO_EXISTE_OUTRO_LINK;Existe no banco (rom_id 377588, source 1): https://huggingface.co/datasets/luisluis123/ps2chd/resolve/main/Virtua Quest (USA).chd
ps2_chd0.html;Wakeboarding Unleashed featuring Shaun Murray.chd;https://archive.org/download/ps2-redump-usa-chd-part-W/Wakeboarding Unleashed featuring Shaun Murray (USA).chd;;JOGO_EXISTE_OUTRO_LINK;Existe no banco (rom_id 377603, source 1): https://huggingface.co/datasets/luisluis123/ps2chd/resolve/main/Wakeboarding Unleashed featuring Shaun Murray (USA).chd
ps2_chd0.html;Wallace & Gromit - The Curse of the Were-Rabbit.chd;https://archive.org/download/ps2-redump-usa-chd-part-W/Wallace & Gromit - The Curse of the Were-Rabbit (USA).chd;864.99 MiB;JOGO_EXISTE_OUTRO_LINK;Existe no banco (rom_id 377604, source 1): https://huggingface.co/datasets/luisluis123/ps2chd/resolve/main/Wallace & Gromit - The Curse of the Were-Rabbit (USA).chd
ps2_chd0.html;Wallace & Gromit in Project Zoo.chd;https://archive.org/download/ps2-redump-usa-chd-part-W/Wallace & Gromit in Project Zoo (USA).chd;;JOGO_EXISTE_OUTRO_LINK;Existe no banco (rom_id 377605, source 1): https://huggingface.co/datasets/luisluis123/ps2chd/resolve/main/Wallace & Gromit in Project Zoo (USA).chd
ps2_chd0.html;Walt Disney Pictures Bolt.chd;https://archive.org/download/ps2-redump-usa-chd-part-W/Walt Disney Pictures Bolt (USA).chd;1.63 GiB;JOGO_EXISTE_OUTRO_LINK;Existe no banco (rom_id 377606, source 1): https://huggingface.co/datasets/luisluis123/ps2chd/resolve/main/Walt Disney Pictures Bolt (USA).chd
ps2_chd0.html;Walt Disney Pictures Presents Meet the Robinsons.chd;https://archive.org/download/ps2-redump-usa-chd-part-W/Walt Disney Pictures Presents Meet the Robinsons (USA).chd;1.07 GiB;JOGO_EXISTE_OUTRO_LINK;Existe no banco (rom_id 377607, source 1): https://huggingface.co/datasets/luisluis123/ps2chd/resolve/main/Walt Disney Pictures Presents Meet the Robinsons (USA).chd
ps2_chd0.html;Walt Disney's The Jungle Book - Rhythm n' Groove.chd;https://archive.org/download/ps2-redump-usa-chd-part-W/Walt Disney's The Jungle Book - Rhythm n' Groove (USA).chd;2.64 GiB;JOGO_EXISTE_OUTRO_LINK;Existe no banco (rom_id 377608, source 1): https://huggingface.co/datasets/luisluis123/ps2chd/resolve/main/Walt Disney's The Jungle Book - Rhythm n' Groove (USA).chd
ps2_chd0.html;War of the Monsters.chd;https://archive.org/download/ps2-redump-usa-chd-part-W/War of the Monsters (USA).chd;;JOGO_EXISTE_OUTRO_LINK;Existe no banco (rom_id 377609, source 1): https://huggingface.co/datasets/luisluis123/ps2chd/resolve/main/War of the Monsters (USA).chd
ps2_chd0.html;Warhammer 40,000 - Fire Warrior.chd;https://archive.org/download/ps2-redump-usa-chd-part-W/Warhammer 40,000 - Fire Warrior (USA).chd;;JOGO_EXISTE_OUTRO_LINK;Existe no banco (rom_id 377610, source 1): https://huggingface.co/datasets/luisluis123/ps2chd/resolve/main/Warhammer 40,000 - Fire Warrior (USA).chd
ps2_chd0.html;Warriors of Might and Magic.chd;https://archive.org/download/ps2-redump-usa-chd-part-W/Warriors of Might and Magic (USA).chd;;JOGO_EXISTE_OUTRO_LINK;Existe no banco (rom_id 377613, source 1): https://huggingface.co/datasets/luisluis123/ps2chd/resolve/main/Warriors of Might and Magic (USA).chd
ps2_chd0.html;Warriors Orochi 2.chd;https://archive.org/download/ps2-redump-usa-chd-part-W/Warriors Orochi 2 (USA).chd;;JOGO_EXISTE_OUTRO_LINK;Existe no banco (rom_id 377612, source 1): https://huggingface.co/datasets/luisluis123/ps2chd/resolve/main/Warriors Orochi 2 (USA).chd
ps2_chd0.html;Warriors Orochi.chd;https://archive.org/download/ps2-redump-usa-chd-part-W/Warriors Orochi (USA).chd;;JOGO_EXISTE_OUTRO_LINK;Existe no banco (rom_id 377611, source 1): https://huggingface.co/datasets/luisluis123/ps2chd/resolve/main/Warriors Orochi (USA).chd
ps2_chd0.html;Warriors, The.chd;https://archive.org/download/ps2-redump-usa-chd-part-W/Warriors, The (USA) (En,Fr,De,Es,It).chd;2.64 GiB;JOGO_EXISTE_OUTRO_LINK;Existe no banco (rom_id 377614, source 1): https://huggingface.co/datasets/luisluis123/ps2chd/resolve/main/Warriors, The (USA) (En,Fr,De,Es,It).chd
ps2_chd0.html;Warship Gunner 2.chd;https://archive.org/download/ps2-redump-usa-chd-part-W/Warship Gunner 2 (USA).chd;;JOGO_EXISTE_OUTRO_LINK;Existe no banco (rom_id 377615, source 1): https://huggingface.co/datasets/luisluis123/ps2chd/resolve/main/Warship Gunner 2 (USA).chd
ps2_chd0.html;Wave Rally.chd;https://archive.org/download/ps2-redump-usa-chd-part-W/Wave Rally (USA).chd;;JOGO_EXISTE_OUTRO_LINK;Existe no banco (rom_id 377616, source 1): https://huggingface.co/datasets/luisluis123/ps2chd/resolve/main/Wave Rally (USA).chd
ps2_chd0.html;Way of the Samurai 2.chd;https://archive.org/download/ps2-redump-usa-chd-part-W/Way of the Samurai 2 (USA).chd;;JOGO_EXISTE_OUTRO_LINK;Existe no banco (rom_id 377618, source 1): https://huggingface.co/datasets/luisluis123/ps2chd/resolve/main/Way of the Samurai 2 (USA).chd
ps2_chd0.html;Way of the Samurai.chd;https://archive.org/download/ps2-redump-usa-chd-part-W/Way of the Samurai (USA).chd;;JOGO_EXISTE_OUTRO_LINK;Existe no banco (rom_id 377617, source 1): https://huggingface.co/datasets/luisluis123/ps2chd/resolve/main/Way of the Samurai (USA).chd
ps2_chd0.html;We Love Katamari.chd;https://archive.org/download/ps2-redump-usa-chd-part-W/We Love Katamari (USA).chd;;JOGO_EXISTE_OUTRO_LINK;Existe no banco (rom_id 377619, source 1): https://huggingface.co/datasets/luisluis123/ps2chd/resolve/main/We Love Katamari (USA).chd
ps2_chd0.html;Wheel of Fortune.chd;https://archive.org/download/ps2-redump-usa-chd-part-W/Wheel of Fortune (USA).chd;;JOGO_EXISTE_OUTRO_LINK;Existe no banco (rom_id 377620, source 1): https://huggingface.co/datasets/luisluis123/ps2chd/resolve/main/Wheel of Fortune (USA).chd
ps2_chd0.html;Whiplash.chd;https://archive.org/download/ps2-redump-usa-chd-part-W/Whiplash (USA).chd;;JOGO_EXISTE_OUTRO_LINK;Existe no banco (rom_id 377621, source 1): https://huggingface.co/datasets/luisluis123/ps2chd/resolve/main/Whiplash (USA).chd
ps2_chd0.html;Whirl Tour.chd;https://archive.org/download/ps2-redump-usa-chd-part-W/Whirl Tour (USA).chd;;JOGO_EXISTE_OUTRO_LINK;Existe no banco (rom_id 377622, source 1): https://huggingface.co/datasets/luisluis123/ps2chd/resolve/main/Whirl Tour (USA).chd
ps2_chd0.html;Whiteout.chd;https://archive.org/download/ps2-redump-usa-chd-part-W/Whiteout (USA).chd;;JOGO_EXISTE_OUTRO_LINK;Existe no banco (rom_id 377623, source 1): https://huggingface.co/datasets/luisluis123/ps2chd/resolve/main/Whiteout (USA).chd
ps2_chd0.html;Wild Arms - Alter Code - F.chd;https://archive.org/download/ps2-redump-usa-chd-part-W/Wild Arms - Alter Code - F (USA).chd;;JOGO_EXISTE_OUTRO_LINK;Existe no banco (rom_id 377624, source 1): https://huggingface.co/datasets/luisluis123/ps2chd/resolve/main/Wild Arms - Alter Code - F (USA).chd
ps2_chd0.html;Wild Arms 3.chd;https://archive.org/download/ps2-redump-usa-chd-part-W/Wild Arms 3 (USA).chd;;JOGO_EXISTE_OUTRO_LINK;Existe no banco (rom_id 377625, source 1): https://huggingface.co/datasets/luisluis123/ps2chd/resolve/main/Wild Arms 3 (USA).chd
ps2_chd0.html;Wild Arms 4.chd;https://archive.org/download/ps2-redump-usa-chd-part-W/Wild Arms 4 (USA).chd;;JOGO_EXISTE_OUTRO_LINK;Existe no banco (rom_id 377626, source 1): https://huggingface.co/datasets/luisluis123/ps2chd/resolve/main/Wild Arms 4 (USA).chd
ps2_chd0.html;Wild Arms 5.chd;https://archive.org/download/ps2-redump-usa-chd-part-W/Wild Arms 5 (USA).chd;;JOGO_EXISTE_OUTRO_LINK;Existe no banco (rom_id 377627, source 1): https://huggingface.co/datasets/luisluis123/ps2chd/resolve/main/Wild Arms 5 (USA).chd
ps2_chd0.html;Wild Wild Racing.chd;https://archive.org/download/ps2-redump-usa-chd-part-W/Wild Wild Racing (USA).chd;;JOGO_EXISTE_OUTRO_LINK;Existe no banco (rom_id 377628, source 1): https://huggingface.co/datasets/luisluis123/ps2chd/resolve/main/Wild Wild Racing (USA).chd
ps2_chd0.html;WinBack - Covert Operations.chd;https://archive.org/download/ps2-redump-usa-chd-part-W/WinBack - Covert Operations (USA) (En,Ja).chd;;JOGO_EXISTE_OUTRO_LINK;Existe no banco (rom_id 377629, source 1): https://huggingface.co/datasets/luisluis123/ps2chd/resolve/main/WinBack - Covert Operations (USA) (En,Ja).chd
ps2_chd0.html;WinBack 2 - Project Poseidon.chd;https://archive.org/download/ps2-redump-usa-chd-part-W/WinBack 2 - Project Poseidon (USA).chd;;JOGO_EXISTE_OUTRO_LINK;Existe no banco (rom_id 377630, source 1): https://huggingface.co/datasets/luisluis123/ps2chd/resolve/main/WinBack 2 - Project Poseidon (USA).chd
ps2_chd0.html;Winning Eleven - Pro Evolution Soccer 2007.chd;https://archive.org/download/ps2-redump-usa-chd-part-W/Winning Eleven - Pro Evolution Soccer 2007 (USA) (En,Fr,De,Es,It).chd;;JOGO_EXISTE_OUTRO_LINK;Existe no banco (rom_id 377631, source 1): https://huggingface.co/datasets/luisluis123/ps2chd/resolve/main/Winning Eleven - Pro Evolution Soccer 2007 (USA) (En,Fr,De,Es,It).chd
ps2_chd0.html;Winter Sports 2 - The Next Challenge.chd;https://archive.org/download/ps2-redump-usa-chd-part-W/Winter Sports 2 - The Next Challenge (USA) (En,Fr).chd;789.42 MiB;JOGO_EXISTE_OUTRO_LINK;Existe no banco (rom_id 377632, source 1): https://huggingface.co/datasets/luisluis123/ps2chd/resolve/main/Winter Sports 2 - The Next Challenge (USA) (En,Fr).chd
ps2_chd0.html;Winter Sports 2008 - The Ultimate Challenge.chd;https://archive.org/download/ps2-redump-usa-chd-part-W/Winter Sports 2008 - The Ultimate Challenge (USA) (En,Fr).chd;;JOGO_EXISTE_OUTRO_LINK;Existe no banco (rom_id 377633, source 1): https://huggingface.co/datasets/luisluis123/ps2chd/resolve/main/Winter Sports 2008 - The Ultimate Challenge (USA) (En,Fr).chd
ps2_chd0.html;Winter X Games Snowboarding 2002.chd;https://archive.org/download/ps2-redump-usa-chd-part-W/Winter X Games Snowboarding 2002 (USA).chd;1.66 GiB;JOGO_EXISTE_OUTRO_LINK;Existe no banco (rom_id 377634, source 1): https://huggingface.co/datasets/luisluis123/ps2chd/resolve/main/Winter X Games Snowboarding 2002 (USA).chd
ps2_chd0.html;WipEout Fusion.chd;https://archive.org/download/ps2-redump-usa-chd-part-W/WipEout Fusion (USA).chd;;JOGO_EXISTE_OUTRO_LINK;Existe no banco (rom_id 377635, source 1): https://huggingface.co/datasets/luisluis123/ps2chd/resolve/main/WipEout Fusion (USA).chd
ps2_chd0.html;Without Warning.chd;https://archive.org/download/ps2-redump-usa-chd-part-W/Without Warning (USA) (En,Fr,Es).chd;;JOGO_EXISTE_OUTRO_LINK;Existe no banco (rom_id 377636, source 1): https://huggingface.co/datasets/luisluis123/ps2chd/resolve/main/Without Warning (USA) (En,Fr,Es).chd
ps2_chd0.html;Wizardry - Tale of the Forsaken Land.chd;https://archive.org/download/ps2-redump-usa-chd-part-W/Wizardry - Tale of the Forsaken Land (USA).chd;;JOGO_EXISTE_OUTRO_LINK;Existe no banco (rom_id 377637, source 1): https://huggingface.co/datasets/luisluis123/ps2chd/resolve/main/Wizardry - Tale of the Forsaken Land (USA).chd
ps2_chd0.html;Women's Volleyball Championship.chd;https://archive.org/download/ps2-redump-usa-chd-part-W/Women's Volleyball Championship (USA).chd;;JOGO_EXISTE_OUTRO_LINK;Existe no banco (rom_id 377638, source 1): https://huggingface.co/datasets/luisluis123/ps2chd/resolve/main/Women's Volleyball Championship (USA).chd
ps2_chd0.html;Woody Woodpecker.chd;https://archive.org/download/ps2-redump-usa-chd-part-W/Woody Woodpecker (USA).chd;222.30 MiB;JOGO_EXISTE_OUTRO_LINK;Existe no banco (rom_id 377639, source 1): https://huggingface.co/datasets/luisluis123/ps2chd/resolve/main/Woody Woodpecker (USA).chd
ps2_chd0.html;World Championship Cards.chd;https://archive.org/download/ps2-redump-usa-chd-part-W/World Championship Cards (USA).chd;;JOGO_EXISTE_OUTRO_LINK;Existe no banco (rom_id 377640, source 1): https://huggingface.co/datasets/luisluis123/ps2chd/resolve/main/World Championship Cards (USA).chd
ps2_chd0.html;World Championship Paintball.chd;https://archive.org/download/ps2-redump-usa-chd-part-W/World Championship Paintball (USA).chd;;JOGO_EXISTE_OUTRO_LINK;Existe no banco (rom_id 377641, source 1): https://huggingface.co/datasets/luisluis123/ps2chd/resolve/main/World Championship Paintball (USA).chd
ps2_chd0.html;World Championship Poker 2 featuring Howard Lederer.chd;https://archive.org/download/ps2-redump-usa-chd-part-W/World Championship Poker 2 featuring Howard Lederer (USA).chd;;JOGO_EXISTE_OUTRO_LINK;Existe no banco (rom_id 377643, source 1): https://huggingface.co/datasets/luisluis123/ps2chd/resolve/main/World Championship Poker 2 featuring Howard Lederer (USA).chd
ps2_chd0.html;World Championship Poker featuring Howard Lederer - All In.chd;https://archive.org/download/ps2-redump-usa-chd-part-W/World Championship Poker featuring Howard Lederer - All In (USA).chd;;JOGO_EXISTE_OUTRO_LINK;Existe no banco (rom_id 377644, source 1): https://huggingface.co/datasets/luisluis123/ps2chd/resolve/main/World Championship Poker featuring Howard Lederer - All In (USA).chd
ps2_chd0.html;World Championship Poker.chd;https://archive.org/download/ps2-redump-usa-chd-part-W/World Championship Poker (USA).chd;;JOGO_EXISTE_OUTRO_LINK;Existe no banco (rom_id 377642, source 1): https://huggingface.co/datasets/luisluis123/ps2chd/resolve/main/World Championship Poker (USA).chd
ps2_chd0.html;World Championship Pool 2004.chd;https://archive.org/download/ps2-redump-usa-chd-part-W/World Championship Pool 2004 (USA).chd;;JOGO_EXISTE_OUTRO_LINK;Existe no banco (rom_id 377645, source 1): https://huggingface.co/datasets/luisluis123/ps2chd/resolve/main/World Championship Pool 2004 (USA).chd
ps2_chd0.html;World Destruction League - Thunder Tanks.chd;https://archive.org/download/ps2-redump-usa-chd-part-W/World Destruction League - Thunder Tanks (USA).chd;;JOGO_EXISTE_OUTRO_LINK;Existe no banco (rom_id 377646, source 1): https://huggingface.co/datasets/luisluis123/ps2chd/resolve/main/World Destruction League - Thunder Tanks (USA).chd
ps2_chd0.html;World Destruction League - WarJetz.chd;https://archive.org/download/ps2-redump-usa-chd-part-W/World Destruction League - WarJetz (USA).chd;1.11 GiB;JOGO_EXISTE_OUTRO_LINK;Existe no banco (rom_id 377647, source 1): https://huggingface.co/datasets/luisluis123/ps2chd/resolve/main/World Destruction League - WarJetz (USA).chd
ps2_chd0.html;World Heroes Anthology.chd;https://archive.org/download/ps2-redump-usa-chd-part-W/World Heroes Anthology (USA).chd;;JOGO_EXISTE_OUTRO_LINK;Existe no banco (rom_id 377648, source 1): https://huggingface.co/datasets/luisluis123/ps2chd/resolve/main/World Heroes Anthology (USA).chd
ps2_chd0.html;World of Outlaws - Sprint Cars 2002.chd;https://archive.org/download/ps2-redump-usa-chd-part-W/World of Outlaws - Sprint Cars 2002 (USA).chd;;JOGO_EXISTE_OUTRO_LINK;Existe no banco (rom_id 377662, source 1): https://huggingface.co/datasets/luisluis123/ps2chd/resolve/main/World of Outlaws - Sprint Cars 2002 (USA).chd
ps2_chd0.html;World Poker Tour.chd;https://archive.org/download/ps2-redump-usa-chd-part-W/World Poker Tour (USA).chd;;JOGO_EXISTE_OUTRO_LINK;Existe no banco (rom_id 377649, source 1): https://huggingface.co/datasets/luisluis123/ps2chd/resolve/main/World Poker Tour (USA).chd
ps2_chd0.html;World Series Baseball 2K3.chd;https://archive.org/download/ps2-redump-usa-chd-part-W/World Series Baseball 2K3 (USA).chd;;JOGO_EXISTE_OUTRO_LINK;Existe no banco (rom_id 377650, source 1): https://huggingface.co/datasets/luisluis123/ps2chd/resolve/main/World Series Baseball 2K3 (USA).chd
ps2_chd0.html;World Series of Poker - Tournament of Champions - 2007 Edition.chd;https://archive.org/download/ps2-redump-usa-chd-part-W/World Series of Poker - Tournament of Champions - 2007 Edition (USA).chd;1.04 GiB;JOGO_EXISTE_OUTRO_LINK;Existe no banco (rom_id 377652, source 1): https://huggingface.co/datasets/luisluis123/ps2chd/resolve/main/World Series of Poker - Tournament of Champions - 2007 Edition (USA).chd
ps2_chd0.html;World Series of Poker 2008 - Battle for the Bracelets.chd;https://archive.org/download/ps2-redump-usa-chd-part-W/World Series of Poker 2008 - Battle for the Bracelets (USA).chd;;JOGO_EXISTE_OUTRO_LINK;Existe no banco (rom_id 377653, source 1): https://huggingface.co/datasets/luisluis123/ps2chd/resolve/main/World Series of Poker 2008 - Battle for the Bracelets (USA).chd
ps2_chd0.html;World Series of Poker.chd;https://archive.org/download/ps2-redump-usa-chd-part-W/World Series of Poker (USA).chd;;JOGO_EXISTE_OUTRO_LINK;Existe no banco (rom_id 377651, source 1): https://huggingface.co/datasets/luisluis123/ps2chd/resolve/main/World Series of Poker (USA).chd
ps2_chd0.html;World Soccer Winning Eleven 6 - International.chd;https://archive.org/download/ps2-redump-usa-chd-part-W/World Soccer Winning Eleven 6 - International (USA).chd;;JOGO_EXISTE_OUTRO_LINK;Existe no banco (rom_id 377654, source 1): https://huggingface.co/datasets/luisluis123/ps2chd/resolve/main/World Soccer Winning Eleven 6 - International (USA).chd
ps2_chd0.html;World Soccer Winning Eleven 7 - International.chd;https://archive.org/download/ps2-redump-usa-chd-part-W/World Soccer Winning Eleven 7 - International (USA) (En,Es).chd;;JOGO_EXISTE_OUTRO_LINK;Existe no banco (rom_id 377655, source 1): https://huggingface.co/datasets/luisluis123/ps2chd/resolve/main/World Soccer Winning Eleven 7 - International (USA) (En,Es).chd
ps2_chd0.html;World Soccer Winning Eleven 8 - International.chd;https://archive.org/download/ps2-redump-usa-chd-part-W/World Soccer Winning Eleven 8 - International (USA) (En,Es).chd;;JOGO_EXISTE_OUTRO_LINK;Existe no banco (rom_id 377656, source 1): https://huggingface.co/datasets/luisluis123/ps2chd/resolve/main/World Soccer Winning Eleven 8 - International (USA) (En,Es).chd
ps2_chd0.html;World Soccer Winning Eleven 9.chd;https://archive.org/download/ps2-redump-usa-chd-part-W/World Soccer Winning Eleven 9 (USA) (En,Es).chd;;JOGO_EXISTE_OUTRO_LINK;Existe no banco (rom_id 377657, source 1): https://huggingface.co/datasets/luisluis123/ps2chd/resolve/main/World Soccer Winning Eleven 9 (USA) (En,Es).chd
ps2_chd0.html;World Tour Soccer 2002.chd;https://archive.org/download/ps2-redump-usa-chd-part-W/World Tour Soccer 2002 (USA).chd;;JOGO_EXISTE_OUTRO_LINK;Existe no banco (rom_id 377658, source 1): https://huggingface.co/datasets/luisluis123/ps2chd/resolve/main/World Tour Soccer 2002 (USA).chd
ps2_chd0.html;World Tour Soccer 2003.chd;https://archive.org/download/ps2-redump-usa-chd-part-W/World Tour Soccer 2003 (USA) (En,Fr,De,Es,It,Nl,Pt).chd;;JOGO_EXISTE_OUTRO_LINK;Existe no banco (rom_id 377659, source 1): https://huggingface.co/datasets/luisluis123/ps2chd/resolve/main/World Tour Soccer 2003 (USA) (En,Fr,De,Es,It,Nl,Pt).chd
ps2_chd0.html;World Tour Soccer 2005.chd;https://archive.org/download/ps2-redump-usa-chd-part-W/World Tour Soccer 2005 (USA) (En,Fr,Es,It).chd;;JOGO_EXISTE_OUTRO_LINK;Existe no banco (rom_id 377660, source 1): https://huggingface.co/datasets/luisluis123/ps2chd/resolve/main/World Tour Soccer 2005 (USA) (En,Fr,Es,It).chd
ps2_chd0.html;World Tour Soccer 2006.chd;https://archive.org/download/ps2-redump-usa-chd-part-W/World Tour Soccer 2006 (USA) (En,Fr,Es,It).chd;;JOGO_EXISTE_OUTRO_LINK;Existe no banco (rom_id 377661, source 1): https://huggingface.co/datasets/luisluis123/ps2chd/resolve/main/World Tour Soccer 2006 (USA) (En,Fr,Es,It).chd
ps2_chd0.html;Worms 3D.chd;https://archive.org/download/ps2-redump-usa-chd-part-W/Worms 3D (USA) (En,Fr).chd;;JOGO_EXISTE_OUTRO_LINK;Existe no banco (rom_id 377663, source 1): https://huggingface.co/datasets/luisluis123/ps2chd/resolve/main/Worms 3D (USA) (En,Fr).chd
ps2_chd0.html;Worms Forts - Under Siege.chd;https://archive.org/download/ps2-redump-usa-chd-part-W/Worms Forts - Under Siege (USA) (En,Fr).chd;;JOGO_EXISTE_OUTRO_LINK;Existe no banco (rom_id 377664, source 1): https://huggingface.co/datasets/luisluis123/ps2chd/resolve/main/Worms Forts - Under Siege (USA) (En,Fr).chd
ps2_chd0.html;Wrath Unleashed.chd;https://archive.org/download/ps2-redump-usa-chd-part-W/Wrath Unleashed (USA).chd;;JOGO_EXISTE_OUTRO_LINK;Existe no banco (rom_id 377665, source 1): https://huggingface.co/datasets/luisluis123/ps2chd/resolve/main/Wrath Unleashed (USA).chd
ps2_chd0.html;WRC - World Rally Championship.chd;https://archive.org/download/ps2-redump-usa-chd-part-W/WRC - World Rally Championship (USA).chd;2.50 GiB;JOGO_EXISTE_OUTRO_LINK;Existe no banco (rom_id 377589, source 1): https://huggingface.co/datasets/luisluis123/ps2chd/resolve/main/WRC - World Rally Championship (USA).chd
ps2_chd0.html;Wreckless - The Yakuza Missions.chd;https://archive.org/download/ps2-redump-usa-chd-part-W/Wreckless - The Yakuza Missions (USA).chd;;JOGO_EXISTE_OUTRO_LINK;Existe no banco (rom_id 377666, source 1): https://huggingface.co/datasets/luisluis123/ps2chd/resolve/main/Wreckless - The Yakuza Missions (USA).chd
ps2_chd0.html;WTA Tour Tennis.chd;https://archive.org/download/ps2-redump-usa-chd-part-W/WTA Tour Tennis (USA).chd;;JOGO_EXISTE_OUTRO_LINK;Existe no banco (rom_id 377590, source 1): https://huggingface.co/datasets/luisluis123/ps2chd/resolve/main/WTA Tour Tennis (USA).chd
ps2_chd0.html;WWE All Stars.chd;https://archive.org/download/ps2-redump-usa-chd-part-W/WWE All Stars (USA) (En,Fr,De,Es,It).chd;;JOGO_EXISTE_OUTRO_LINK;Existe no banco (rom_id 377591, source 1): https://huggingface.co/datasets/luisluis123/ps2chd/resolve/main/WWE All Stars (USA) (En,Fr,De,Es,It).chd
ps2_chd0.html;WWE Crush Hour.chd;https://archive.org/download/ps2-redump-usa-chd-part-W/WWE Crush Hour (USA).chd;;JOGO_EXISTE_OUTRO_LINK;Existe no banco (rom_id 377592, source 1): https://huggingface.co/datasets/luisluis123/ps2chd/resolve/main/WWE Crush Hour (USA).chd
ps2_chd0.html;WWE SmackDown vs. Raw 2007.chd;https://archive.org/download/ps2-redump-usa-chd-part-W/WWE SmackDown vs. Raw 2007 (USA).chd;3.29 GiB;JOGO_EXISTE_OUTRO_LINK;Existe no banco (rom_id 377593, source 1): https://huggingface.co/datasets/luisluis123/ps2chd/resolve/main/WWE SmackDown vs. Raw 2007 (USA).chd
ps2_chd0.html;WWE SmackDown vs. Raw 2008.chd;https://archive.org/download/ps2-redump-usa-chd-part-W/WWE SmackDown vs. Raw 2008 (USA).chd;2.89 GiB;JOGO_EXISTE_OUTRO_LINK;Existe no banco (rom_id 377594, source 1): https://huggingface.co/datasets/luisluis123/ps2chd/resolve/main/WWE SmackDown vs. Raw 2008 (USA).chd
ps2_chd0.html;WWE SmackDown vs. Raw 2009.chd;https://archive.org/download/ps2-redump-usa-chd-part-W/WWE SmackDown vs. Raw 2009 (USA) (En,Fr).chd;2.55 GiB;JOGO_EXISTE_OUTRO_LINK;Existe no banco (rom_id 377595, source 1): https://huggingface.co/datasets/luisluis123/ps2chd/resolve/main/WWE SmackDown vs. Raw 2009 (USA) (En,Fr).chd
ps2_chd0.html;WWE SmackDown vs. Raw 2010.chd;https://archive.org/download/ps2-redump-usa-chd-part-W/WWE SmackDown vs. Raw 2010 (USA) (En,Fr,Es).chd;3.18 GiB;JOGO_EXISTE_OUTRO_LINK;Existe no banco (rom_id 377596, source 1): https://huggingface.co/datasets/luisluis123/ps2chd/resolve/main/WWE SmackDown vs. Raw 2010 (USA) (En,Fr,Es).chd
ps2_chd0.html;WWE SmackDown vs. Raw 2011.chd;https://archive.org/download/ps2-redump-usa-chd-part-W/WWE SmackDown vs. Raw 2011 (USA) (En,Fr,Es).chd;2.72 GiB;JOGO_EXISTE_OUTRO_LINK;Existe no banco (rom_id 377597, source 1): https://huggingface.co/datasets/luisluis123/ps2chd/resolve/main/WWE SmackDown vs. Raw 2011 (USA) (En,Fr,Es).chd
ps2_chd0.html;WWE SmackDown! Here Comes the Pain.chd;https://archive.org/download/ps2-redump-usa-chd-part-W/WWE SmackDown! Here Comes the Pain (USA).chd;;JOGO_EXISTE_OUTRO_LINK;Existe no banco (rom_id 377598, source 1): https://huggingface.co/datasets/luisluis123/ps2chd/resolve/main/WWE SmackDown! Here Comes the Pain (USA).chd
ps2_chd0.html;WWE SmackDown! Shut Your Mouth.chd;https://archive.org/download/ps2-redump-usa-chd-part-W/WWE SmackDown! Shut Your Mouth (USA).chd;;JOGO_EXISTE_OUTRO_LINK;Existe no banco (rom_id 377599, source 1): https://huggingface.co/datasets/luisluis123/ps2chd/resolve/main/WWE SmackDown! Shut Your Mouth (USA).chd
ps2_chd0.html;WWE SmackDown! vs. Raw 2006.chd;https://archive.org/download/ps2-redump-usa-chd-part-W/WWE SmackDown! vs. Raw 2006 (USA).chd;2.79 GiB;JOGO_EXISTE_OUTRO_LINK;Existe no banco (rom_id 377601, source 1): https://huggingface.co/datasets/luisluis123/ps2chd/resolve/main/WWE SmackDown! vs. Raw 2006 (USA).chd
ps2_chd0.html;WWE SmackDown! vs. Raw.chd;https://archive.org/download/ps2-redump-usa-chd-part-W/WWE SmackDown! vs. Raw (USA).chd;2.39 GiB;JOGO_EXISTE_OUTRO_LINK;Existe no banco (rom_id 377600, source 1): https://huggingface.co/datasets/luisluis123/ps2chd/resolve/main/WWE SmackDown! vs. Raw (USA).chd
ps2_chd0.html;WWF SmackDown! Just Bring It.chd;https://archive.org/download/ps2-redump-usa-chd-part-W/WWF SmackDown! Just Bring It (USA).chd;;JOGO_EXISTE_OUTRO_LINK;Existe no banco (rom_id 377602, source 1): https://huggingface.co/datasets/luisluis123/ps2chd/resolve/main/WWF SmackDown! Just Bring It (USA).chd
ps2_chd0.html;Yakuza 2.chd;https://archive.org/download/ps2-redump-usa-chd-part-Y/Yakuza 2 (USA).chd;;JOGO_EXISTE_OUTRO_LINK;Existe no banco (rom_id 377685, source 1): https://huggingface.co/datasets/luisluis123/ps2chd/resolve/main/Yakuza 2 (USA).chd
ps2_chd0.html;Yakuza.chd;https://archive.org/download/ps2-redump-usa-chd-part-Y/Yakuza (USA).chd;;JOGO_EXISTE_OUTRO_LINK;Existe no banco (rom_id 377684, source 1): https://huggingface.co/datasets/luisluis123/ps2chd/resolve/main/Yakuza (USA).chd
ps2_chd0.html;Yanya Caballista - City Skater.chd;https://archive.org/download/ps2-redump-usa-chd-part-Y/Yanya Caballista - City Skater (USA).chd;;JOGO_EXISTE_OUTRO_LINK;Existe no banco (rom_id 377686, source 1): https://huggingface.co/datasets/luisluis123/ps2chd/resolve/main/Yanya Caballista - City Skater (USA).chd
ps2_chd0.html;Yourself!Fitness.chd;https://archive.org/download/ps2-redump-usa-chd-part-Y/Yourself!Fitness (USA).chd;;JOGO_EXISTE_OUTRO_LINK;Existe no banco (rom_id 377687, source 1): https://huggingface.co/datasets/luisluis123/ps2chd/resolve/main/Yourself!Fitness (USA).chd
ps2_chd0.html;Ys - The Ark of Napishtim.chd;https://archive.org/download/ps2-redump-usa-chd-part-Y/Ys - The Ark of Napishtim (USA) (En,Ja).chd;;JOGO_EXISTE_OUTRO_LINK;Existe no banco (rom_id 377688, source 1): https://huggingface.co/datasets/luisluis123/ps2chd/resolve/main/Ys - The Ark of Napishtim (USA) (En,Ja).chd
ps2_chd0.html;Yu Yu Hakusho - Dark Tournament.chd;https://archive.org/download/ps2-redump-usa-chd-part-Y/Yu Yu Hakusho - Dark Tournament (USA).chd;;JOGO_EXISTE_OUTRO_LINK;Existe no banco (rom_id 377689, source 1): https://huggingface.co/datasets/luisluis123/ps2chd/resolve/main/Yu Yu Hakusho - Dark Tournament (USA).chd
ps2_chd0.html;Yu-Gi-Oh! Capsule Monster Coliseum.chd;https://archive.org/download/ps2-redump-usa-chd-part-Y/Yu-Gi-Oh! Capsule Monster Coliseum (USA).chd;;JOGO_EXISTE_OUTRO_LINK;Existe no banco (rom_id 377690, source 1): https://huggingface.co/datasets/luisluis123/ps2chd/resolve/main/Yu-Gi-Oh! Capsule Monster Coliseum (USA).chd
ps2_chd0.html;Yu-Gi-Oh! GX - The Beginning of Destiny.chd;https://archive.org/download/ps2-redump-usa-chd-part-Y/Yu-Gi-Oh! GX - The Beginning of Destiny (USA).chd;;JOGO_EXISTE_OUTRO_LINK;Existe no banco (rom_id 377691, source 1): https://huggingface.co/datasets/luisluis123/ps2chd/resolve/main/Yu-Gi-Oh! GX - The Beginning of Destiny (USA).chd
ps2_chd0.html;Yu-Gi-Oh! The Duelists of the Roses.chd;https://archive.org/download/ps2-redump-usa-chd-part-Y/Yu-Gi-Oh! The Duelists of the Roses (USA).chd;;JOGO_EXISTE_OUTRO_LINK;Existe no banco (rom_id 377692, source 1): https://huggingface.co/datasets/luisluis123/ps2chd/resolve/main/Yu-Gi-Oh! The Duelists of the Roses (USA).chd
ps2_patchs.html;Devil May Cry                             3 - Dante's Awakening (Special Edition) (Dublado PT-BR).iso;https://huggingface.co/datasets/luistiagos/ps2/resolve/main/SLES_541.86.Devil%20May%20Cry%203%20-%20Dante%27s%20Awakening%20%28Special%20Edition%29%20%28DUB-LEG-PT-BR%29.iso;4.19 GB;JOGO_EXISTE_OUTRO_LINK;Existe no banco (rom_id 376156, source 1): https://huggingface.co/datasets/luisluis123/ps2chd/resolve/main/Devil May Cry 3 - Dante's Awakening (USA) (En,Ja) (Special Edition).chd
ps2_patchs.html;God of War 2                             (Dublado PT-BR).iso;https://huggingface.co/datasets/luistiagos/ps2/resolve/main/SCUS_974.81.God%20of%20War%202.iso;7.79 GB;JOGO_EXISTE_OUTRO_LINK;Existe no banco (rom_id 399783, source 4): https://huggingface.co/datasets/luisluis123/ps2mod/resolve/main/SCUS_974.81.GOD%20Of%20WAR%202%20%28DUBLADO%29.iso
ps2_patchs.html;HOT WHEELS                             COLLECTION.iso;https://archive.org/download/hot-wheels-collection/HOT%20WHEELS%20COLLECTION.iso;2GB;AUSENTE_TOTAL;Jogo não existe no romsrepository
ps2_patchs.html;Os Cavaleiros                             do Zodíaco (Saint Seiya) 2 em 1 (Dub. e Leg. PT-BR).iso;https://huggingface.co/datasets/luistiagos/ps2/resolve/main/Cavaleiros%20do%20Zodiaco%202%20em%201%20%28PS2%29.iso;4.19 GB;JOGO_EXISTE_OUTRO_LINK;Existe no banco (rom_id 399714, source 4): https://huggingface.co/datasets/luisluis123/ps2mod/resolve/main/Cavaleiros%20do%20Zodiaco%202%20em%201%20%28PS2%29.iso
ps2patchs_futebol.html;PS2-Super Bomba Patch 2026 - Andre Henning.iso;https://huggingface.co/datasets/luistiagos/ps2/resolve/main/PS2-Super%20Bomba%20Patch%202026%20-%20Andre%20Henning.iso;3.20 GB;JOGO_EXISTE_OUTRO_LINK;Existe no banco (rom_id 399084, source 4): https://huggingface.co/luisluis123/ps2mod/resolve/main/PS2-Super%20Bomba%20Patch%202026%20-%20Andre%20Henning.iso
ps2patchs_futebol.html;PES 2008 CAMPEONATO BRASILEIRO OFICIAL.iso;https://huggingface.co/datasets/luistiagos/ps2/resolve/main/SLES_549.13.PES%202008%20CAMPEONATO%20BRASILEIRO%20OFICIAL.iso;2600MB;JOGO_EXISTE_OUTRO_LINK;Existe no banco (rom_id 399172, source 4): https://huggingface.co/luisluis123/ps2mod/resolve/main/SLES_549.13.PES%202008%20CAMPEONATO%20BRASILEIRO%20OFICIAL.iso
ps2patchs_gta_games.html;GTA Dragon Ball Z ISO PS2;https://www.mediafire.com/file/i1q3a4q42mxksos/GTA_Dragon_Ball_Z.iso/file;;AUSENTE_TOTAL;Jogo não existe no romsrepository
ps2patchs_gta_games.html;GTA IV Mod ISO PS2;https://www.mediafire.com/file/b875psh6ll3slh0/GTA_VI_DVD_ISO_PS2.iso/file;;AUSENTE_TOTAL;Jogo não existe no romsrepository
ps2patchs_gta_games.html;GTA Mod Super Man ISO PS2;https://mega.nz/file/88RAmAwY#F6msQG9Y508LM_qlhx20p9g1ZhkJ4Fbng98NPjpjWFw;;AUSENTE_TOTAL;Jogo não existe no romsrepository
ps2patchs_gta_games.html;GTA Rio de Janeiro Brasil ISO PS2;https://huggingface.co/datasets/luistiagos/ps2/resolve/main/SLUS_209.46.GTA%20Rio%20de%20Janeiro%20Brasil.iso;;JOGO_EXISTE_OUTRO_LINK;Existe no banco (rom_id 399801, source 4): https://huggingface.co/datasets/luisluis123/ps2mod/resolve/main/SLUS_209.46.GTA%20Rio%20de%20Janeiro%20Brasil.iso
ps2patchs_gta_games.html;GTA San Andreas (Legendado PT-BR) ISO PS2;https://www.mediafire.com/file/k8h0xfia1e9af51/gta_em_portugues.iso/file;;AUSENTE_TOTAL;Jogo não existe no romsrepository
ps2patchs_gta_games.html;GTA San Andreas PTMG Edition v2 1 ISO PS2;https://drive.google.com/u/0/uc?id=17EIZR9VPfRohDgp89DLqPChQvC-hIUkO&export=download;;AUSENTE_TOTAL;Jogo não existe no romsrepository
ps2patchs_gta_games.html;GTA Sonic Rings ISO PS2;https://drive.google.com/u/0/uc?id=1rxlCbMULInPnXyOMc9uBwbiL7RHtI09-&export=download;;AUSENTE_TOTAL;Jogo não existe no romsrepository
ps2patchs_gta_games.html;GTA Spider City ISO PS2;https://drive.google.com/u/0/uc?id=1r_SnPbzlt5tt-1sq2LTdhNb0rxgC3O7e&export=download;;AUSENTE_TOTAL;Jogo não existe no romsrepository
ps2patchs_gta_games.html;GTA Tropa de Elite 2 ISO PS2;https://www.mediafire.com/file/phwkliw3nhmeyrc/Gta_Tropa_de_Elite_2.iso/file;;AUSENTE_TOTAL;Jogo não existe no romsrepository
ps2patchs_gta_games.html;GTA Tropa de Elite 2023 ISO PS2;https://drive.google.com/u/0/uc?id=1r91VCZkmbXNWjUzSY7p9_KAVvdyfiF4r&export=download;;AUSENTE_TOTAL;Jogo não existe no romsrepository
ps2patchs_gta_games.html;Grand Theft Auto: Gta Mod São Paulo ISO PS2;https://drive.usercontent.google.com/download?id=1P9g-i6k-qlRkkxhZu23UPlGS-k-zgGRR&export=download&authuser=0;;AUSENTE_TOTAL;Jogo não existe no romsrepository
ps2patchs_gta_games.html;Gta Auto San Andreas (v1.03) PT-BR ISO PS2;https://www.mediafire.com/file/k8h0xfia1e9af51/gta_em_portugues.iso/file;;AUSENTE_TOTAL;Jogo não existe no romsrepository
